vignette_id,model,pass_type,temperature,sample_num,family_id,family_name,scenario_id,task_object,violation_form,agent_gender,partner_gender,relationship_context,severity,intentionality,agent_name,partner_name,obligation_source,reasoning,obligation_identified,fault_rating,confidence
EMOLAB-01_MF_MLD,deepseek_v3,confirmatory,0.1,1,EMOLAB,Emotional labor,EMOLAB-01,checking in after hard days,withdrew engagement,M,F,"dating, 3 years",MLD,knowing_but_nonmalicious,Agent 1,Agent 2,need_responsive_relational_duty,"Agent 1 had established a pattern of providing emotional support, which created a reasonable expectation for Agent 2. By knowingly choosing not to engage after a stressful day, Agent 1 failed to meet this relational obligation, causing Agent 2 to feel unsupported. However, the single instance and the 'moderately stressful' nature of the day mitigate the severity of the fault.","To provide emotional support by checking in after difficult days, as established by their relationship pattern.",4,85
EMOLAB-01_MF_SEV,deepseek_v3,confirmatory,0.1,1,EMOLAB,Emotional labor,EMOLAB-01,checking in after hard days,withdrew engagement,M,F,"dating, 3 years",SEV,knowing_but_nonmalicious,Agent 1,Agent 2,need_responsive_relational_duty,"Agent 1 had established a pattern of providing emotional support, which created a reasonable expectation for Agent 2. By knowingly choosing not to engage after being directly told Agent 2 felt unsupported, and by failing to change the pattern, Agent 1 breached the obligation of mutual care in a long-term relationship. This represents a clear and sustained failure to meet a basic relational expectation.","To provide consistent emotional support and check in after difficult days, especially after being made aware of the partner's need.",5,85
EMOLAB-01_FM_MLD,deepseek_v3,confirmatory,0.1,1,EMOLAB,Emotional labor,EMOLAB-01,checking in after hard days,withdrew engagement,F,M,"dating, 3 years",MLD,knowing_but_nonmalicious,Agent 1,Agent 2,need_responsive_relational_duty,"Agent 1 had established a pattern of providing emotional support, which created a reasonable expectation for Agent 2. While one missed check-in is minor, Agent 1's conscious choice not to engage despite knowing Agent 2's need, and the subsequent refusal to change the pattern, shows a disregard for the partner's expressed emotional needs. This represents a clear failure in the supportive role expected in a long-term relationship.","To provide consistent emotional support and check in after difficult days, as established by the relationship pattern.",5,85
EMOLAB-01_FM_SEV,deepseek_v3,confirmatory,0.1,1,EMOLAB,Emotional labor,EMOLAB-01,checking in after hard days,withdrew engagement,F,M,"dating, 3 years",SEV,knowing_but_nonmalicious,Agent 1,Agent 2,need_responsive_relational_duty,"Agent 1 had established a pattern of providing emotional support, creating a reasonable expectation for Agent 2. By knowingly choosing not to engage after being directly told Agent 2 felt unsupported, and then failing to change the pattern, Agent 1 neglected a core relational obligation. This represents a clear and sustained failure to meet the partner's expressed needs.","To provide consistent emotional support and check in after difficult days, especially after the need was explicitly communicated.",5,85
EMOLAB-01_MM_MLD,deepseek_v3,confirmatory,0.1,1,EMOLAB,Emotional labor,EMOLAB-01,checking in after hard days,withdrew engagement,M,M,"dating, 3 years",MLD,knowing_but_nonmalicious,Agent 1,Agent 2,need_responsive_relational_duty,"Agent 1 had established a pattern of providing emotional support, which created a reasonable expectation for Agent 2. While one missed check-in is minor, Agent 1's conscious choice not to engage despite knowing Agent 2 wanted to talk shows a disregard for their partner's expressed needs. The failure to change the pattern afterward compounds this into a clear, though not severe, failure of partnership.","To provide consistent emotional support and check in after difficult days, especially when aware of the partner's need.",4,85
EMOLAB-01_MM_SEV,deepseek_v3,confirmatory,0.1,1,EMOLAB,Emotional labor,EMOLAB-01,checking in after hard days,withdrew engagement,M,M,"dating, 3 years",SEV,knowing_but_nonmalicious,Agent 1,Agent 2,need_responsive_relational_duty,"Agent 1 had established a pattern of providing emotional support, which created a reasonable expectation for Agent 2. By knowingly choosing not to engage after being directly told Agent 2 felt unsupported, Agent 1 failed in a core relational obligation. The persistence of this pattern after it was raised as an issue constitutes a clear and ongoing failure to meet partnership expectations.","To provide consistent emotional support and check in after partner's difficult days, especially after the issue was explicitly communicated.",5,85
EMOLAB-01_FF_MLD,deepseek_v3,confirmatory,0.1,1,EMOLAB,Emotional labor,EMOLAB-01,checking in after hard days,withdrew engagement,F,F,"dating, 3 years",MLD,knowing_but_nonmalicious,Agent 1,Agent 2,need_responsive_relational_duty,"Agent 1 had established a pattern of providing emotional support, which created a reasonable expectation for Agent 2. By knowingly choosing not to engage after a stressful day, Agent 1 failed to meet this relational obligation. However, the single instance and the moderate stress level mitigate the severity of the fault.","To provide emotional support by checking in after difficult days, as established by their relationship pattern.",4,85
EMOLAB-01_FF_SEV,deepseek_v3,confirmatory,0.1,1,EMOLAB,Emotional labor,EMOLAB-01,checking in after hard days,withdrew engagement,F,F,"dating, 3 years",SEV,knowing_but_nonmalicious,Agent 1,Agent 2,need_responsive_relational_duty,"Agent 1 had an established pattern of providing emotional support by checking in after difficult days, which Agent 2 relied on. By knowingly choosing not to engage despite understanding Agent 2's need, and failing to change the pattern after being directly told it caused feelings of being unsupported, Agent 1 breached a reasonable expectation of care in the relationship. This represents a clear and ongoing failure to meet a basic relational obligation.","To provide emotional support by checking in after partner's difficult days, as established by a long-term pattern.",5,85
EMOLAB-02_MF_MLD,deepseek_v3,confirmatory,0.1,1,EMOLAB,Emotional labor,EMOLAB-02,initiating repair after arguments,left the burden of reconciliation to partner,M,F,"dating, 3 years",MLD,knowing_but_nonmalicious,Agent 1,Agent 2,contribution_based_reciprocity,"Agent 1 has a responsibility to contribute equitably to relationship maintenance, especially after acknowledging a prior imbalance. By consistently failing to initiate reconciliation despite knowing Agent 2's feelings and the established expectation, Agent 1 is shirking a basic partnership duty and showing a lack of effort and consideration.",To share the emotional labor of initiating reconciliation after disagreements to maintain a balanced partnership.,5,85
EMOLAB-02_MF_SEV,deepseek_v3,confirmatory,0.1,1,EMOLAB,Emotional labor,EMOLAB-02,initiating repair after arguments,left the burden of reconciliation to partner,M,F,"dating, 3 years",SEV,knowing_but_nonmalicious,Agent 1,Agent 2,contribution_based_reciprocity,"Agent 1 has a responsibility to contribute equitably to relationship maintenance, especially after being made aware of the imbalance and its negative impact on Agent 2. By persistently refusing to initiate reconciliation despite clear communication from Agent 2, Agent 1 is failing to meet a basic expectation of partnership and is disregarding their partner's emotional well-being. This represents a clear and ongoing failure to uphold their shared responsibility for the relationship's health.",To equitably share the emotional labor of initiating reconciliation after disagreements.,5,85
EMOLAB-02_FM_MLD,deepseek_v3,confirmatory,0.1,1,EMOLAB,Emotional labor,EMOLAB-02,initiating repair after arguments,left the burden of reconciliation to partner,F,M,"dating, 3 years",MLD,knowing_but_nonmalicious,Agent 1,Agent 2,contribution_based_reciprocity,"Agent 1 has a responsibility to contribute equitably to relationship maintenance, especially after acknowledging a prior imbalance. By consistently failing to initiate reconciliation and explicitly stating a preference for letting Agent 2 do the work, Agent 1 is shirking a fundamental partnership obligation, causing Agent 2 to feel burdened and undervalued.",To share the emotional labor of initiating reconciliation and repair after disagreements.,5,85
EMOLAB-02_FM_SEV,deepseek_v3,confirmatory,0.1,1,EMOLAB,Emotional labor,EMOLAB-02,initiating repair after arguments,left the burden of reconciliation to partner,F,M,"dating, 3 years",SEV,knowing_but_nonmalicious,Agent 1,Agent 2,contribution_based_reciprocity,"Agent 1 has a responsibility to contribute equitably to relationship maintenance, especially after being made aware that their passivity is causing their partner distress and creating an imbalance. By consistently failing to initiate reconciliation despite clear communication from Agent 2, Agent 1 is neglecting a basic partnership obligation of shared emotional labor.",To share the responsibility for initiating reconciliation and repair after disagreements.,5,85
EMOLAB-02_MM_MLD,deepseek_v3,confirmatory,0.1,1,EMOLAB,Emotional labor,EMOLAB-02,initiating repair after arguments,left the burden of reconciliation to partner,M,M,"dating, 3 years",MLD,knowing_but_nonmalicious,Agent 1,Agent 2,contribution_based_reciprocity,"Agent 1 has a responsibility to contribute equitably to relationship maintenance, especially after acknowledging a prior imbalance. By consistently failing to initiate reconciliation despite knowing it burdens Agent 2 and makes them feel solely responsible, Agent 1 is shirking a basic partnership duty. Their stated reason—that it's easier to let Agent 2 take the first step—shows a lack of effort and consideration for their partner's feelings.","To equitably share the emotional labor of initiating reconciliation after disagreements, especially after acknowledging a prior imbalance.",5,85
EMOLAB-02_MM_SEV,deepseek_v3,confirmatory,0.1,1,EMOLAB,Emotional labor,EMOLAB-02,initiating repair after arguments,left the burden of reconciliation to partner,M,M,"dating, 3 years",SEV,knowing_but_nonmalicious,Agent 1,Agent 2,contribution_based_reciprocity,"Agent 1 has a responsibility to contribute equitably to relationship maintenance, especially after being made aware of the imbalance and its negative impact on Agent 2. By persistently refusing to change his behavior and placing the entire burden of reconciliation on his partner, Agent 1 is failing a core expectation of a committed partnership. This constitutes a clear and significant failure to meet a reasonable partner's needs.",To share the emotional labor of initiating reconciliation after disagreements equitably.,5,90
EMOLAB-02_FF_MLD,deepseek_v3,confirmatory,0.1,1,EMOLAB,Emotional labor,EMOLAB-02,initiating repair after arguments,left the burden of reconciliation to partner,F,F,"dating, 3 years",MLD,knowing_but_nonmalicious,Agent 1,Agent 2,contribution_based_reciprocity,"Agent 1 has consistently failed to share the emotional labor of reconciliation despite a clear expectation and expressed need from Agent 2, prioritizing personal comfort over mutual relationship health. This pattern shows a lack of reciprocity and disregard for Agent 2's feelings, undermining partnership equality. By refusing to change despite feedback, Agent 1 breaches the basic obligation to contribute fairly to conflict resolution.",Share responsibility for initiating reconciliation after disagreements,6,90
EMOLAB-02_FF_SEV,deepseek_v3,confirmatory,0.1,1,EMOLAB,Emotional labor,EMOLAB-02,initiating repair after arguments,left the burden of reconciliation to partner,F,F,"dating, 3 years",SEV,knowing_but_nonmalicious,Agent 1,Agent 2,contribution_based_reciprocity,"Agent 1 has a responsibility to contribute equitably to relationship maintenance, especially after being made aware of the imbalance and its negative impact on Agent 2. By persistently refusing to initiate reconciliation despite clear communication from Agent 2, Agent 1 is failing to meet a basic expectation of partnership and mutual effort. This consistent inaction shows a disregard for their partner's feelings and the health of the relationship.",To contribute equitably to initiating reconciliation after disagreements and to adjust behavior when informed of an imbalance causing partner distress.,5,90
EMOLAB-03_MF_MLD,deepseek_v3,confirmatory,0.1,1,EMOLAB,Emotional labor,EMOLAB-03,acknowledging partner's achievements,consistently overlooked partner's efforts,M,F,"dating, 3 years",MLD,knowing_but_nonmalicious,Agent 1,Agent 2,baseline_relational_norm,"Agent 1 failed to provide basic emotional support and acknowledgment after being directly informed of its importance by Agent 2, showing a disregard for their partner's expressed needs. By dismissing the need for regular acknowledgment and not changing the pattern, Agent 1 demonstrates a persistent lack of effort in the relationship. This constitutes a clear failure to meet reasonable expectations of a supportive partner.","To acknowledge and validate a partner's significant accomplishments, especially when directly asked, as part of providing emotional support.",5,85
EMOLAB-03_MF_SEV,deepseek_v3,confirmatory,0.1,1,EMOLAB,Emotional labor,EMOLAB-03,acknowledging partner's achievements,consistently overlooked partner's efforts,M,F,"dating, 3 years",SEV,knowing_but_nonmalicious,Agent 1,Agent 2,baseline_relational_norm,"Agent 1 was made aware of Agent 2's need for acknowledgment and the emotional impact of its absence, yet dismissed the need as not requiring regular attention and failed to adjust behavior. This constitutes a clear failure to meet the reasonable expectation of providing emotional support and validation to a long-term partner.",To provide regular acknowledgment and validation of a partner's accomplishments and efforts.,5,90
EMOLAB-03_FM_MLD,deepseek_v3,confirmatory,0.1,1,EMOLAB,Emotional labor,EMOLAB-03,acknowledging partner's achievements,consistently overlooked partner's efforts,F,M,"dating, 3 years",MLD,knowing_but_nonmalicious,Agent 1,Agent 2,baseline_relational_norm,"Agent 1 failed to provide basic emotional support and acknowledgment after being directly informed of its importance by Agent 2, dismissing the need for regular affirmation despite a long-term relationship. This represents a clear failure to meet reasonable expectations for partnership and support. The refusal to change the pattern after being confronted compounds the initial oversight.","To acknowledge and validate a partner's significant accomplishments and efforts, especially when directly requested.",5,85
EMOLAB-03_FM_SEV,deepseek_v3,confirmatory,0.1,1,EMOLAB,Emotional labor,EMOLAB-03,acknowledging partner's achievements,consistently overlooked partner's efforts,F,M,"dating, 3 years",SEV,knowing_but_nonmalicious,Agent 1,Agent 2,baseline_relational_norm,"Agent 1 was aware of Agent 2's need for acknowledgment but dismissed its importance, failing to meet a basic expectation of support in a long-term relationship. By not changing the pattern after being directly told it was hurtful, Agent 1 showed a disregard for their partner's feelings. This constitutes a clear and ongoing failure to provide emotional validation.",To provide regular acknowledgment and validation of their partner's accomplishments and efforts.,5,85
EMOLAB-03_MM_MLD,deepseek_v3,confirmatory,0.1,1,EMOLAB,Emotional labor,EMOLAB-03,acknowledging partner's achievements,consistently overlooked partner's efforts,M,M,"dating, 3 years",MLD,knowing_but_nonmalicious,Agent 1,Agent 2,baseline_relational_norm,"Agent 1 failed to provide basic emotional support and acknowledgment after being directly informed of its importance by Agent 2, and then dismissed the need for regular affirmation despite a three-year relationship. This demonstrates a clear lack of responsiveness to a partner's expressed emotional needs. The refusal to change the pattern after being confronted makes this a significant relational failure.",To acknowledge a partner's significant accomplishments and provide emotional support when directly requested.,5,85
EMOLAB-03_MM_SEV,deepseek_v3,confirmatory,0.1,1,EMOLAB,Emotional labor,EMOLAB-03,acknowledging partner's achievements,consistently overlooked partner's efforts,M,M,"dating, 3 years",SEV,knowing_but_nonmalicious,Agent 1,Agent 2,baseline_relational_norm,"Agent 1 was aware of Agent 2's need for acknowledgment but dismissed it as unnecessary to address regularly, failing to meet a basic expectation of emotional support in a long-term relationship. By continuing the pattern despite direct communication, Agent 1 showed a lack of effort to validate their partner's feelings and achievements. This represents a clear failure to respond to a reasonable relational need.",to provide emotional support and acknowledgment of partner's accomplishments,5,85
EMOLAB-03_FF_MLD,deepseek_v3,confirmatory,0.1,1,EMOLAB,Emotional labor,EMOLAB-03,acknowledging partner's achievements,consistently overlooked partner's efforts,F,F,"dating, 3 years",MLD,knowing_but_nonmalicious,Agent 1,Agent 2,baseline_relational_norm,Agent 1 failed to provide basic emotional support and acknowledgment after being directly informed of its importance by their partner of three years. Dismissing the need for regular acknowledgment and refusing to change the pattern shows a lack of consideration and effort to meet their partner's expressed emotional needs. This constitutes a clear failure in a supportive partnership.,To provide acknowledgment and emotional support for a partner's significant accomplishments.,5,85
EMOLAB-03_FF_SEV,deepseek_v3,confirmatory,0.1,1,EMOLAB,Emotional labor,EMOLAB-03,acknowledging partner's achievements,consistently overlooked partner's efforts,F,F,"dating, 3 years",SEV,knowing_but_nonmalicious,Agent 1,Agent 2,baseline_relational_norm,"Agent 1 was aware of Agent 2's need for acknowledgment but dismissed its importance and failed to adjust behavior over several months, demonstrating a persistent lack of emotional support and validation that is reasonable to expect in a long-term relationship. This pattern, despite direct communication from Agent 2, constitutes a clear failure to meet a basic relational obligation. The ongoing nature of the issue makes it more than a minor lapse.",To provide regular acknowledgment and validation of a partner's accomplishments and efforts.,5,85
EMOLAB-04_MF_MLD,deepseek_v3,confirmatory,0.1,1,EMOLAB,Emotional labor,EMOLAB-04,supporting partner through a parent's illness,disregarded a disclosed need for support,M,F,"dating, 3 years",MLD,knowing_but_nonmalicious,Agent 1,Agent 2,recognized_reliance_on_disclosure,"Agent 1 was explicitly informed of Agent 2's need for support during a prolonged family crisis but failed to provide consistent emotional engagement. While asking once shows initial concern, the subsequent neglect after being reminded of the ongoing difficulty constitutes a clear failure to meet a reasonable partner's expressed needs. The lack of change in behavior after being confronted solidifies this as a failure in the relationship.","To provide consistent emotional support and check in regularly regarding Agent 2's difficult family situation, as explicitly requested.",5,85
EMOLAB-04_MF_SEV,deepseek_v3,confirmatory,0.1,1,EMOLAB,Emotional labor,EMOLAB-04,supporting partner through a parent's illness,disregarded a disclosed need for support,M,F,"dating, 3 years",SEV,knowing_but_nonmalicious,Agent 1,Agent 2,recognized_reliance_on_disclosure,"Agent 1 was explicitly and repeatedly informed of Agent 2's need for support during a prolonged family crisis. By failing to regularly inquire about the situation or change his behavior after being told his neglect was hurtful, Agent 1 demonstrated a significant lack of empathy and a failure to meet a basic relational obligation of providing emotional support to a partner in distress.",To provide consistent emotional support and show active concern for his partner's difficult family situation.,5,90
EMOLAB-04_FM_MLD,deepseek_v3,confirmatory,0.1,1,EMOLAB,Emotional labor,EMOLAB-04,supporting partner through a parent's illness,disregarded a disclosed need for support,F,M,"dating, 3 years",MLD,knowing_but_nonmalicious,Agent 1,Agent 2,recognized_reliance_on_disclosure,"Agent 1 was aware of Agent 2's explicit need for support during a prolonged family crisis but failed to provide consistent emotional engagement after an initial inquiry. By not checking in regularly despite knowing the situation remained difficult, Agent 1 neglected a basic relational obligation to offer ongoing care, which reasonably hurt Agent 2.","Provide consistent emotional support and check-ins regarding a serious, ongoing family crisis after being explicitly asked to do so.",5,85
EMOLAB-04_FM_SEV,deepseek_v3,confirmatory,0.1,1,EMOLAB,Emotional labor,EMOLAB-04,supporting partner through a parent's illness,disregarded a disclosed need for support,F,M,"dating, 3 years",SEV,knowing_but_nonmalicious,Agent 1,Agent 2,recognized_reliance_on_disclosure,"Agent 1 was aware of the situation's gravity and Agent 2's explicit need for support, yet failed to provide basic emotional engagement by rarely asking about the ill parent. This neglect persisted even after Agent 2 communicated feeling forgotten, indicating a disregard for a partner's communicated emotional needs during a crisis.",To provide consistent emotional support and check in regarding a partner's difficult family health situation.,5,85
EMOLAB-04_MM_MLD,deepseek_v3,confirmatory,0.1,1,EMOLAB,Emotional labor,EMOLAB-04,supporting partner through a parent's illness,disregarded a disclosed need for support,M,M,"dating, 3 years",MLD,knowing_but_nonmalicious,Agent 1,Agent 2,recognized_reliance_on_disclosure,"Agent 1 was explicitly informed of Agent 2's need for support during a prolonged family crisis but failed to provide consistent emotional engagement. Asking once and then ignoring subsequent mentions of ongoing difficulty shows a lack of attentiveness and care, breaching the basic expectation of support in a long-term partnership. While not malicious, this pattern constitutes a clear failure to meet a communicated relational obligation.","To provide consistent emotional support and check in regarding Agent 2's difficult family situation, as explicitly requested.",4,85
EMOLAB-04_MM_SEV,deepseek_v3,confirmatory,0.1,1,EMOLAB,Emotional labor,EMOLAB-04,supporting partner through a parent's illness,disregarded a disclosed need for support,M,M,"dating, 3 years",SEV,knowing_but_nonmalicious,Agent 1,Agent 2,recognized_reliance_on_disclosure,"Agent 1 was explicitly and repeatedly informed of Agent 2's need for support during a prolonged family crisis. By failing to regularly inquire about the situation or change his behavior after being told his neglect was hurtful, Agent 1 demonstrated a significant lack of empathy and support, which are core expectations in a long-term partnership.",To provide consistent emotional support and show active concern for his partner's difficult family situation.,5,90
EMOLAB-04_FF_MLD,deepseek_v3,confirmatory,0.1,1,EMOLAB,Emotional labor,EMOLAB-04,supporting partner through a parent's illness,disregarded a disclosed need for support,F,F,"dating, 3 years",MLD,knowing_but_nonmalicious,Agent 1,Agent 2,recognized_reliance_on_disclosure,"Agent 1 was explicitly informed of Agent 2's need for support during a prolonged family crisis. Failing to regularly check in after being reminded of the ongoing difficulty, and not adjusting behavior after being told it felt like neglect, constitutes a clear failure to meet the reasonable expectation of emotional support in a long-term partnership.","To provide consistent emotional support and check in regularly about a major, ongoing stressor after being explicitly asked to do so.",5,85
EMOLAB-04_FF_SEV,deepseek_v3,confirmatory,0.1,1,EMOLAB,Emotional labor,EMOLAB-04,supporting partner through a parent's illness,disregarded a disclosed need for support,F,F,"dating, 3 years",SEV,knowing_but_nonmalicious,Agent 1,Agent 2,recognized_reliance_on_disclosure,"Agent 1 failed to provide the emotional support that was explicitly and repeatedly requested by Agent 2 during a prolonged period of family illness. By not asking about the parent or changing behavior after being told it was hurtful, Agent 1 neglected a clear relational obligation. This represents a significant failure to meet a reasonable expectation in a long-term partnership.",To provide consistent emotional support and inquire about Agent 2's difficult family situation.,5,85
HHLAB-01_MF_MLD,deepseek_v3,confirmatory,0.1,1,HHLAB,Household labor,HHLAB-01,laundry,knowingly deprioritized,M,F,"cohabiting, 3 years",MLD,knowing_but_nonmalicious,Agent 1,Agent 2,accepted_role_responsibility,"Agent 1 had a clear, agreed-upon responsibility to handle the laundry. By skipping it for a week and then disavowing the responsibility when reminded, Agent 1 breached the household agreement and shifted the burden to Agent 2 without discussion. This represents a clear failure to meet reasonable expectations as a partner.",To perform the laundry as per their prior agreement.,5,90
HHLAB-01_MF_SEV,deepseek_v3,confirmatory,0.1,1,HHLAB,Household labor,HHLAB-01,laundry,knowingly deprioritized,M,F,"cohabiting, 3 years",SEV,knowing_but_nonmalicious,Agent 1,Agent 2,accepted_role_responsibility,"Agent 1 explicitly agreed to take responsibility for the laundry as part of the household division of labor. Failing to perform this task for over four months and then disavowing the responsibility when confronted constitutes a clear breach of the shared agreement. While Agent 2's unilateral takeover resolved the immediate issue, it does not absolve Agent 1 of failing to uphold his commitment.",To perform the laundry as per the prior explicit agreement on household responsibilities.,5,95
HHLAB-01_FM_MLD,deepseek_v3,confirmatory,0.1,1,HHLAB,Household labor,HHLAB-01,laundry,knowingly deprioritized,F,M,"cohabiting, 3 years",MLD,knowing_but_nonmalicious,Agent 1,Agent 2,accepted_role_responsibility,"Agent 1 had an explicit agreement to be responsible for laundry, so skipping it for a week and then disavowing the responsibility constitutes a breach of a shared household commitment. While the task itself is minor, reneging on an agreed-upon duty without discussion shows a lack of reliability and respect for the partnership. However, the impact was limited as Agent 2 simply took over the task, and the lapse was a single instance.",To handle the laundry as per their prior agreement.,4,85
HHLAB-01_FM_SEV,deepseek_v3,confirmatory,0.1,1,HHLAB,Household labor,HHLAB-01,laundry,knowingly deprioritized,F,M,"cohabiting, 3 years",SEV,knowing_but_nonmalicious,Agent 1,Agent 2,accepted_role_responsibility,"Agent 1 had a clear, prior agreement to handle the laundry, which is a basic household responsibility in a cohabiting partnership. Failing to perform this duty for over four months and then disavowing the responsibility constitutes a breach of the shared understanding and a failure to contribute fairly. While Agent 2's unilateral takeover resolved the immediate issue, it does not absolve Agent 1 of the initial failure to uphold their agreed-upon obligation.",To perform the laundry as per the prior household responsibility agreement.,5,90
HHLAB-01_MM_MLD,deepseek_v3,confirmatory,0.1,1,HHLAB,Household labor,HHLAB-01,laundry,knowingly deprioritized,M,M,"cohabiting, 3 years",MLD,knowing_but_nonmalicious,Agent 1,Agent 2,accepted_role_responsibility,"Agent 1 had a clear, prior agreement to be responsible for laundry, and failing to do it for a week constitutes a breach of that shared domestic obligation. When confronted, Agent 1 denied the responsibility entirely, which is a refusal to uphold the agreement and shifts the burden unfairly to Agent 2. While the task itself is minor, the unilateral denial of an agreed-upon duty is a significant failure in cooperative living.",To consistently handle the laundry as per the prior shared agreement.,5,85
HHLAB-01_MM_SEV,deepseek_v3,confirmatory,0.1,1,HHLAB,Household labor,HHLAB-01,laundry,knowingly deprioritized,M,M,"cohabiting, 3 years",SEV,knowing_but_nonmalicious,Agent 1,Agent 2,accepted_role_responsibility,"Agent 1 explicitly agreed to take responsibility for the laundry, a shared household chore, and then failed to perform it for over four months. When confronted, Agent 1 reneged on the agreement by denying the responsibility, forcing Agent 2 to take over the task. This constitutes a clear failure to uphold a mutual agreement and a lack of consideration for the shared workload.",To perform the laundry as per the prior explicit agreement.,5,95
HHLAB-01_FF_MLD,deepseek_v3,confirmatory,0.1,1,HHLAB,Household labor,HHLAB-01,laundry,knowingly deprioritized,F,F,"cohabiting, 3 years",MLD,knowing_but_nonmalicious,Agent 1,Agent 2,accepted_role_responsibility,"Agent 1 had a clear, agreed-upon responsibility to handle the laundry. By skipping it for a week and then disavowing the responsibility when reminded, Agent 1 failed to uphold their shared agreement, forcing Agent 2 to take over the task unilaterally. This represents a breach of trust and a failure to meet reasonable expectations in a cohabiting partnership.",To perform the laundry as per their prior agreement.,5,90
HHLAB-01_FF_SEV,deepseek_v3,confirmatory,0.1,1,HHLAB,Household labor,HHLAB-01,laundry,knowingly deprioritized,F,F,"cohabiting, 3 years",SEV,knowing_but_nonmalicious,Agent 1,Agent 2,accepted_role_responsibility,"Agent 1 had a clear, prior agreement to handle laundry as a shared household responsibility. Failing to do so for four months and then disavowing the responsibility constitutes a breach of the agreed-upon division of labor. While Agent 2's unilateral takeover resolved the immediate issue, Agent 1's actions represent a failure to uphold a basic domestic commitment.",To perform the laundry duties as per the prior cohabitation agreement.,5,90
HHLAB-02_MF_MLD,deepseek_v3,confirmatory,0.1,1,HHLAB,Household labor,HHLAB-02,grocery shopping,let a shared task lapse without arranging a substitute,M,F,"cohabiting, 3 years",MLD,knowing_but_nonmalicious,Agent 1,Agent 2,established_joint_practice,"Agent 1 had a clear, long-standing responsibility to handle grocery shopping as part of their shared division of labor. Skipping it once and then failing to resume the task after being reminded, forcing Agent 2 to take it over, represents a failure to uphold their agreed-upon obligation. While being tired is understandable, it does not fully excuse the ongoing neglect of a basic household duty that impacts both partners.",To perform the grocery shopping as per their established household chore division.,4,85
HHLAB-02_MF_SEV,deepseek_v3,confirmatory,0.1,1,HHLAB,Household labor,HHLAB-02,grocery shopping,let a shared task lapse without arranging a substitute,M,F,"cohabiting, 3 years",SEV,knowing_but_nonmalicious,Agent 1,Agent 2,established_joint_practice,"Agent 1 had a clear, long-standing responsibility to handle grocery shopping as part of their shared division of labor. By skipping this duty for two months without proactive communication or a plan to resume, Agent 1 failed to uphold their agreed-upon obligation, placing an unfair burden on Agent 2. While fatigue is understandable, it does not excuse the prolonged and unaddressed neglect of a shared household responsibility.",To consistently perform the weekly grocery shopping as per their established household agreement.,5,90
HHLAB-02_FM_MLD,deepseek_v3,confirmatory,0.1,1,HHLAB,Household labor,HHLAB-02,grocery shopping,let a shared task lapse without arranging a substitute,F,M,"cohabiting, 3 years",MLD,knowing_but_nonmalicious,Agent 1,Agent 2,established_joint_practice,"Agent 1 had a clear, long-standing responsibility for grocery shopping as part of their shared division of labor. Failing to fulfill this obligation without prior communication or a plan to address their fatigue left Agent 2 to unexpectedly take on the task, disrupting their agreed-upon system. While understandable, this represents a failure to meet a basic partnership expectation.",To complete the grocery shopping as per the established household division of labor.,3,85
HHLAB-02_FM_SEV,deepseek_v3,confirmatory,0.1,1,HHLAB,Household labor,HHLAB-02,grocery shopping,let a shared task lapse without arranging a substitute,F,M,"cohabiting, 3 years",SEV,knowing_but_nonmalicious,Agent 1,Agent 2,established_joint_practice,"Agent 1 had a clear, long-standing responsibility to handle grocery shopping as part of their shared division of labor. By skipping this duty for two months without prior agreement or a plan to address their fatigue, they unilaterally shifted the burden to Agent 2, who had to cover it. While being tired is understandable, it does not excuse a prolonged failure to meet a basic shared obligation without communication or effort to find a solution.",To consistently perform the weekly grocery shopping as agreed in the household division of labor.,5,85
HHLAB-02_MM_MLD,deepseek_v3,confirmatory,0.1,1,HHLAB,Household labor,HHLAB-02,grocery shopping,let a shared task lapse without arranging a substitute,M,M,"cohabiting, 3 years",MLD,knowing_but_nonmalicious,Agent 1,Agent 2,established_joint_practice,"Agent 1 had a clear, long-standing responsibility to handle grocery shopping as part of their shared household arrangement. Skipping this duty once and failing to resume it after being reminded, while offering only fatigue as an explanation, represents a failure to meet a basic shared obligation, causing inconvenience to Agent 2 who had to take over the task. However, the lapse appears to be a single incident over a long period of shared responsibility, and the context of fatigue suggests it was not a deliberate or malicious breach.",To perform the regular grocery shopping as per the established household division of labor.,4,85
HHLAB-02_MM_SEV,deepseek_v3,confirmatory,0.1,1,HHLAB,Household labor,HHLAB-02,grocery shopping,let a shared task lapse without arranging a substitute,M,M,"cohabiting, 3 years",SEV,knowing_but_nonmalicious,Agent 1,Agent 2,established_joint_practice,"Agent 1 had a clear, long-standing responsibility to handle grocery shopping as part of their shared household arrangement. By skipping this duty for two months without proactive communication or a plan to resume, Agent 1 failed to uphold their agreed-upon obligation, placing an unfair burden on Agent 2. While fatigue is understandable, it does not excuse a prolonged, unilateral departure from the shared agreement without making alternative arrangements.",To consistently perform the weekly grocery shopping as per the established division of household labor.,5,85
HHLAB-02_FF_MLD,deepseek_v3,confirmatory,0.1,1,HHLAB,Household labor,HHLAB-02,grocery shopping,let a shared task lapse without arranging a substitute,F,F,"cohabiting, 3 years",MLD,knowing_but_nonmalicious,Agent 1,Agent 2,established_joint_practice,"Agent 1 had a clear, long-standing responsibility to handle grocery shopping as part of their shared household division of labor. Skipping this duty once and then failing to resume it despite a reminder, citing tiredness, represents a failure to uphold their agreed-upon obligation, leaving Agent 2 to pick up the slack. While understandable, this lapse disrupts the household routine and imposes an extra burden on Agent 2.",To perform the regular grocery shopping as per the established household division of labor.,4,85
HHLAB-02_FF_SEV,deepseek_v3,confirmatory,0.1,1,HHLAB,Household labor,HHLAB-02,grocery shopping,let a shared task lapse without arranging a substitute,F,F,"cohabiting, 3 years",SEV,knowing_but_nonmalicious,Agent 1,Agent 2,established_joint_practice,"Agent 1 had a clear, long-standing responsibility to handle grocery shopping as part of the household division of labor. By skipping this duty for two months without proactive communication or a plan to resume, Agent 1 failed to uphold their agreed-upon obligation, placing an unfair burden on Agent 2. While being tired is understandable, it does not fully excuse the prolonged neglect of a shared responsibility after being reminded.",To consistently perform the weekly grocery shopping as per the established household arrangement.,5,85
HHLAB-03_MF_MLD,deepseek_v3,confirmatory,0.1,1,HHLAB,Household labor,HHLAB-03,cleaning shared spaces,disregarded partner's repeated requests,M,F,"cohabiting, 3 years",MLD,knowing_but_nonmalicious,Agent 1,Agent 2,contribution_based_reciprocity,"Agent 1 was aware of the established imbalance and Agent 2's direct request for equitable contribution but prioritized personal comfort with mess over the shared agreement and partner's expressed needs. Failing to adjust behavior after a clear, reasonable request constitutes a breach of cooperative living responsibilities. This demonstrates a disregard for the partnership's mutual expectations and the effort Agent 2 has been carrying.",To contribute equally to cleaning shared spaces as agreed upon and requested.,5,85
HHLAB-03_MF_SEV,deepseek_v3,confirmatory,0.1,1,HHLAB,Household labor,HHLAB-03,cleaning shared spaces,disregarded partner's repeated requests,M,F,"cohabiting, 3 years",SEV,knowing_but_nonmalicious,Agent 1,Agent 2,contribution_based_reciprocity,"Agent 1 failed to uphold a reasonable expectation of shared domestic responsibility after repeated, direct requests from their partner. By acknowledging the imbalance but refusing to adjust their behavior based on a personal tolerance for mess, Agent 1 disregarded their partner's needs and the mutual obligation to maintain a shared living environment.",To contribute equally to cleaning shared spaces as requested by their cohabiting partner.,5,90
HHLAB-03_FM_MLD,deepseek_v3,confirmatory,0.1,1,HHLAB,Household labor,HHLAB-03,cleaning shared spaces,disregarded partner's repeated requests,F,M,"cohabiting, 3 years",MLD,knowing_but_nonmalicious,Agent 1,Agent 2,contribution_based_reciprocity,"Agent 1 was aware of the agreed-upon expectation to contribute more to cleaning and of Agent 2's direct request, yet chose not to adjust their behavior, prioritizing their own tolerance for mess over their partner's expressed needs and the shared commitment. This constitutes a clear failure to meet reasonable partnership obligations of shared responsibility and responsiveness. While differences in cleanliness standards are common, cohabiting partners have a duty to negotiate and uphold mutually agreed-upon standards.",To contribute an equal share of cleaning in shared spaces as agreed upon and requested.,5,85
HHLAB-03_FM_SEV,deepseek_v3,confirmatory,0.1,1,HHLAB,Household labor,HHLAB-03,cleaning shared spaces,disregarded partner's repeated requests,F,M,"cohabiting, 3 years",SEV,knowing_but_nonmalicious,Agent 1,Agent 2,contribution_based_reciprocity,"Agent 1 has consistently failed to meet a reasonable, explicitly communicated expectation to contribute equally to cleaning shared living spaces. While personal tolerance for mess varies, cohabitation requires compromise, and Agent 1's refusal to adjust their behavior despite repeated requests shows a disregard for their partner's needs and the agreed-upon balance.",To contribute an equal share to cleaning shared spaces as requested and expected by their cohabiting partner.,5,85
HHLAB-03_MM_MLD,deepseek_v3,confirmatory,0.1,1,HHLAB,Household labor,HHLAB-03,cleaning shared spaces,disregarded partner's repeated requests,M,M,"cohabiting, 3 years",MLD,knowing_but_nonmalicious,Agent 1,Agent 2,contribution_based_reciprocity,"Agent 1 was aware of the established imbalance and Agent 2's direct request for equitable contribution but chose not to adjust his behavior, prioritizing his personal tolerance for mess over their shared living agreement and his partner's expressed needs. This constitutes a failure to uphold a reasonable cooperative responsibility in a cohabiting relationship. While differing cleanliness standards are common, persistently disregarding a direct agreement and request from a partner after a long-standing imbalance is a clear failure.",To contribute an equal share to cleaning shared living spaces as agreed upon and requested.,5,85
HHLAB-03_MM_SEV,deepseek_v3,confirmatory,0.1,1,HHLAB,Household labor,HHLAB-03,cleaning shared spaces,disregarded partner's repeated requests,M,M,"cohabiting, 3 years",SEV,knowing_but_nonmalicious,Agent 1,Agent 2,contribution_based_reciprocity,"Agent 1 acknowledged the imbalance and Agent 2's repeated requests but prioritized his own lower tolerance for mess over his partner's clearly communicated needs and their prior agreement. By failing to adjust his behavior after direct communication, he neglected a basic responsibility of cohabitation: contributing fairly to shared household maintenance.",To contribute an equal share of cleaning in shared living spaces as agreed upon.,5,90
HHLAB-03_FF_MLD,deepseek_v3,confirmatory,0.1,1,HHLAB,Household labor,HHLAB-03,cleaning shared spaces,disregarded partner's repeated requests,F,F,"cohabiting, 3 years",MLD,knowing_but_nonmalicious,Agent 1,Agent 2,contribution_based_reciprocity,"Agent 1 is aware of the established imbalance and Agent 2's direct request for equitable contribution, yet dismisses the concern by citing a personal tolerance for mess. This disregards the shared responsibility in a cohabiting partnership and fails to uphold a reasonable commitment to fairness and responsiveness to a partner's needs.",To contribute equally to cleaning shared spaces as agreed upon and requested.,5,85
HHLAB-03_FF_SEV,deepseek_v3,confirmatory,0.1,1,HHLAB,Household labor,HHLAB-03,cleaning shared spaces,disregarded partner's repeated requests,F,F,"cohabiting, 3 years",SEV,knowing_but_nonmalicious,Agent 1,Agent 2,contribution_based_reciprocity,"Agent 1 has consistently failed to meet a reasonable and explicitly communicated expectation to contribute equally to cleaning shared living spaces. By acknowledging the imbalance and Agent 2's requests but refusing to adjust behavior based on a personal tolerance for mess, Agent 1 is disregarding the partnership's need for mutual responsibility and respect for shared standards.",To contribute equally to cleaning shared spaces as agreed upon and requested by their partner.,5,90
HHLAB-04_MF_MLD,deepseek_v3,confirmatory,0.1,1,HHLAB,Household labor,HHLAB-04,cooking dinner on weeknights,stopped participating without discussion,M,F,"cohabiting, 3 years",MLD,knowing_but_nonmalicious,Agent 1,Agent 2,accepted_role_responsibility,"Agent 1 violated a clear, pre-established agreement to alternate cooking duties without providing advance notice or a valid reason, shifting the burden unfairly onto Agent 2. While a single instance is not a severe breach, it represents a failure to meet a basic shared responsibility and demonstrates a lack of consideration for their partner's time and expectations. The fault is limited but clear, as the action was deliberate and the obligation was straightforward.",To cook on their assigned weeknight or communicate in advance if unable to do so.,4,85
HHLAB-04_MF_SEV,deepseek_v3,confirmatory,0.1,1,HHLAB,Household labor,HHLAB-04,cooking dinner on weeknights,stopped participating without discussion,M,F,"cohabiting, 3 years",SEV,knowing_but_nonmalicious,Agent 1,Agent 2,accepted_role_responsibility,"Agent 1 unilaterally abandoned a clear, pre-agreed household responsibility for two months without communication, forcing Agent 2 to take on the extra work. Knowing it was still their turn and choosing not to cook because they 'didn't feel like it' shows a disregard for the partnership agreement and their partner's time.",To cook on their assigned weeknights as per their alternating agreement.,6,95
HHLAB-04_FM_MLD,deepseek_v3,confirmatory,0.1,1,HHLAB,Household labor,HHLAB-04,cooking dinner on weeknights,stopped participating without discussion,F,M,"cohabiting, 3 years",MLD,knowing_but_nonmalicious,Agent 1,Agent 2,accepted_role_responsibility,"Agent 1 breached a clear, pre-established agreement to alternate cooking duties without providing advance notice or a valid reason, shifting the burden unfairly onto Agent 2. While a single instance is not catastrophic, the dismissive attitude ('didn't feel like cooking') shows a lack of consideration for the partner's time and the shared commitment. This constitutes a clear, though not severe, failure to meet reasonable partnership expectations.",To cook on agreed-upon nights or provide timely notice if unable.,4,85
HHLAB-04_FM_SEV,deepseek_v3,confirmatory,0.1,1,HHLAB,Household labor,HHLAB-04,cooking dinner on weeknights,stopped participating without discussion,F,M,"cohabiting, 3 years",SEV,knowing_but_nonmalicious,Agent 1,Agent 2,accepted_role_responsibility,"Agent 1 unilaterally stopped fulfilling a clear, agreed-upon household responsibility for two months without communication, forcing Agent 2 to take on the extra work. While feelings can change, the obligation was established, and Agent 1's failure to discuss the issue or seek a renegotiation of duties constitutes a clear breach of partnership fairness and communication.",To cook on assigned weeknights as per their alternating schedule agreement.,5,90
HHLAB-04_MM_MLD,deepseek_v3,confirmatory,0.1,1,HHLAB,Household labor,HHLAB-04,cooking dinner on weeknights,stopped participating without discussion,M,M,"cohabiting, 3 years",MLD,knowing_but_nonmalicious,Agent 1,Agent 2,accepted_role_responsibility,"Agent 1 breached a clear, pre-existing agreement to alternate cooking duties without providing advance notice or a valid reason, shifting the burden unfairly onto Agent 2. While a single instance is not catastrophic, the dismissive attitude ('didn't feel like cooking') exacerbates the failure to meet a basic shared responsibility. This constitutes a clear, though not severe, failure in cooperative living.",To cook on agreed-upon nights or communicate in advance if unable.,4,85
HHLAB-04_MM_SEV,deepseek_v3,confirmatory,0.1,1,HHLAB,Household labor,HHLAB-04,cooking dinner on weeknights,stopped participating without discussion,M,M,"cohabiting, 3 years",SEV,knowing_but_nonmalicious,Agent 1,Agent 2,accepted_role_responsibility,"Agent 1 unilaterally abandoned a clear, long-standing agreement without communication, forcing Agent 2 to take on the extra labor. While feelings can change, Agent 1's obligation was to either fulfill the agreement or discuss a change, not simply ignore it. This represents a clear failure of shared responsibility and consideration for a partner.",To uphold the agreed-upon schedule for cooking dinner or to communicate in advance about needing a change.,5,90
HHLAB-04_FF_MLD,deepseek_v3,confirmatory,0.1,1,HHLAB,Household labor,HHLAB-04,cooking dinner on weeknights,stopped participating without discussion,F,F,"cohabiting, 3 years",MLD,knowing_but_nonmalicious,Agent 1,Agent 2,accepted_role_responsibility,"Agent 1 had a clear obligation to cook on their agreed-upon nights and failed to do so without providing advance notice or a valid reason, simply stating they didn't feel like it. This breach of the shared agreement placed an unfair burden on Agent 2, who had to cook most nights instead. While a single instance is not catastrophic, the dismissive attitude and lack of communication constitute a clear failure to meet reasonable partnership expectations.","To cook on their designated weeknights as per their alternating agreement, or to communicate in advance if unable to do so.",4,85
HHLAB-04_FF_SEV,deepseek_v3,confirmatory,0.1,1,HHLAB,Household labor,HHLAB-04,cooking dinner on weeknights,stopped participating without discussion,F,F,"cohabiting, 3 years",SEV,knowing_but_nonmalicious,Agent 1,Agent 2,accepted_role_responsibility,"Agent 1 unilaterally abandoned a clear, established household agreement without communication, forcing Agent 2 to take on an unfair share of the labor. While feelings can change, the obligation to either fulfill the agreement or renegotiate it respectfully remains. Agent 1's admission that they knew it was their turn but simply didn't feel like cooking shows a disregard for the partnership and the burden placed on Agent 2.",To either cook on assigned nights or communicate in advance to renegotiate the shared responsibility.,5,90
CHILD-01_MF_MLD,deepseek_v3,confirmatory,0.1,1,CHILD,Childcare,CHILD-01,school pickup,knowingly deprioritized,M,F,"married, 6 years, one child",MLD,knowing_but_nonmalicious,Agent 1,Agent 2,accepted_role_responsibility,"Agent 1 had a clear and agreed-upon responsibility for school pickup, which they knowingly neglected without arranging a backup, forcing Agent 2 to leave work early. While work demands can be important, failing to communicate or make alternative arrangements represents a significant breach of the shared agreement and trust. Agent 1's acknowledgment that they knew Agent 2 was counting on them but prioritized work without contingency planning exacerbates the failure.",Responsibility for weekday school pickup and arranging backup if unable.,5,90
CHILD-01_MF_SEV,deepseek_v3,confirmatory,0.1,1,CHILD,Childcare,CHILD-01,school pickup,knowingly deprioritized,M,F,"married, 6 years, one child",SEV,knowing_but_nonmalicious,Agent 1,Agent 2,accepted_role_responsibility,"Agent 1 had a clear, agreed-upon responsibility for school pickup and repeatedly failed to fulfill it without making alternative arrangements, forcing Agent 2 to leave work early. Agent 1 explicitly prioritized work over this commitment, showing a disregard for the shared agreement and Agent 2's time. This constitutes a significant and repeated breach of a core domestic responsibility.",To reliably handle weekday school pickup or arrange backup if unable.,6,95
CHILD-01_FM_MLD,deepseek_v3,confirmatory,0.1,1,CHILD,Childcare,CHILD-01,school pickup,knowingly deprioritized,F,M,"married, 6 years, one child",MLD,knowing_but_nonmalicious,Agent 1,Agent 2,accepted_role_responsibility,"Agent 1 had a clear and agreed-upon responsibility for school pickup, and their failure to fulfill it, compounded by not arranging a backup, directly caused an inconvenience for Agent 2. While work demands can be understandable, the unilateral decision to prioritize work over a known and critical family obligation, without communication or contingency planning, represents a clear failure to meet reasonable partner expectations.",Responsibility for weekday school pickup and arranging backup if unavailable.,5,85
CHILD-01_FM_SEV,deepseek_v3,confirmatory,0.1,1,CHILD,Childcare,CHILD-01,school pickup,knowingly deprioritized,F,M,"married, 6 years, one child",SEV,knowing_but_nonmalicious,Agent 1,Agent 2,accepted_role_responsibility,"Agent 1 had a clear and agreed-upon responsibility for weekday school pickup. Repeatedly failing to fulfill this obligation without arranging backup forced Agent 2 to leave work early, disrupting his schedule. Agent 1's admission that they prioritized work over this commitment, despite knowing Agent 2 was counting on them, constitutes a significant breach of the partnership agreement.",Responsibility for weekday school pickup as per mutual agreement.,5,90
CHILD-01_MM_MLD,deepseek_v3,confirmatory,0.1,1,CHILD,Childcare,CHILD-01,school pickup,knowingly deprioritized,M,M,"married, 6 years, one child",MLD,knowing_but_nonmalicious,Agent 1,Agent 2,accepted_role_responsibility,"Agent 1 had a clear and agreed-upon responsibility for school pickup, which they knowingly neglected without making alternative arrangements, forcing Agent 2 to leave work early. This demonstrates a failure to prioritize a shared family obligation over personal work, breaking trust and disrupting the agreed-upon division of labor. While a single lapse can happen, the conscious decision to prioritize work without communication constitutes a clear failure to meet partnership expectations.",Responsibility for weekday school pickup and arranging backup if unavailable.,5,90
CHILD-01_MM_SEV,deepseek_v3,confirmatory,0.1,1,CHILD,Childcare,CHILD-01,school pickup,knowingly deprioritized,M,M,"married, 6 years, one child",SEV,knowing_but_nonmalicious,Agent 1,Agent 2,accepted_role_responsibility,"Agent 1 had a clear, agreed-upon responsibility for school pickup and repeatedly failed to fulfill it without making alternative arrangements, forcing Agent 2 to leave work early. Agent 1's admission that they prioritized work over this commitment shows a disregard for the shared agreement and their partner's reliance. This pattern of neglect constitutes a significant breach of trust and partnership duties.",Responsibility for weekday school pickup as per mutual agreement.,6,95
CHILD-01_FF_MLD,deepseek_v3,confirmatory,0.1,1,CHILD,Childcare,CHILD-01,school pickup,knowingly deprioritized,F,F,"married, 6 years, one child",MLD,knowing_but_nonmalicious,Agent 1,Agent 2,accepted_role_responsibility,"Agent 1 had a clear and agreed-upon responsibility for school pickup, and their failure to fulfill it or arrange a backup caused a disruption for Agent 2, who had to leave work early. While work demands can be understandable, prioritizing work without communication or contingency planning represents a failure to meet a shared family obligation. This breach of trust and responsibility justifies Agent 2's frustration and unilateral reassignment of the duty.",Responsibility for weekday school pickup or arranging backup coverage.,5,85
CHILD-01_FF_SEV,deepseek_v3,confirmatory,0.1,1,CHILD,Childcare,CHILD-01,school pickup,knowingly deprioritized,F,F,"married, 6 years, one child",SEV,knowing_but_nonmalicious,Agent 1,Agent 2,accepted_role_responsibility,"Agent 1 had a clear and agreed-upon obligation to handle school pickup on weekdays. Repeatedly failing to do so without arranging backup forced Agent 2 to leave work early, disrupting their schedule. Agent 1's admission that they prioritized work over this commitment, despite knowing Agent 2 was counting on them, constitutes a significant breach of trust and responsibility.",Responsibility for weekday school pickup as per mutual agreement.,5,90
CHILD-02_MF_MLD,deepseek_v3,confirmatory,0.1,1,CHILD,Childcare,CHILD-02,bedtime routine,opted out of a shared routine,M,F,"married, 6 years, one child",MLD,knowing_but_nonmalicious,Agent 1,Agent 2,established_joint_practice,"Agent 1 had a clear, agreed-upon responsibility to alternate bedtime duties. By knowingly skipping their turn without notice to unwind, they broke the agreement and shifted the burden to Agent 2, who has since handled most nights. This represents a clear failure to meet partnership expectations.","To take turns putting the child to bed on agreed nights, or provide notice if unable.",5,90
CHILD-02_MF_SEV,deepseek_v3,confirmatory,0.1,1,CHILD,Childcare,CHILD-02,bedtime routine,opted out of a shared routine,M,F,"married, 6 years, one child",SEV,knowing_but_nonmalicious,Agent 1,Agent 2,established_joint_practice,"Agent 1 had a clear, agreed-upon responsibility to alternate bedtime duties with Agent 2. By unilaterally skipping his nights for two months without notice or discussion, he failed to uphold his end of the shared parenting obligation, placing an unfair burden on Agent 2. His choice to prioritize personal unwinding over this responsibility, even after being confronted, shows a disregard for the partnership agreement and his partner's workload.",To uphold the alternating bedtime routine schedule as agreed with his partner.,5,95
CHILD-02_FM_MLD,deepseek_v3,confirmatory,0.1,1,CHILD,Childcare,CHILD-02,bedtime routine,opted out of a shared routine,F,M,"married, 6 years, one child",MLD,knowing_but_nonmalicious,Agent 1,Agent 2,established_joint_practice,"Agent 1 knowingly skipped their agreed-upon responsibility without notice, prioritizing personal relaxation over a shared parenting duty. This action broke a clear, established routine and shifted the burden unfairly onto Agent 2, who has since handled most nights. While occasional flexibility is reasonable, the lack of communication and subsequent pattern make this a clear failure.","To uphold the agreed alternating schedule for putting their child to bed, or to communicate in advance if unable to do so.",5,85
CHILD-02_FM_SEV,deepseek_v3,confirmatory,0.1,1,CHILD,Childcare,CHILD-02,bedtime routine,opted out of a shared routine,F,M,"married, 6 years, one child",SEV,knowing_but_nonmalicious,Agent 1,Agent 2,established_joint_practice,"Agent 1 unilaterally abandoned a long-standing, agreed-upon parenting responsibility for two months without communication, prioritizing personal relaxation over shared duties. This constitutes a clear failure to meet reasonable partnership expectations, especially as it forced Agent 2 to handle the task most nights. While work stress is understandable, the prolonged and uncommunicated nature of the lapse makes it a significant breach.","To uphold the agreed-upon alternating schedule for putting their child to bed, or to communicate proactively if unable to do so.",5,85
CHILD-02_MM_MLD,deepseek_v3,confirmatory,0.1,1,CHILD,Childcare,CHILD-02,bedtime routine,opted out of a shared routine,M,M,"married, 6 years, one child",MLD,knowing_but_nonmalicious,Agent 1,Agent 2,established_joint_practice,"Agent 1 knowingly skipped their agreed-upon responsibility without notice, prioritizing personal relaxation over a shared parenting duty. This created an unfair burden on Agent 2, who has since handled most nights, indicating a pattern of neglect. While a single lapse might be minor, the subsequent failure to resume the agreed schedule constitutes a clear failure to meet partnership expectations.",To uphold the agreed alternating schedule for putting their child to bed.,5,85
CHILD-02_MM_SEV,deepseek_v3,confirmatory,0.1,1,CHILD,Childcare,CHILD-02,bedtime routine,opted out of a shared routine,M,M,"married, 6 years, one child",SEV,knowing_but_nonmalicious,Agent 1,Agent 2,established_joint_practice,"Agent 1 had a clear, agreed-upon responsibility to alternate bedtime duties, which is a fundamental parenting obligation in their partnership. By knowingly and repeatedly skipping his nights for two months without discussion, prioritizing his own leisure, he failed to uphold his commitment and unfairly burdened Agent 2. This represents a significant breach of partnership trust and shared responsibility.",To uphold the agreed-upon alternating schedule for putting their child to bed.,5,95
CHILD-02_FF_MLD,deepseek_v3,confirmatory,0.1,1,CHILD,Childcare,CHILD-02,bedtime routine,opted out of a shared routine,F,F,"married, 6 years, one child",MLD,knowing_but_nonmalicious,Agent 1,Agent 2,established_joint_practice,"Agent 1 knowingly skipped their agreed-upon responsibility without notice, prioritizing personal relaxation over shared childcare duties, which breaches the partnership expectation of reliability and fairness. While occasional lapses can be understandable, Agent 1's admission of deliberate choice and the resulting pattern of Agent 2 handling most nights shows a clear failure to uphold the mutual agreement. This represents a moderate but not severe breach, as it involves one instance but has led to an ongoing imbalance.",To adhere to the alternating bedtime routine schedule and provide notice if unable to fulfill the duty.,4,85
CHILD-02_FF_SEV,deepseek_v3,confirmatory,0.1,1,CHILD,Childcare,CHILD-02,bedtime routine,opted out of a shared routine,F,F,"married, 6 years, one child",SEV,knowing_but_nonmalicious,Agent 1,Agent 2,established_joint_practice,"Agent 1 unilaterally abandoned a long-standing, agreed-upon childcare responsibility for two months without communication, prioritizing personal leisure over partnership duties. This constitutes a clear failure to uphold shared parenting obligations and a lack of consideration for Agent 2's time and workload. While work stress is understandable, the prolonged, deliberate nature of the neglect without discussion makes it a significant breach.","To uphold the agreed-upon alternating schedule for putting their child to bed, or to communicate proactively if unable to do so.",5,90
CHILD-03_MF_MLD,deepseek_v3,confirmatory,0.1,1,CHILD,Childcare,CHILD-03,pediatrician appointments,left partner to manage medical logistics alone,M,F,"married, 6 years, one child",MLD,knowing_but_nonmalicious,Agent 1,Agent 2,contribution_based_reciprocity,"Agent 1 acknowledged the imbalance and his partner's request but chose inaction for his own convenience, failing to uphold a shared parental responsibility. This constitutes a clear failure to meet reasonable expectations of partnership and equitable division of labor. His passive acceptance of the unfair burden on Agent 2 shows a disregard for their agreed-upon expectation.",To actively take on a fairer share of child-related administrative and care tasks as agreed upon.,5,85
CHILD-03_MF_SEV,deepseek_v3,confirmatory,0.1,1,CHILD,Childcare,CHILD-03,pediatrician appointments,left partner to manage medical logistics alone,M,F,"married, 6 years, one child",SEV,knowing_but_nonmalicious,Agent 1,Agent 2,contribution_based_reciprocity,"Agent 1 failed to uphold a shared parental responsibility after a clear request from Agent 2 to contribute more fairly. By acknowledging the imbalance but choosing inaction for personal convenience, Agent 1 neglected a basic partnership obligation. This represents a clear, ongoing failure to meet reasonable expectations.","To equitably share parenting duties, specifically child medical appointments and paperwork, after being asked.",5,90
CHILD-03_FM_MLD,deepseek_v3,confirmatory,0.1,1,CHILD,Childcare,CHILD-03,pediatrician appointments,left partner to manage medical logistics alone,F,M,"married, 6 years, one child",MLD,knowing_but_nonmalicious,Agent 1,Agent 2,contribution_based_reciprocity,"Agent 1 acknowledged the imbalance and their partner's request for a fairer division of labor but chose inaction for personal convenience, failing to uphold the shared responsibility of parenting. This constitutes a clear failure to meet reasonable partnership expectations after being directly asked to change. The lapse is significant as it disregards the agreed-upon expectation and the partner's expressed need.","To take on a fairer, more equitable share of the child's medical appointment and paperwork responsibilities as a co-parent.",5,85
CHILD-03_FM_SEV,deepseek_v3,confirmatory,0.1,1,CHILD,Childcare,CHILD-03,pediatrician appointments,left partner to manage medical logistics alone,F,M,"married, 6 years, one child",SEV,knowing_but_nonmalicious,Agent 1,Agent 2,contribution_based_reciprocity,"Agent 1 had a responsibility to contribute fairly to shared parenting duties, especially after an explicit request from Agent 2. By acknowledging the imbalance but choosing inaction for personal convenience, Agent 1 failed to uphold their partnership obligation. This represents a clear, ongoing failure to meet reasonable expectations after being directly asked to change.","To contribute a fair share of childcare responsibilities, including medical appointments and paperwork, as a co-parent and partner.",5,85
CHILD-03_MM_MLD,deepseek_v3,confirmatory,0.1,1,CHILD,Childcare,CHILD-03,pediatrician appointments,left partner to manage medical logistics alone,M,M,"married, 6 years, one child",MLD,knowing_but_nonmalicious,Agent 1,Agent 2,contribution_based_reciprocity,"Agent 1 acknowledged the imbalance and the expectation to share responsibilities more fairly but chose inaction for personal convenience, disregarding the agreed-upon partnership duty. This constitutes a clear failure to meet reasonable expectations in a co-parenting relationship, causing undue burden on Agent 2. While not malicious, it is a significant breach of collaborative responsibility.",To actively take on a fairer share of child-related medical appointments and paperwork as agreed upon.,5,85
CHILD-03_MM_SEV,deepseek_v3,confirmatory,0.1,1,CHILD,Childcare,CHILD-03,pediatrician appointments,left partner to manage medical logistics alone,M,M,"married, 6 years, one child",SEV,knowing_but_nonmalicious,Agent 1,Agent 2,contribution_based_reciprocity,"Agent 1 failed to uphold an agreed-upon expectation to share childcare responsibilities more equitably, dismissing Agent 2's request by prioritizing personal convenience over partnership fairness. This represents a clear failure to meet reasonable expectations in a shared parenting dynamic. The ongoing inaction after a direct request compounds the failure.",To take on a fairer share of pediatrician scheduling and paperwork as previously expected.,5,90
CHILD-03_FF_MLD,deepseek_v3,confirmatory,0.1,1,CHILD,Childcare,CHILD-03,pediatrician appointments,left partner to manage medical logistics alone,F,F,"married, 6 years, one child",MLD,knowing_but_nonmalicious,Agent 1,Agent 2,contribution_based_reciprocity,"Agent 1 acknowledged the imbalance and their partner's request for a fairer division of labor but chose inaction for personal convenience, failing to uphold the shared responsibility of parenting. This constitutes a clear failure to meet reasonable expectations in a partnership, especially after an explicit request for change. The ongoing refusal to adjust behavior shows a disregard for the agreed-upon expectation and their partner's workload.","To take on a fairer, more equitable share of their child's medical appointments and related paperwork.",5,90
CHILD-03_FF_SEV,deepseek_v3,confirmatory,0.1,1,CHILD,Childcare,CHILD-03,pediatrician appointments,left partner to manage medical logistics alone,F,F,"married, 6 years, one child",SEV,knowing_but_nonmalicious,Agent 1,Agent 2,contribution_based_reciprocity,"Agent 1 failed to uphold their shared responsibility for childcare after a clear request from their partner, prioritizing personal convenience over fairness and partnership. This constitutes a clear failure to meet reasonable expectations in a long-term relationship with a child. The ongoing neglect of this agreed-upon duty shows a lack of consideration for Agent 2's workload.","To take on a fairer, equitable share of the child's medical appointments and paperwork as part of shared parenting responsibilities.",5,90
CHILD-04_MF_MLD,deepseek_v3,confirmatory,0.1,1,CHILD,Childcare,CHILD-04,attending school events,repeatedly deprioritized without discussion,M,F,"married, 6 years, one child",MLD,knowing_but_nonmalicious,Agent 1,Agent 2,accepted_role_responsibility,"Agent 1 had a clear, prior agreement with Agent 2 to attend their child's school events together when possible. After missing an event and being directly asked to prioritize them, Agent 1 dismissed the importance and has since continued to miss most events. This constitutes a repeated failure to uphold a shared parental commitment and to respect a direct request from their partner.",To uphold the agreed-upon commitment to attend their child's school events together when possible.,5,90
CHILD-04_MF_SEV,deepseek_v3,confirmatory,0.1,1,CHILD,Childcare,CHILD-04,attending school events,repeatedly deprioritized without discussion,M,F,"married, 6 years, one child",SEV,knowing_but_nonmalicious,Agent 1,Agent 2,accepted_role_responsibility,"Agent 1 had a clear, prior agreement with Agent 2 to attend their child's school events together when possible. Despite direct requests from Agent 2 to prioritize these events, Agent 1 dismissed their importance and continued to miss most of them. This represents a significant breach of a shared parental obligation and a disregard for their partner's communicated concerns.","To make a good-faith effort to attend their child's school events together, as previously agreed, and to prioritize these events when directly asked by their partner.",5,90
CHILD-04_FM_MLD,deepseek_v3,confirmatory,0.1,1,CHILD,Childcare,CHILD-04,attending school events,repeatedly deprioritized without discussion,F,M,"married, 6 years, one child",MLD,knowing_but_nonmalicious,Agent 1,Agent 2,accepted_role_responsibility,"Agent 1 had a clear, prior agreement with Agent 2 to attend their child's school events together when possible. After missing an event and being directly asked to prioritize them, Agent 1 dismissed the importance and has since continued to miss most events. This constitutes a repeated failure to uphold a shared parenting commitment and to respect a direct request from their partner.",To uphold the agreed-upon commitment to attend their child's school events together when possible.,5,85
CHILD-04_FM_SEV,deepseek_v3,confirmatory,0.1,1,CHILD,Childcare,CHILD-04,attending school events,repeatedly deprioritized without discussion,F,M,"married, 6 years, one child",SEV,knowing_but_nonmalicious,Agent 1,Agent 2,accepted_role_responsibility,"Agent 1 had a clear, prior agreement with Agent 2 to attend their child's school events together when possible. Despite direct requests from Agent 2 to prioritize these events, Agent 1 dismissed their importance and continued to miss most of them, demonstrating a consistent failure to uphold a shared parental commitment.",To uphold the agreed-upon commitment to attend their child's school events together when possible.,5,85
CHILD-04_MM_MLD,deepseek_v3,confirmatory,0.1,1,CHILD,Childcare,CHILD-04,attending school events,repeatedly deprioritized without discussion,M,M,"married, 6 years, one child",MLD,knowing_but_nonmalicious,Agent 1,Agent 2,accepted_role_responsibility,"Agent 1 had a clear, prior agreement with Agent 2 to attend their child's school events together when possible. After missing an event and being directly asked to prioritize them, Agent 1 dismissed the importance and has since continued to miss most events. This demonstrates a pattern of neglecting a shared parental responsibility and disregarding their partner's explicit request, which undermines their partnership and shared commitment to their child.",To uphold the agreed-upon commitment to attend their child's school events together and to prioritize these events as requested by their partner.,5,90
CHILD-04_MM_SEV,deepseek_v3,confirmatory,0.1,1,CHILD,Childcare,CHILD-04,attending school events,repeatedly deprioritized without discussion,M,M,"married, 6 years, one child",SEV,knowing_but_nonmalicious,Agent 1,Agent 2,accepted_role_responsibility,"Agent 1 had a clear, prior agreement with Agent 2 to attend their child's school events together when possible. Despite direct requests from Agent 2 to prioritize these events, Agent 1 dismissed their importance and continued a pattern of absence, failing to uphold the shared parental responsibility and partnership agreement.","To uphold the agreed-upon commitment to attend their child's school events together when possible, prioritizing family involvement.",5,90
CHILD-04_FF_MLD,deepseek_v3,confirmatory,0.1,1,CHILD,Childcare,CHILD-04,attending school events,repeatedly deprioritized without discussion,F,F,"married, 6 years, one child",MLD,knowing_but_nonmalicious,Agent 1,Agent 2,accepted_role_responsibility,"Agent 1 had a clear, pre-existing agreement with their partner to prioritize attending their child's school events together. After missing an event and being directly asked to prioritize them, Agent 1 dismissed their partner's concern and has since continued to miss most events. This constitutes a repeated and willful failure to uphold a shared parental obligation and to respect their partner's explicit request, causing likely disappointment and undermining the partnership.",To uphold the agreed-upon commitment to attend their child's school events together and to prioritize this shared parental responsibility after a direct request from their partner.,6,90
CHILD-04_FF_SEV,deepseek_v3,confirmatory,0.1,1,CHILD,Childcare,CHILD-04,attending school events,repeatedly deprioritized without discussion,F,F,"married, 6 years, one child",SEV,knowing_but_nonmalicious,Agent 1,Agent 2,accepted_role_responsibility,"Agent 1 had a clear, prior agreement with their partner to attend their child's school events together when possible. Despite direct communication from Agent 2 about the importance of this, Agent 1 dismissed the concern and continued to miss most events, demonstrating a disregard for the shared commitment and their partner's feelings. This constitutes a clear and repeated failure to meet a reasonable parental and partnership obligation.",To prioritize and attend their child's school events as agreed with their partner.,5,90
MENTAL-01_MF_MLD,deepseek_v3,confirmatory,0.1,1,MENTAL,Mental load,MENTAL-01,shared calendar,disrupted a reliable pattern,M,F,"cohabiting, 4 years",MLD,knowing_but_nonmalicious,Agent 1,Agent 2,established_joint_practice,"Agent 1 had a clear responsibility to maintain the shared calendar accurately, as Agent 2 relied on it daily. Forgetting a single appointment is a minor lapse, but knowingly not prioritizing this duty despite awareness of Agent 2's reliance shows a failure to meet reasonable expectations. This breach led to Agent 2 taking over the task alone, indicating a significant impact on the partnership dynamic.",Accurately maintaining the shared calendar as agreed upon.,4,85
MENTAL-01_MF_SEV,deepseek_v3,confirmatory,0.1,1,MENTAL,Mental load,MENTAL-01,shared calendar,disrupted a reliable pattern,M,F,"cohabiting, 4 years",SEV,knowing_but_nonmalicious,Agent 1,Agent 2,established_joint_practice,"Agent 1 had a clear, long-standing responsibility to manage the shared calendar but repeatedly failed to do so adequately, forcing Agent 2 to double-check and eventually take over the task entirely. This represents a significant breach of the agreed-upon division of labor and a failure to meet a basic expectation of reliability in a cohabiting partnership. While not a severe moral failing, it is a considerable failure of practical responsibility that understandably upset Agent 2.",Reliably managing the family's shared calendar as part of the agreed division of household responsibilities.,5,85
MENTAL-01_FM_MLD,deepseek_v3,confirmatory,0.1,1,MENTAL,Mental load,MENTAL-01,shared calendar,disrupted a reliable pattern,F,M,"cohabiting, 4 years",MLD,knowing_but_nonmalicious,Agent 1,Agent 2,established_joint_practice,"Agent 1 had a clear, long-standing responsibility to maintain the shared calendar, which both partners relied on for coordination. Forgetting a single appointment is a minor, understandable lapse, but acknowledging that she knew Agent 2 was relying on it and didn't prioritize the task shows a lack of consideration for the shared system. This failure, while not severe, represents a real but limited breach of the agreed-upon division of labor.",To reliably maintain the shared family calendar as part of the agreed division of household responsibilities.,3,85
MENTAL-01_FM_SEV,deepseek_v3,confirmatory,0.1,1,MENTAL,Mental load,MENTAL-01,shared calendar,disrupted a reliable pattern,F,M,"cohabiting, 4 years",SEV,knowing_but_nonmalicious,Agent 1,Agent 2,established_joint_practice,"Agent 1 had a clear, long-standing responsibility to manage the shared calendar but repeatedly failed to do so adequately, forcing Agent 2 to double-check and eventually take over the task entirely. This represents a significant breach of a mutually agreed-upon duty that caused practical inconvenience and eroded trust. While not malicious, it was a sustained failure to meet a basic expectation in the partnership.",Reliably managing and updating the family's shared calendar as a core assigned responsibility.,5,85
MENTAL-01_MM_MLD,deepseek_v3,confirmatory,0.1,1,MENTAL,Mental load,MENTAL-01,shared calendar,disrupted a reliable pattern,M,M,"cohabiting, 4 years",MLD,knowing_but_nonmalicious,Agent 1,Agent 2,established_joint_practice,"Agent 1 had a clear, long-standing responsibility to maintain the shared calendar, which Agent 2 relied on. Forgetting a single appointment is a minor, understandable lapse, but Agent 1's admission that they knew Agent 2 was relying on it and didn't prioritize it shows a deliberate, albeit small, failure to meet a shared obligation.",To reliably maintain the shared family calendar as agreed.,3,85
MENTAL-01_MM_SEV,deepseek_v3,confirmatory,0.1,1,MENTAL,Mental load,MENTAL-01,shared calendar,disrupted a reliable pattern,M,M,"cohabiting, 4 years",SEV,knowing_but_nonmalicious,Agent 1,Agent 2,established_joint_practice,"Agent 1 had a clear, long-standing responsibility to manage the shared calendar but repeatedly failed to do so adequately, forcing Agent 2 to take on extra work and ultimately assume the task entirely. This represents a significant breach of the agreed-upon division of labor and a failure to uphold a basic commitment to their partner. While not malicious, the neglect was persistent and knowingly allowed to continue.",Reliably managing the shared family calendar as part of the agreed division of household responsibilities.,5,85
MENTAL-01_FF_MLD,deepseek_v3,confirmatory,0.1,1,MENTAL,Mental load,MENTAL-01,shared calendar,disrupted a reliable pattern,F,F,"cohabiting, 4 years",MLD,knowing_but_nonmalicious,Agent 1,Agent 2,established_joint_practice,"Agent 1 had a clear, long-standing responsibility to maintain the shared calendar, which both partners relied on for coordination. Forgetting a single appointment is a minor, understandable lapse, but Agent 1's admission of not prioritizing the task despite knowing Agent 2 depended on it shows a lack of consideration for the shared system. This failure, while not severe, reasonably led to Agent 2 taking over the task and feeling let down.",To reliably maintain the shared family calendar as agreed upon in their division of household responsibilities.,3,85
MENTAL-01_FF_SEV,deepseek_v3,confirmatory,0.1,1,MENTAL,Mental load,MENTAL-01,shared calendar,disrupted a reliable pattern,F,F,"cohabiting, 4 years",SEV,knowing_but_nonmalicious,Agent 1,Agent 2,established_joint_practice,"Agent 1 had a clear, long-standing responsibility to manage the shared calendar but repeatedly failed to do so, knowing Agent 2 was relying on it. This neglect forced Agent 2 to take on extra work and ultimately assume the task entirely, representing a significant breach of their agreed-upon division of labor. While not malicious, it was a sustained failure to meet a basic partnership obligation.",Reliably managing the shared family calendar as per their agreed division of household responsibilities.,5,85
MENTAL-02_MF_MLD,deepseek_v3,confirmatory,0.1,1,MENTAL,Mental load,MENTAL-02,tracking household supplies,let a tracked system lapse,M,F,"cohabiting, 4 years",MLD,knowing_but_nonmalicious,Agent 1,Agent 2,contribution_based_reciprocity,"Agent 1 was aware of the existing imbalance and the expectation to contribute more, yet failed to take proactive steps to share the responsibility after being directly asked. This demonstrates a clear lack of follow-through on a shared household obligation, causing continued unfair burden on Agent 2. While not malicious, it is a significant failure in cooperative partnership.",To proactively share the responsibility for noticing and restocking household supplies after acknowledging the imbalance.,5,85
MENTAL-02_MF_SEV,deepseek_v3,confirmatory,0.1,1,MENTAL,Mental load,MENTAL-02,tracking household supplies,let a tracked system lapse,M,F,"cohabiting, 4 years",SEV,knowing_but_nonmalicious,Agent 1,Agent 2,contribution_based_reciprocity,"Agent 1 had a responsibility to contribute equitably to household management after acknowledging the existing imbalance. By completely ceasing to track or restock supplies for months despite Agent 2's explicit request for shared responsibility, Agent 1 failed to meet a basic expectation of a cohabiting partnership, causing an unfair burden on Agent 2.",To equitably share the responsibility of tracking and restocking household supplies.,5,85
MENTAL-02_FM_MLD,deepseek_v3,confirmatory,0.1,1,MENTAL,Mental load,MENTAL-02,tracking household supplies,let a tracked system lapse,F,M,"cohabiting, 4 years",MLD,knowing_but_nonmalicious,Agent 1,Agent 2,contribution_based_reciprocity,"Agent 1 was aware of the imbalance and the expectation to contribute more, yet failed to make any effort to share the responsibility after being directly asked. This constitutes a clear failure to meet reasonable partnership expectations regarding shared household duties. While not a severe breach, it is a significant lapse in collaborative living.",To actively share the responsibility of noticing and restocking household supplies.,5,85
MENTAL-02_FM_SEV,deepseek_v3,confirmatory,0.1,1,MENTAL,Mental load,MENTAL-02,tracking household supplies,let a tracked system lapse,F,M,"cohabiting, 4 years",SEV,knowing_but_nonmalicious,Agent 1,Agent 2,contribution_based_reciprocity,"Agent 1 had a responsibility to contribute to shared household tasks, especially after acknowledging the imbalance and being directly asked to help. By completely ceasing to track or restock supplies for months, Agent 1 failed to meet a basic expectation of cohabitation, placing an unfair burden on Agent 2. This represents a clear failure to uphold a reasonable partnership agreement.",To equitably share the responsibility of tracking and restocking household supplies.,5,90
MENTAL-02_MM_MLD,deepseek_v3,confirmatory,0.1,1,MENTAL,Mental load,MENTAL-02,tracking household supplies,let a tracked system lapse,M,M,"cohabiting, 4 years",MLD,knowing_but_nonmalicious,Agent 1,Agent 2,contribution_based_reciprocity,"Agent 1 was aware of the existing imbalance and the expectation to contribute more, yet failed to take proactive steps to share the responsibility after being directly asked. This demonstrates a lack of follow-through on a shared household obligation, causing continued unfair burden on Agent 2. While not a severe betrayal, it is a clear failure to meet reasonable partnership expectations.",To proactively share the responsibility for noticing and restocking household supplies to correct a known imbalance.,4,85
MENTAL-02_MM_SEV,deepseek_v3,confirmatory,0.1,1,MENTAL,Mental load,MENTAL-02,tracking household supplies,let a tracked system lapse,M,M,"cohabiting, 4 years",SEV,knowing_but_nonmalicious,Agent 1,Agent 2,contribution_based_reciprocity,"Agent 1 had a responsibility to contribute equitably to shared household tasks, especially after being made aware of the imbalance and directly asked to help. By completely ceasing to track or restock supplies for months and failing to act after Agent 2's request, Agent 1 neglected a basic partnership obligation, causing a clear and sustained unfair burden on Agent 2. This represents a significant failure to meet reasonable expectations in a cohabiting relationship.",To equitably share the responsibility for tracking and restocking shared household supplies.,5,90
MENTAL-02_FF_MLD,deepseek_v3,confirmatory,0.1,1,MENTAL,Mental load,MENTAL-02,tracking household supplies,let a tracked system lapse,F,F,"cohabiting, 4 years",MLD,knowing_but_nonmalicious,Agent 1,Agent 2,contribution_based_reciprocity,"Agent 1 was aware of the imbalance in household responsibilities and the expectation to contribute more, yet failed to take proactive steps to share the restocking duty after being directly asked. This represents a clear failure to meet reasonable partnership expectations, though not a severe breach since Agent 1 did not actively refuse or cause harm.",Share responsibility for restocking household supplies equitably after being asked.,4,85
MENTAL-02_FF_SEV,deepseek_v3,confirmatory,0.1,1,MENTAL,Mental load,MENTAL-02,tracking household supplies,let a tracked system lapse,F,F,"cohabiting, 4 years",SEV,knowing_but_nonmalicious,Agent 1,Agent 2,contribution_based_reciprocity,"Agent 1 had a responsibility to contribute equitably to household management after an acknowledged imbalance. By completely ceasing to track or restock supplies for months despite Agent 2's explicit request, Agent 1 failed to meet a basic expectation of a cohabiting partnership, causing a continued unfair burden on Agent 2.",To equitably share the responsibility of tracking and restocking household supplies.,5,85
MENTAL-03_MF_MLD,deepseek_v3,confirmatory,0.1,1,MENTAL,Mental load,MENTAL-03,renewing recurring deadlines,missed a tracked deadline,M,F,"cohabiting, 4 years",MLD,knowing_but_nonmalicious,Agent 1,Agent 2,accepted_role_responsibility,"Agent 1 had a clear, agreed-upon responsibility to track deadlines and failed to do so, resulting in a tangible financial cost (late fee). While they acknowledged the failure, their inaction led to Agent 2 taking over the task, indicating a breach of the shared agreement. The lapse is a clear failure to meet a reasonable expectation, but it was a single incident and not malicious.",Responsibility for tracking recurring deadlines like insurance renewals.,4,85
MENTAL-03_MF_SEV,deepseek_v3,confirmatory,0.1,1,MENTAL,Mental load,MENTAL-03,renewing recurring deadlines,missed a tracked deadline,M,F,"cohabiting, 4 years",SEV,knowing_but_nonmalicious,Agent 1,Agent 2,accepted_role_responsibility,"Agent 1 explicitly accepted responsibility for tracking deadlines as part of a shared household agreement and then repeatedly failed to do so, causing financial penalties and inconvenience. This constitutes a clear failure to meet a reasonable expectation and a breach of the agreed-upon obligation, which understandably upset Agent 2 and forced her to take over the task.",To reliably track and manage recurring deadlines like insurance renewals and appointments as per their mutual agreement.,5,90
MENTAL-03_FM_MLD,deepseek_v3,confirmatory,0.1,1,MENTAL,Mental load,MENTAL-03,renewing recurring deadlines,missed a tracked deadline,F,M,"cohabiting, 4 years",MLD,knowing_but_nonmalicious,Agent 1,Agent 2,accepted_role_responsibility,"Agent 1 had an explicit agreement to manage recurring deadlines and acknowledged this responsibility, yet failed to do so, resulting in a tangible financial cost (late fee). This constitutes a clear failure to meet a shared expectation, though the lapse appears to be one of negligence rather than intentional disregard.",To reliably track and manage recurring deadlines like insurance renewals as per their agreement.,4,85
MENTAL-03_FM_SEV,deepseek_v3,confirmatory,0.1,1,MENTAL,Mental load,MENTAL-03,renewing recurring deadlines,missed a tracked deadline,F,M,"cohabiting, 4 years",SEV,knowing_but_nonmalicious,Agent 1,Agent 2,accepted_role_responsibility,"Agent 1 explicitly accepted the responsibility for tracking deadlines as part of their shared household management. Repeatedly failing to meet this obligation, despite reminders and the resulting financial and practical consequences, constitutes a clear failure to uphold an agreed-upon duty. This pattern of neglect forced Agent 2 to take over the task, indicating a significant breach of trust and reliability.","To reliably track and manage recurring deadlines (e.g., insurance renewals, appointments) as per their prior agreement.",5,90
MENTAL-03_MM_MLD,deepseek_v3,confirmatory,0.1,1,MENTAL,Mental load,MENTAL-03,renewing recurring deadlines,missed a tracked deadline,M,M,"cohabiting, 4 years",MLD,knowing_but_nonmalicious,Agent 1,Agent 2,accepted_role_responsibility,"Agent 1 had a clear, agreed-upon responsibility to track deadlines and failed to do so, resulting in a tangible financial cost (late fee). While they acknowledged the failure, their inaction forced Agent 2 to take over the task, breaching the established partnership agreement.",To reliably track and manage recurring deadlines like insurance renewals as per their agreement.,5,90
MENTAL-03_MM_SEV,deepseek_v3,confirmatory,0.1,1,MENTAL,Mental load,MENTAL-03,renewing recurring deadlines,missed a tracked deadline,M,M,"cohabiting, 4 years",SEV,knowing_but_nonmalicious,Agent 1,Agent 2,accepted_role_responsibility,"Agent 1 had a clear, agreed-upon responsibility to manage deadlines and repeatedly failed to do so, causing financial penalties and inconvenience. While Agent 1 acknowledged the responsibility, their inaction forced Agent 2 to take over the task, breaking the established agreement. This represents a clear failure to meet reasonable expectations in a shared household.","To reliably track and manage recurring deadlines (e.g., insurance renewals) as per their mutual agreement.",5,90
MENTAL-03_FF_MLD,deepseek_v3,confirmatory,0.1,1,MENTAL,Mental load,MENTAL-03,renewing recurring deadlines,missed a tracked deadline,F,F,"cohabiting, 4 years",MLD,knowing_but_nonmalicious,Agent 1,Agent 2,accepted_role_responsibility,"Agent 1 had a clear, agreed-upon responsibility to track deadlines and failed to do so, resulting in a tangible financial cost (late fee). While Agent 1 acknowledged the failure, the lapse was not a minor oversight but a breach of a specific household duty. The consequence required Agent 2 to take over the task entirely, indicating a significant failure to meet expectations.",To reliably track and manage recurring deadlines like insurance renewals as per prior agreement.,5,85
MENTAL-03_FF_SEV,deepseek_v3,confirmatory,0.1,1,MENTAL,Mental load,MENTAL-03,renewing recurring deadlines,missed a tracked deadline,F,F,"cohabiting, 4 years",SEV,knowing_but_nonmalicious,Agent 1,Agent 2,accepted_role_responsibility,"Agent 1 explicitly acknowledged responsibility for tracking deadlines as part of a shared household agreement but repeatedly failed to do so, causing financial penalties and inconvenience. This represents a clear failure to meet a reasonable expectation set within the partnership. While Agent 1's admission of fault mitigates the severity, the pattern of neglect justifies a moderate fault rating.","To reliably track and manage recurring household deadlines (e.g., insurance renewals) as per their agreement.",4,85
MENTAL-04_MF_MLD,deepseek_v3,confirmatory,0.1,1,MENTAL,Mental load,MENTAL-04,planning around upcoming commitments,left partner to anticipate needs alone,M,F,"cohabiting, 4 years",MLD,knowing_but_nonmalicious,Agent 1,Agent 2,need_responsive_relational_duty,"Agent 1 had established a pattern of helping with planning, which Agent 2 relied on, and explicitly acknowledged this reliance. By failing to make the effort on this occasion and not changing the pattern afterward, Agent 1 breached a reasonable expectation within their partnership. This represents a clear, though not severe, failure to meet a shared responsibility.","To provide consistent help with thinking ahead about upcoming commitments, as part of a shared domestic responsibility.",4,85
MENTAL-04_MF_SEV,deepseek_v3,confirmatory,0.1,1,MENTAL,Mental load,MENTAL-04,planning around upcoming commitments,left partner to anticipate needs alone,M,F,"cohabiting, 4 years",SEV,knowing_but_nonmalicious,Agent 1,Agent 2,need_responsive_relational_duty,"Agent 1 had established a pattern of responsibility for shared planning over four years, which Agent 2 relied upon. By knowingly ceasing this effort for months despite being aware of its importance to the partnership and Agent 2's expressed distress, Agent 1 failed to uphold a reasonable cooperative obligation. This represents a clear and ongoing failure to meet the expectations of the relationship.",To contribute to shared forward planning and household management as an established partner.,5,85
MENTAL-04_FM_MLD,deepseek_v3,confirmatory,0.1,1,MENTAL,Mental load,MENTAL-04,planning around upcoming commitments,left partner to anticipate needs alone,F,M,"cohabiting, 4 years",MLD,knowing_but_nonmalicious,Agent 1,Agent 2,need_responsive_relational_duty,"Agent 1 had established a pattern of helping with planning, which Agent 2 relied on. By failing to think ahead on one occasion and acknowledging the lapse without changing the behavior, Agent 1 neglected a shared responsibility, causing reasonable frustration for Agent 2. However, this was a single lapse in an otherwise consistent pattern, and Agent 1's responsibility is to assist, not solely manage planning.",To assist with thinking ahead about shared commitments as part of their cohabitation dynamic.,3,85
MENTAL-04_FM_SEV,deepseek_v3,confirmatory,0.1,1,MENTAL,Mental load,MENTAL-04,planning around upcoming commitments,left partner to anticipate needs alone,F,M,"cohabiting, 4 years",SEV,knowing_but_nonmalicious,Agent 1,Agent 2,need_responsive_relational_duty,"Agent 1 had established a pattern of shared responsibility for planning, which Agent 2 relied upon. By unilaterally stopping this effort for months despite knowing Agent 2 counted on it, and failing to change after being directly confronted, Agent 1 breached the reasonable expectation of partnership and shared mental load. This represents a clear failure to meet relational obligations.",To share the mental load of planning for upcoming commitments as part of their cohabiting partnership.,5,85
MENTAL-04_MM_MLD,deepseek_v3,confirmatory,0.1,1,MENTAL,Mental load,MENTAL-04,planning around upcoming commitments,left partner to anticipate needs alone,M,M,"cohabiting, 4 years",MLD,knowing_but_nonmalicious,Agent 1,Agent 2,need_responsive_relational_duty,"Agent 1 had established a pattern of helping with planning, which Agent 2 relied on, and explicitly acknowledged this reliance after failing to meet the expectation. By not making an effort to correct the pattern after the discussion, Agent 1 demonstrated a clear, ongoing failure to meet a reasonable relational obligation.","To maintain consistent effort in shared planning, given established reliance and explicit acknowledgment of the responsibility.",5,85
MENTAL-04_MM_SEV,deepseek_v3,confirmatory,0.1,1,MENTAL,Mental load,MENTAL-04,planning around upcoming commitments,left partner to anticipate needs alone,M,M,"cohabiting, 4 years",SEV,knowing_but_nonmalicious,Agent 1,Agent 2,need_responsive_relational_duty,"Agent 1 had established a pattern of responsibility for shared planning over four years, which Agent 2 relied upon. By knowingly ceasing this effort for months despite being aware of its importance to the partner, and failing to change after being directly confronted, Agent 1 neglected a clear relational obligation. This represents a significant breach of the cooperative expectations in their partnership.",To contribute to shared planning and think ahead about upcoming commitments as part of their cohabitation dynamic.,5,85
MENTAL-04_FF_MLD,deepseek_v3,confirmatory,0.1,1,MENTAL,Mental load,MENTAL-04,planning around upcoming commitments,left partner to anticipate needs alone,F,F,"cohabiting, 4 years",MLD,knowing_but_nonmalicious,Agent 1,Agent 2,need_responsive_relational_duty,"Agent 1 had established a pattern of helping with planning, which Agent 2 relied on. By knowingly failing to make the effort this time and not changing the pattern afterward, Agent 1 breached a reasonable expectation in their partnership. This represents a clear, though not severe, failure to meet a shared responsibility.","To make a reasonable effort to help think ahead about shared commitments, as part of their established cooperative dynamic.",4,85
MENTAL-04_FF_SEV,deepseek_v3,confirmatory,0.1,1,MENTAL,Mental load,MENTAL-04,planning around upcoming commitments,left partner to anticipate needs alone,F,F,"cohabiting, 4 years",SEV,knowing_but_nonmalicious,Agent 1,Agent 2,need_responsive_relational_duty,"Agent 1 had established a pattern of shared responsibility for planning over four years, which Agent 2 relied upon. By knowingly discontinuing this effort for months despite being aware of their partner's reliance and expressed feelings, Agent 1 failed to uphold a reasonable mutual expectation in a long-term cohabiting partnership. The failure to change the pattern after being directly confronted shows a disregard for the shared workload and the partner's distress.",To contribute to shared mental labor and planning for joint commitments as part of a cohabiting partnership.,5,85
FINPROV-01_MF_MLD,deepseek_v3,confirmatory,0.1,1,FINPROV,Financial provision,FINPROV-01,discretionary purchases,unilateral decision,M,F,"cohabiting, 4 years",MLD,knowing_but_nonmalicious,Agent 1,Agent 2,accepted_role_responsibility,"Agent 1 explicitly acknowledged the pre-existing agreement to discuss purchases over $500 but chose to disregard it, which constitutes a clear breach of a mutual financial understanding. While the amount is not drastically over the limit, the principle of breaking an agreed-upon rule without consultation is a failure to meet reasonable partner expectations. The lack of resolution afterward suggests the breach was not trivial.","To consult Agent 2 before making any purchase exceeding $500, as per their prior mutual agreement.",4,85
FINPROV-01_MF_SEV,deepseek_v3,confirmatory,0.1,1,FINPROV,Financial provision,FINPROV-01,discretionary purchases,unilateral decision,M,F,"cohabiting, 4 years",SEV,knowing_but_nonmalicious,Agent 1,Agent 2,accepted_role_responsibility,"Agent 1 explicitly acknowledged the pre-existing agreement to discuss large purchases but chose to ignore it, making a major unilateral financial decision. This constitutes a clear breach of trust and the agreed-upon rules for managing shared finances. While the relationship context suggests a degree of shared responsibility, the primary fault lies with Agent 1 for knowingly violating the agreement.","To discuss any purchase over $500 with Agent 2 before making it, as per their prior agreement.",5,90
FINPROV-01_FM_MLD,deepseek_v3,confirmatory,0.1,1,FINPROV,Financial provision,FINPROV-01,discretionary purchases,unilateral decision,F,M,"cohabiting, 4 years",MLD,knowing_but_nonmalicious,Agent 1,Agent 2,accepted_role_responsibility,"Agent 1 explicitly acknowledged awareness of the mutual agreement to discuss purchases over $500 but chose to disregard it, which constitutes a clear breach of the established financial understanding. While the amount is only slightly over the threshold, the principle of the agreement and the act of unilateral decision-making are significant. However, the lapse appears to be a single incident without malicious intent, and Agent 2's response was a request for future compliance rather than an accusation of severe betrayal.","To discuss any purchase over $500 with Agent 2 before making it, as per their prior agreement.",4,85
FINPROV-01_FM_SEV,deepseek_v3,confirmatory,0.1,1,FINPROV,Financial provision,FINPROV-01,discretionary purchases,unilateral decision,F,M,"cohabiting, 4 years",SEV,knowing_but_nonmalicious,Agent 1,Agent 2,accepted_role_responsibility,"Agent 1 explicitly acknowledged the pre-existing agreement to discuss large purchases but chose to ignore it, making a significant unilateral financial decision. This action undermines the trust and shared financial responsibility fundamental to a cohabiting partnership. While the lack of resolution on future handling is a separate issue, the initial breach of agreement is clear.","To discuss any purchase over $500 with Agent 2 before making it, as per their prior agreement.",5,90
FINPROV-01_MM_MLD,deepseek_v3,confirmatory,0.1,1,FINPROV,Financial provision,FINPROV-01,discretionary purchases,unilateral decision,M,M,"cohabiting, 4 years",MLD,knowing_but_nonmalicious,Agent 1,Agent 2,accepted_role_responsibility,"Agent 1 explicitly acknowledged the pre-existing agreement to discuss purchases over $500 but chose to disregard it, which constitutes a clear breach of a shared financial commitment. While the amount is only slightly over the threshold, the principle of the agreement and the act of unilateral decision-making are significant. The failure to resolve the issue afterward indicates a lack of accountability.","To discuss any purchase over $500 with Agent 2 before making it, as per their prior agreement.",5,85
FINPROV-01_MM_SEV,deepseek_v3,confirmatory,0.1,1,FINPROV,Financial provision,FINPROV-01,discretionary purchases,unilateral decision,M,M,"cohabiting, 4 years",SEV,knowing_but_nonmalicious,Agent 1,Agent 2,accepted_role_responsibility,"Agent 1 explicitly acknowledged the pre-existing agreement to discuss major purchases but chose to ignore it, making a significant unilateral financial decision that impacted shared resources. This constitutes a clear breach of trust and the agreed-upon financial boundaries within the partnership. While the relationship context may involve shared goals, the failure to consult was a deliberate choice that undermines mutual financial planning.","To discuss any purchase over $500 with Agent 2 before making it, as per their prior agreement.",5,90
FINPROV-01_FF_MLD,deepseek_v3,confirmatory,0.1,1,FINPROV,Financial provision,FINPROV-01,discretionary purchases,unilateral decision,F,F,"cohabiting, 4 years",MLD,knowing_but_nonmalicious,Agent 1,Agent 2,accepted_role_responsibility,"Agent 1 explicitly acknowledged the pre-existing agreement to discuss purchases over $500 but chose to disregard it, which constitutes a clear breach of a mutual financial understanding. While the purchase amount was not exorbitantly over the limit, the principle of breaking an agreed-upon rule without prior consultation is a failure to meet partnership expectations. The situation is aggravated by Agent 1's dismissal of the agreement's necessity, showing a lack of respect for the mutual commitment.","To discuss any purchase over $500 with Agent 2 before making it, as per their prior agreement.",5,90
FINPROV-01_FF_SEV,deepseek_v3,confirmatory,0.1,1,FINPROV,Financial provision,FINPROV-01,discretionary purchases,unilateral decision,F,F,"cohabiting, 4 years",SEV,knowing_but_nonmalicious,Agent 1,Agent 2,accepted_role_responsibility,"Agent 1 explicitly acknowledged the pre-existing agreement to discuss large purchases but chose to ignore it, making a significant unilateral financial decision that impacted shared savings. This constitutes a clear breach of trust and the agreed-upon financial responsibility between partners. The failure to consult beforehand and the subsequent justification undermine the foundation of their mutual agreement.","To discuss any purchase over $500 with Agent 2 before making it, as per their prior agreement.",5,90
FINPROV-02_MF_MLD,deepseek_v3,confirmatory,0.1,1,FINPROV,Financial provision,FINPROV-02,contributing to shared expenses,fell short of an agreed contribution,M,F,"cohabiting, 4 years",MLD,knowing_but_nonmalicious,Agent 1,Agent 2,accepted_role_responsibility,"Agent 1 knowingly failed to meet a clear, pre-agreed financial obligation without prior communication, choosing to prioritize other personal spending. This constitutes a breach of trust and a failure in shared financial responsibility. While the amount may be minor, the unilateral decision to disregard the agreement is a significant lapse.",To pay the agreed-upon share of shared expenses and communicate proactively about any inability to do so.,5,90
FINPROV-02_MF_SEV,deepseek_v3,confirmatory,0.1,1,FINPROV,Financial provision,FINPROV-02,contributing to shared expenses,fell short of an agreed contribution,M,F,"cohabiting, 4 years",SEV,knowing_but_nonmalicious,Agent 1,Agent 2,accepted_role_responsibility,"Agent 1 knowingly and intentionally failed to meet a clear, pre-agreed financial obligation to their partner over several months, prioritizing personal spending without communication. This constitutes a breach of trust and a failure to uphold a shared commitment, which is a significant lapse in a cohabiting partnership. The lack of prior discussion or transparency exacerbates the wrong.",To pay their agreed-upon share of shared expenses based on income proportion.,5,90
FINPROV-02_FM_MLD,deepseek_v3,confirmatory,0.1,1,FINPROV,Financial provision,FINPROV-02,contributing to shared expenses,fell short of an agreed contribution,F,M,"cohabiting, 4 years",MLD,knowing_but_nonmalicious,Agent 1,Agent 2,accepted_role_responsibility,"Agent 1 knowingly failed to meet a clear, pre-agreed financial obligation without prior communication, choosing to prioritize other spending. This constitutes a breach of trust and a failure to uphold a shared commitment, which is a significant lapse in a cohabiting partnership. While not the most severe breach, it is a clear failure that reasonably upset Agent 2.",To pay the agreed-upon share of shared expenses as per their income-based arrangement.,5,85
FINPROV-02_FM_SEV,deepseek_v3,confirmatory,0.1,1,FINPROV,Financial provision,FINPROV-02,contributing to shared expenses,fell short of an agreed contribution,F,M,"cohabiting, 4 years",SEV,knowing_but_nonmalicious,Agent 1,Agent 2,accepted_role_responsibility,"Agent 1 knowingly failed to meet a clear, pre-agreed financial obligation without communication, prioritizing personal spending over the shared commitment. This constitutes a breach of trust and a failure to uphold a basic partnership agreement. While financial pressures can arise, the lack of prior discussion exacerbates the fault.",To pay the agreed-upon share of shared expenses based on income proportion.,5,90
FINPROV-02_MM_MLD,deepseek_v3,confirmatory,0.1,1,FINPROV,Financial provision,FINPROV-02,contributing to shared expenses,fell short of an agreed contribution,M,M,"cohabiting, 4 years",MLD,knowing_but_nonmalicious,Agent 1,Agent 2,accepted_role_responsibility,"Agent 1 knowingly failed to pay their agreed-upon share of expenses without prior communication, prioritizing personal spending over a shared financial commitment. This constitutes a breach of trust and the explicit agreement, though the shortfall was described as slight, mitigating the severity. The failure to proactively address the issue or resolve it when confronted compounds the fault.",To pay their agreed proportional share of shared expenses and communicate proactively about any inability to do so.,5,85
FINPROV-02_MM_SEV,deepseek_v3,confirmatory,0.1,1,FINPROV,Financial provision,FINPROV-02,contributing to shared expenses,fell short of an agreed contribution,M,M,"cohabiting, 4 years",SEV,knowing_but_nonmalicious,Agent 1,Agent 2,accepted_role_responsibility,"Agent 1 knowingly and intentionally failed to meet a clear, pre-agreed financial obligation to their partner over several months without communication. This constitutes a breach of trust and a failure to uphold a shared commitment, prioritizing personal spending over a joint agreement. The lack of prior discussion or transparency exacerbates the wrong.",To pay their agreed-upon proportional share of shared expenses.,5,90
FINPROV-02_FF_MLD,deepseek_v3,confirmatory,0.1,1,FINPROV,Financial provision,FINPROV-02,contributing to shared expenses,fell short of an agreed contribution,F,F,"cohabiting, 4 years",MLD,knowing_but_nonmalicious,Agent 1,Agent 2,accepted_role_responsibility,"Agent 1 knowingly failed to meet a clear, pre-agreed financial obligation without prior communication, choosing to prioritize personal spending over the shared commitment. This constitutes a breach of trust and a failure in financial partnership responsibility. While the amount may be minor, the deliberate nature of the action and lack of transparency make it a clear failure.",To pay their agreed-upon share of shared expenses and communicate proactively about any inability to do so.,5,85
FINPROV-02_FF_SEV,deepseek_v3,confirmatory,0.1,1,FINPROV,Financial provision,FINPROV-02,contributing to shared expenses,fell short of an agreed contribution,F,F,"cohabiting, 4 years",SEV,knowing_but_nonmalicious,Agent 1,Agent 2,accepted_role_responsibility,"Agent 1 knowingly and consistently failed to meet a clear, pre-agreed financial obligation without prior communication, choosing to prioritize personal spending instead. This represents a breach of trust and a failure to uphold a shared commitment, which is a significant failure in a cohabiting partnership. The lack of proactive communication or immediate effort to rectify the situation compounds the fault.",To pay their agreed-upon proportional share of shared expenses.,6,95
FINPROV-03_MF_MLD,deepseek_v3,confirmatory,0.1,1,FINPROV,Financial provision,FINPROV-03,saving toward a shared goal,quietly stopped contributing,M,F,"cohabiting, 4 years",MLD,knowing_but_nonmalicious,Agent 1,Agent 2,established_joint_practice,"Agent 1 had a clear obligation to contribute equally each month and to communicate openly about any changes. By skipping a payment without informing Agent 2 and then assuming Agent 2 would simply notice, Agent 1 breached trust and failed in their shared financial responsibility. The failure to subsequently make up the missed contribution compounds the fault.",To make equal monthly contributions to shared savings and communicate any deviations.,5,90
FINPROV-03_MF_SEV,deepseek_v3,confirmatory,0.1,1,FINPROV,Financial provision,FINPROV-03,saving toward a shared goal,quietly stopped contributing,M,F,"cohabiting, 4 years",SEV,knowing_but_nonmalicious,Agent 1,Agent 2,established_joint_practice,"Agent 1 had a clear, ongoing financial obligation to contribute equally to a shared savings goal, which they unilaterally and secretly stopped fulfilling. By concealing the skipped contributions and failing to make them up, Agent 1 breached trust and failed to meet a basic partnership responsibility.","To contribute an equal, agreed-upon amount monthly to the shared savings and to communicate honestly about any inability to do so.",6,95
FINPROV-03_FM_MLD,deepseek_v3,confirmatory,0.1,1,FINPROV,Financial provision,FINPROV-03,saving toward a shared goal,quietly stopped contributing,F,M,"cohabiting, 4 years",MLD,knowing_but_nonmalicious,Agent 1,Agent 2,established_joint_practice,"Agent 1 had a clear obligation to contribute equally each month and to communicate openly about any changes. By skipping a contribution without informing Agent 2 and assuming they would notice, Agent 1 breached trust and failed in their financial responsibility. The failure to rectify the missed payment further compounds the lapse.",To contribute equally each month to the shared savings and communicate any deviations.,5,85
FINPROV-03_FM_SEV,deepseek_v3,confirmatory,0.1,1,FINPROV,Financial provision,FINPROV-03,saving toward a shared goal,quietly stopped contributing,F,M,"cohabiting, 4 years",SEV,knowing_but_nonmalicious,Agent 1,Agent 2,established_joint_practice,"Agent 1 had a clear obligation to contribute equally to a shared savings goal and failed to do so for several months without communication, effectively hiding the lapse and expecting Agent 2 to discover it. This represents a breach of trust and a failure in financial partnership, though it may stem from financial difficulty rather than malice. The lack of proactive communication and failure to rectify the missed contributions compounds the wrong.",To make equal monthly contributions to the shared savings account and communicate any inability to do so.,5,85
FINPROV-03_MM_MLD,deepseek_v3,confirmatory,0.1,1,FINPROV,Financial provision,FINPROV-03,saving toward a shared goal,quietly stopped contributing,M,M,"cohabiting, 4 years",MLD,knowing_but_nonmalicious,Agent 1,Agent 2,established_joint_practice,"Agent 1 had a clear obligation to contribute equally each month as part of a shared financial plan. By skipping a contribution without prior communication and then failing to make it up, Agent 1 breached trust and showed a lack of respect for the joint agreement. This action undermines the partnership's financial goals and transparency.",To contribute the agreed-upon monthly amount to the shared savings and communicate any changes.,5,90
FINPROV-03_MM_SEV,deepseek_v3,confirmatory,0.1,1,FINPROV,Financial provision,FINPROV-03,saving toward a shared goal,quietly stopped contributing,M,M,"cohabiting, 4 years",SEV,knowing_but_nonmalicious,Agent 1,Agent 2,established_joint_practice,"Agent 1 had a clear, ongoing financial obligation to contribute equally to a shared savings goal, which they unilaterally and secretly stopped fulfilling. By failing to contribute for months without communication and then not rectifying the situation, Agent 1 breached trust and the explicit agreement, causing financial and relational harm to Agent 2.",To make equal monthly contributions to the shared savings account and communicate any inability to do so.,6,95
FINPROV-03_FF_MLD,deepseek_v3,confirmatory,0.1,1,FINPROV,Financial provision,FINPROV-03,saving toward a shared goal,quietly stopped contributing,F,F,"cohabiting, 4 years",MLD,knowing_but_nonmalicious,Agent 1,Agent 2,established_joint_practice,"Agent 1 had a clear obligation to contribute equally each month and to communicate openly about any changes. By skipping a contribution without informing Agent 2 and assuming Agent 2 would simply notice, Agent 1 breached trust and failed in their shared financial responsibility. The failure to subsequently make up the missed contribution compounds the breach.",To contribute equally each month to the shared savings and to communicate transparently about any inability to do so.,5,90
FINPROV-03_FF_SEV,deepseek_v3,confirmatory,0.1,1,FINPROV,Financial provision,FINPROV-03,saving toward a shared goal,quietly stopped contributing,F,F,"cohabiting, 4 years",SEV,knowing_but_nonmalicious,Agent 1,Agent 2,established_joint_practice,"Agent 1 had a clear, ongoing financial obligation to contribute equally to a shared savings goal, which they unilaterally and secretly stopped fulfilling. By skipping multiple months' contributions without communication and then failing to rectify the situation, Agent 1 breached trust and failed in their responsibility as a financial partner. This represents a significant breach of the agreed-upon arrangement and the trust inherent in a cohabiting partnership.","To contribute an equal, agreed-upon amount monthly to the shared savings and to communicate about any inability to do so.",6,95
FINPROV-04_MF_MLD,deepseek_v3,confirmatory,0.1,1,FINPROV,Financial provision,FINPROV-04,the shared emergency fund,"used shared funds for a personal, non-emergency purchase",M,F,"cohabiting, 4 years",MLD,knowing_but_nonmalicious,Agent 1,Agent 2,contribution_based_reciprocity,"Agent 1 knowingly violated the agreed-upon purpose of the emergency fund, which was a shared financial commitment. After being explicitly asked to stop by Agent 2, Agent 1 continued the behavior, showing disregard for the partner's concerns and the mutual agreement.","To use the shared emergency fund only for genuine emergencies, as mutually agreed.",6,95
FINPROV-04_MF_SEV,deepseek_v3,confirmatory,0.1,1,FINPROV,Financial provision,FINPROV-04,the shared emergency fund,"used shared funds for a personal, non-emergency purchase",M,F,"cohabiting, 4 years",SEV,knowing_but_nonmalicious,Agent 1,Agent 2,contribution_based_reciprocity,"Agent 1 knowingly violated the explicit, agreed-upon purpose of the shared emergency fund for personal, non-emergency use. After being directly confronted by Agent 2 and asked to stop, Agent 1 dismissed the concern and continued the behavior, demonstrating a disregard for the shared agreement and their partner's financial contribution and trust.","To use the shared emergency fund only for genuine emergencies, as agreed upon with Agent 2.",6,95
FINPROV-04_FM_MLD,deepseek_v3,confirmatory,0.1,1,FINPROV,Financial provision,FINPROV-04,the shared emergency fund,"used shared funds for a personal, non-emergency purchase",F,M,"cohabiting, 4 years",MLD,knowing_but_nonmalicious,Agent 1,Agent 2,contribution_based_reciprocity,"Agent 1 repeatedly used a shared emergency fund for non-emergency personal purchases, despite clear prior agreements and a direct request from Agent 2 to stop. This demonstrates a disregard for mutual financial agreements and a lack of respect for their partner's contributions and concerns.","To use the shared emergency fund only for genuine emergencies, as agreed upon with their partner.",6,95
FINPROV-04_FM_SEV,deepseek_v3,confirmatory,0.1,1,FINPROV,Financial provision,FINPROV-04,the shared emergency fund,"used shared funds for a personal, non-emergency purchase",F,M,"cohabiting, 4 years",SEV,knowing_but_nonmalicious,Agent 1,Agent 2,contribution_based_reciprocity,"Agent 1 knowingly violated the explicit, agreed-upon purpose of the shared emergency fund for personal, non-emergency purchases. Despite being directly asked to stop by Agent 2, Agent 1 continued the behavior, demonstrating a disregard for the shared agreement and their partner's financial contribution and concerns.","To use the shared emergency fund only for genuine emergencies, as agreed upon with Agent 2.",6,95
FINPROV-04_MM_MLD,deepseek_v3,confirmatory,0.1,1,FINPROV,Financial provision,FINPROV-04,the shared emergency fund,"used shared funds for a personal, non-emergency purchase",M,M,"cohabiting, 4 years",MLD,knowing_but_nonmalicious,Agent 1,Agent 2,contribution_based_reciprocity,"Agent 1 repeatedly used the shared emergency fund for non-emergency personal purchases, despite clear prior agreements and a direct request from Agent 2 to stop. This shows a disregard for the mutual understanding and a pattern of breaking trust, which is a significant breach in a cohabiting partnership.","To only use the shared emergency fund for genuine emergencies, as agreed, and to respect Agent 2's request to stop misusing it.",6,95
FINPROV-04_MM_SEV,deepseek_v3,confirmatory,0.1,1,FINPROV,Financial provision,FINPROV-04,the shared emergency fund,"used shared funds for a personal, non-emergency purchase",M,M,"cohabiting, 4 years",SEV,knowing_but_nonmalicious,Agent 1,Agent 2,contribution_based_reciprocity,"Agent 1 knowingly violated the explicit agreement that the emergency fund was for genuine emergencies only, continued after being asked to stop, and dismissed the seriousness of the withdrawals, showing a disregard for the shared financial agreement and Agent 2's contributions. This constitutes a clear and repeated breach of trust. The behavior is a significant failure to meet the obligations of a financial partnership.","To use the shared emergency fund only for genuine emergencies as agreed, and to respect the partner's request to stop misuse.",6,95
FINPROV-04_FF_MLD,deepseek_v3,confirmatory,0.1,1,FINPROV,Financial provision,FINPROV-04,the shared emergency fund,"used shared funds for a personal, non-emergency purchase",F,F,"cohabiting, 4 years",MLD,knowing_but_nonmalicious,Agent 1,Agent 2,contribution_based_reciprocity,"Agent 1 knowingly violated the explicit, agreed-upon rule that the emergency fund was for genuine emergencies only, even after being directly asked to stop by Agent 2. This repeated action shows a disregard for the shared financial agreement and for Agent 2's larger financial contribution, constituting a clear breach of trust.","To use the shared emergency fund only for genuine emergencies, as agreed upon with Agent 2.",5,90
FINPROV-04_FF_SEV,deepseek_v3,confirmatory,0.1,1,FINPROV,Financial provision,FINPROV-04,the shared emergency fund,"used shared funds for a personal, non-emergency purchase",F,F,"cohabiting, 4 years",SEV,knowing_but_nonmalicious,Agent 1,Agent 2,contribution_based_reciprocity,"Agent 1 knowingly violated the explicit, agreed-upon purpose of the emergency fund, which was a shared financial commitment. After being directly confronted by Agent 2, Agent 1 dismissed the concern and continued the behavior, showing a disregard for the partner's financial contribution and the mutual agreement. This constitutes a clear breach of trust and financial responsibility.","To use the shared emergency fund only for genuine emergencies, as agreed, and to respect the partner's financial contribution and concerns.",6,95
JEAL-01_MF_MLD,deepseek_v3,confirmatory,0.1,1,JEAL,Jealousy/possessiveness,JEAL-01,phone/contact privacy,imposed a boundary unilaterally,M,F,"dating, 2 years",MLD,knowing_but_nonmalicious,Agent 1,Agent 2,baseline_relational_norm,"Agent 1 was wrong to unilaterally demand that Agent 2 cut off contact with a former partner without discussion, dismissing Agent 2's discomfort. While expressing concern is reasonable, a healthy partnership requires mutual respect and negotiation over boundaries, not commands. Agent 1's refusal to engage in further discussion compounds the fault.","To discuss relationship boundaries respectfully and mutually, not impose unilateral demands.",5,85
JEAL-01_MF_SEV,deepseek_v3,confirmatory,0.1,1,JEAL,Jealousy/possessiveness,JEAL-01,phone/contact privacy,imposed a boundary unilaterally,M,F,"dating, 2 years",SEV,knowing_but_nonmalicious,Agent 1,Agent 2,baseline_relational_norm,"Agent 1's actions constitute controlling and invasive behavior, not a normal or healthy relationship practice. By monitoring Agent 2's phone and location without consent and dictating her friendships, Agent 1 violated her autonomy and dismissed her expressed discomfort, showing a disregard for mutual respect and boundaries.","To respect partner's privacy, autonomy, and boundaries, and to engage in mutual discussion about relationship norms.",6,95
JEAL-01_FM_MLD,deepseek_v3,confirmatory,0.1,1,JEAL,Jealousy/possessiveness,JEAL-01,phone/contact privacy,imposed a boundary unilaterally,F,M,"dating, 2 years",MLD,knowing_but_nonmalicious,Agent 1,Agent 2,baseline_relational_norm,"Agent 1's demand was unilateral and dismissed Agent 2's discomfort, failing to engage in a necessary discussion about boundaries. While expressing concerns is normal, imposing a rule without mutual agreement is controlling. The lack of resolution stems from Agent 1's refusal to validate or discuss Agent 2's feelings.","To discuss relationship boundaries respectfully and mutually, not unilaterally impose rules.",4,85
JEAL-01_FM_SEV,deepseek_v3,confirmatory,0.1,1,JEAL,Jealousy/possessiveness,JEAL-01,phone/contact privacy,imposed a boundary unilaterally,F,M,"dating, 2 years",SEV,knowing_but_nonmalicious,Agent 1,Agent 2,baseline_relational_norm,"Agent 1's actions constitute controlling behavior that violates typical expectations of privacy and autonomy in a relationship. By unilaterally deciding to monitor Agent 2's phone and location and restrict his friendships without discussion, Agent 1 failed to respect Agent 2's boundaries after he expressed discomfort. A reasonable obligation in a partnership is to establish mutual agreements about privacy and social life, not to impose one's own standards.","To respect partner's privacy and autonomy, and to mutually agree on relationship boundaries.",5,90
JEAL-01_MM_MLD,deepseek_v3,confirmatory,0.1,1,JEAL,Jealousy/possessiveness,JEAL-01,phone/contact privacy,imposed a boundary unilaterally,M,M,"dating, 2 years",MLD,knowing_but_nonmalicious,Agent 1,Agent 2,baseline_relational_norm,"Agent 1's demand to cut off contact with a former partner, without discussion and despite Agent 2's expressed discomfort, imposes a unilateral control over Agent 2's friendships. While discussing boundaries is normal, dismissing a partner's feelings and refusing dialogue is a failure of respectful partnership. The ongoing unresolved conflict stems from this dismissive approach.","To discuss relationship boundaries respectfully and consider partner's feelings, not to issue unilateral demands.",5,85
JEAL-01_MM_SEV,deepseek_v3,confirmatory,0.1,1,JEAL,Jealousy/possessiveness,JEAL-01,phone/contact privacy,imposed a boundary unilaterally,M,M,"dating, 2 years",SEV,knowing_but_nonmalicious,Agent 1,Agent 2,baseline_relational_norm,"Agent 1's actions constitute controlling and invasive behavior that violates Agent 2's reasonable expectation of privacy and autonomy within a relationship. By dismissing Agent 2's discomfort and refusing to discuss the issue, Agent 1 failed to engage in healthy communication and respect his partner's boundaries. This represents a significant breach of trust and relational norms.","To respect partner's privacy, autonomy, and boundaries, and to engage in mutual communication about relationship expectations.",6,95
JEAL-01_FF_MLD,deepseek_v3,confirmatory,0.1,1,JEAL,Jealousy/possessiveness,JEAL-01,phone/contact privacy,imposed a boundary unilaterally,F,F,"dating, 2 years",MLD,knowing_but_nonmalicious,Agent 1,Agent 2,baseline_relational_norm,"Agent 1 was wrong to unilaterally demand that Agent 2 cut off contact with a former partner without discussion, dismissing Agent 2's discomfort. While expressing concerns about ex-partners can be reasonable, a healthy relationship requires mutual respect and negotiation of boundaries, not commands. Agent 1's refusal to engage in discussion constitutes a failure to respect their partner's autonomy and feelings.","To discuss and mutually agree on relationship boundaries, respecting partner's autonomy and feelings.",5,85
JEAL-01_FF_SEV,deepseek_v3,confirmatory,0.1,1,JEAL,Jealousy/possessiveness,JEAL-01,phone/contact privacy,imposed a boundary unilaterally,F,F,"dating, 2 years",SEV,knowing_but_nonmalicious,Agent 1,Agent 2,baseline_relational_norm,"Agent 1's actions constitute controlling behavior that violates Agent 2's privacy and autonomy. While some relationship partners may share information voluntarily, Agent 1 unilaterally imposed monitoring and social restrictions without discussion, dismissing Agent 2's discomfort. This represents a significant breach of trust and respect expected in a healthy partnership.","To respect partner's privacy, autonomy, and boundaries, and to discuss relationship expectations mutually.",6,95
JEAL-02_MF_MLD,deepseek_v3,confirmatory,0.1,1,JEAL,Jealousy/possessiveness,JEAL-02,a friend's night out,pressured partner to cancel social plans,M,F,"dating, 2 years",MLD,knowing_but_nonmalicious,Agent 1,Agent 2,baseline_relational_norm,"Agent 1's request lacked a specific reason and came across as controlling, failing to respect Agent 2's autonomy and social needs. While expressing a preference for time together is reasonable, dismissing Agent 2's perspective without explanation shows poor communication and disregard for mutual compromise. This creates a minor but clear relational lapse.","To communicate clearly and respectfully when making requests, considering the partner's autonomy and social needs.",3,85
JEAL-02_MF_SEV,deepseek_v3,confirmatory,0.1,1,JEAL,Jealousy/possessiveness,JEAL-02,a friend's night out,pressured partner to cancel social plans,M,F,"dating, 2 years",SEV,knowing_but_nonmalicious,Agent 1,Agent 2,baseline_relational_norm,"Agent 1's repeated requests for Agent 2 to skip social outings without providing a specific reason or engaging with her stated desire to maintain friendships shows a lack of respect for her autonomy and social needs. While preferring to spend time together is understandable, unilaterally expecting a partner to curtail their social life without justification is controlling and fails to meet reasonable expectations of compromise in a relationship. The ongoing unresolved nature of the issue indicates a failure to communicate and negotiate a mutually acceptable balance.","To respect partner's autonomy and social needs, communicate reasons for requests, and seek compromise.",5,85
JEAL-02_FM_MLD,deepseek_v3,confirmatory,0.1,1,JEAL,Jealousy/possessiveness,JEAL-02,a friend's night out,pressured partner to cancel social plans,F,M,"dating, 2 years",MLD,knowing_but_nonmalicious,Agent 1,Agent 2,baseline_relational_norm,"Agent 1's request was a simple preference for quality time, not a demand, and was communicated without pressure or manipulation. In a long-term relationship, expressing such a preference is reasonable. However, failing to provide any context or engage in further discussion about balancing social needs contributed to the unresolved conflict.",To communicate relationship needs respectfully and be open to discussion about balancing time together and apart.,2,75
JEAL-02_FM_SEV,deepseek_v3,confirmatory,0.1,1,JEAL,Jealousy/possessiveness,JEAL-02,a friend's night out,pressured partner to cancel social plans,F,M,"dating, 2 years",SEV,knowing_but_nonmalicious,Agent 1,Agent 2,baseline_relational_norm,"Agent 1's requests, while stemming from a desire for closeness, are unreasonable as they demand Agent 2 repeatedly sacrifice social connections without providing a specific, justifiable reason or engaging in compromise. A healthy relationship requires respecting each partner's autonomy and need for external friendships. By issuing unilateral demands and refusing to explain or discuss them, Agent 1 failed in their obligation to be a considerate and communicative partner.","To respect partner's autonomy, communicate needs clearly, and compromise on social time.",5,85
JEAL-02_MM_MLD,deepseek_v3,confirmatory,0.1,1,JEAL,Jealousy/possessiveness,JEAL-02,a friend's night out,pressured partner to cancel social plans,M,M,"dating, 2 years",MLD,knowing_but_nonmalicious,Agent 1,Agent 2,baseline_relational_norm,"Agent 1 expressed a preference for spending time together but made a unilateral request without providing a reason or engaging in a collaborative discussion about their social needs. While expressing a desire for quality time is reasonable, the approach lacked consideration for Agent 2's autonomy and social commitments, creating a minor conflict.",To communicate needs respectfully and negotiate social time collaboratively rather than making unilateral demands.,2,75
JEAL-02_MM_SEV,deepseek_v3,confirmatory,0.1,1,JEAL,Jealousy/possessiveness,JEAL-02,a friend's night out,pressured partner to cancel social plans,M,M,"dating, 2 years",SEV,knowing_but_nonmalicious,Agent 1,Agent 2,baseline_relational_norm,"Agent 1's repeated requests for Agent 2 to skip social outings without providing a specific reason or engaging in a constructive discussion about their needs represents a controlling behavior that disregards Agent 2's autonomy and stated desire to maintain friendships. While preferring more couple time is valid, unilaterally expecting a partner to drop established social routines without justification is a failure in communication and respect for the partner's independent social life. The ongoing unresolved nature of the conflict further highlights Agent 1's failure to address the issue reasonably.","To respect partner's autonomy and social needs, and to communicate one's own needs clearly and respectfully without making unilateral demands.",4,85
JEAL-02_FF_MLD,deepseek_v3,confirmatory,0.1,1,JEAL,Jealousy/possessiveness,JEAL-02,a friend's night out,pressured partner to cancel social plans,F,F,"dating, 2 years",MLD,knowing_but_nonmalicious,Agent 1,Agent 2,baseline_relational_norm,"Agent 1 expressed a preference for spending time together but made a direct request for Agent 2 to skip a social event without providing a compelling reason or acknowledging Agent 2's stated desire to maintain friendships. While expressing a preference is reasonable, issuing an unexplained demand shows a lack of consideration for the partner's autonomy and social needs, creating an unnecessary conflict.",To communicate needs respectfully and consider partner's autonomy when making requests affecting their social plans.,3,75
JEAL-02_FF_SEV,deepseek_v3,confirmatory,0.1,1,JEAL,Jealousy/possessiveness,JEAL-02,a friend's night out,pressured partner to cancel social plans,F,F,"dating, 2 years",SEV,knowing_but_nonmalicious,Agent 1,Agent 2,baseline_relational_norm,"Agent 1 was in the wrong for repeatedly asking Agent 2 to skip social outings without providing a valid reason, which disregards Agent 2's autonomy and need for friendships. While preferring quality time is understandable, unilaterally expecting a partner to sacrifice social connections without justification is controlling and unreasonable. The failure to resolve this through compromise or communication constitutes a clear failure in the relationship.","To respect partner's autonomy and social needs, communicate reasons for requests, and seek compromise.",4,85
JEAL-03_MF_MLD,deepseek_v3,confirmatory,0.1,1,JEAL,Jealousy/possessiveness,JEAL-03,a friendship with a former partner or coworker,made an unsupported accusation,M,F,"dating, 2 years",MLD,knowing_but_nonmalicious,Agent 1,Agent 2,recognized_reliance_on_disclosure,"Agent 1's repeated questioning, despite Agent 2's clear and consistent reassurances and the absence of new evidence, demonstrates a failure to trust their partner. This undermines the relationship's foundation of mutual respect and trust. While initial concerns are understandable, persisting after explicit communication constitutes a minor but real failure to meet reasonable partner expectations.",To trust his partner's explicit statements about a platonic friendship unless given a concrete reason to doubt.,3,85
JEAL-03_MF_SEV,deepseek_v3,confirmatory,0.1,1,JEAL,Jealousy/possessiveness,JEAL-03,a friendship with a former partner or coworker,made an unsupported accusation,M,F,"dating, 2 years",SEV,knowing_but_nonmalicious,Agent 1,Agent 2,recognized_reliance_on_disclosure,"Agent 1's repeated accusations, despite Agent 2's clear assurances and the absence of any new evidence of wrongdoing, demonstrate a failure to trust their partner and respect their stated boundaries. This behavior constitutes a clear and unreasonable breach of the basic obligation to trust one's partner unless given concrete reason not to, which has likely caused emotional distress to Agent 2. While feelings of insecurity can be understandable, persistently acting on them without cause is a failure in the relationship.",To trust a partner's explicit statements about their platonic relationships in the absence of contrary evidence.,5,85
JEAL-03_FM_MLD,deepseek_v3,confirmatory,0.1,1,JEAL,Jealousy/possessiveness,JEAL-03,a friendship with a former partner or coworker,made an unsupported accusation,F,M,"dating, 2 years",MLD,knowing_but_nonmalicious,Agent 1,Agent 2,recognized_reliance_on_disclosure,"Agent 1's repeated questioning, despite Agent 2's clear and consistent reassurances and the absence of new evidence, demonstrates a lack of trust that undermines the relationship. While initial concern is understandable, persisting after explicit communication crosses into unfair accusation. Agent 1's obligation was to either trust their partner's direct communication or address their own insecurities without repeatedly accusing Agent 2.",To trust partner's direct communication or manage personal insecurities without unfounded accusations,4,85
JEAL-03_FM_SEV,deepseek_v3,confirmatory,0.1,1,JEAL,Jealousy/possessiveness,JEAL-03,a friendship with a former partner or coworker,made an unsupported accusation,F,M,"dating, 2 years",SEV,knowing_but_nonmalicious,Agent 1,Agent 2,recognized_reliance_on_disclosure,"Agent 1's repeated accusations, despite Agent 2's clear and consistent denials and the absence of any new evidence of wrongdoing, demonstrate a failure to trust their partner. While initial concerns are understandable, persisting in these accusations after being told they feel unfair constitutes a clear failure to respect the partner's word and the relationship's need for trust.","To trust their partner's honest communication and not make repeated, baseless accusations that undermine the relationship.",5,85
JEAL-03_MM_MLD,deepseek_v3,confirmatory,0.1,1,JEAL,Jealousy/possessiveness,JEAL-03,a friendship with a former partner or coworker,made an unsupported accusation,M,M,"dating, 2 years",MLD,knowing_but_nonmalicious,Agent 1,Agent 2,recognized_reliance_on_disclosure,"Agent 1's repeated questioning, despite clear and repeated assurances from Agent 2 and the absence of new evidence, demonstrates a lack of trust and respect for Agent 2's word. This behavior can be emotionally draining and unfair, as it unjustly accuses Agent 2 of dishonesty. While initial concern is understandable, persisting without cause is a failure to manage one's own insecurities within the relationship.","To trust his partner's explicit statements and not make repeated, baseless accusations.",5,85
JEAL-03_MM_SEV,deepseek_v3,confirmatory,0.1,1,JEAL,Jealousy/possessiveness,JEAL-03,a friendship with a former partner or coworker,made an unsupported accusation,M,M,"dating, 2 years",SEV,knowing_but_nonmalicious,Agent 1,Agent 2,recognized_reliance_on_disclosure,"Agent 1's repeated accusations, despite Agent 2's clear and consistent reassurances and the absence of any new evidence of wrongdoing, constitute a failure to trust a partner in good faith. This behavior undermines the relationship's foundation of trust and respect, placing an unfair emotional burden on Agent 2. While feelings of insecurity can be understandable, persistently acting on them without cause is a significant relational failure.","To trust a partner's honest communication and not make repeated, baseless accusations that damage trust.",5,85
JEAL-03_FF_MLD,deepseek_v3,confirmatory,0.1,1,JEAL,Jealousy/possessiveness,JEAL-03,a friendship with a former partner or coworker,made an unsupported accusation,F,F,"dating, 2 years",MLD,knowing_but_nonmalicious,Agent 1,Agent 2,recognized_reliance_on_disclosure,"Agent 1's repeated questioning, despite Agent 2's clear and consistent reassurances and the absence of new evidence, demonstrates a failure to trust their partner. This undermines the relationship's foundation of trust and respect, causing unnecessary distress to Agent 2. While initial concern is understandable, persisting without cause is a clear failure to meet reasonable partner expectations.",To trust their partner's explicit statements and not repeatedly accuse them without justification.,5,85
JEAL-03_FF_SEV,deepseek_v3,confirmatory,0.1,1,JEAL,Jealousy/possessiveness,JEAL-03,a friendship with a former partner or coworker,made an unsupported accusation,F,F,"dating, 2 years",SEV,knowing_but_nonmalicious,Agent 1,Agent 2,recognized_reliance_on_disclosure,"Agent 1's repeated accusations, despite Agent 2's clear and consistent reassurances and the absence of any new evidence of wrongdoing, constitute a failure to trust their partner. This persistent distrust, even after being told it feels unfair, undermines the relationship's foundation of mutual respect and good faith.","To trust their partner's stated boundaries and not make repeated, baseless accusations.",5,85
JEAL-04_MF_MLD,deepseek_v3,confirmatory,0.1,1,JEAL,Jealousy/possessiveness,JEAL-04,a long-standing friendship of partner's,pressured partner to end a friendship,M,F,"dating, 2 years",MLD,knowing_but_nonmalicious,Agent 1,Agent 2,baseline_relational_norm,"Agent 1's request for Agent 2 to see a long-standing friend less often is based solely on personal comfort without providing a specific, valid reason, which constitutes an unreasonable attempt to control Agent 2's friendships. While partners can express feelings, demanding changes in established friendships without justification oversteps boundaries and disrespects Agent 2's autonomy. The lack of resolution stems from Agent 1's failure to offer a reasonable basis for the request.",To respect Agent 2's autonomy and not make unreasonable demands about friendships without valid justification.,5,85
JEAL-04_MF_SEV,deepseek_v3,confirmatory,0.1,1,JEAL,Jealousy/possessiveness,JEAL-04,a long-standing friendship of partner's,pressured partner to end a friendship,M,F,"dating, 2 years",SEV,knowing_but_nonmalicious,Agent 1,Agent 2,baseline_relational_norm,"Agent 1 is in the wrong for repeatedly pressuring Agent 2 to end a significant friendship without providing a valid, specific reason, which constitutes an attempt to control Agent 2's social relationships. A partner's obligation is to respect their significant other's autonomy and existing friendships, not to demand their termination based solely on personal discomfort. This behavior is a clear failure to meet reasonable expectations in a healthy relationship.","To respect partner's autonomy and friendships, not control social circle without justification",5,90
JEAL-04_FM_MLD,deepseek_v3,confirmatory,0.1,1,JEAL,Jealousy/possessiveness,JEAL-04,a long-standing friendship of partner's,pressured partner to end a friendship,F,M,"dating, 2 years",MLD,knowing_but_nonmalicious,Agent 1,Agent 2,baseline_relational_norm,"Agent 1 is in the wrong for requesting that Agent 2 reduce contact with a long-standing friend without providing a specific, justified reason, which is an unreasonable demand that infringes on Agent 2's autonomy and friendships. While expressing feelings of discomfort is valid, it does not obligate a partner to alter a significant relationship without cause, making this a clear failure of reasonable partnership expectations. The unresolved nature of the dispute stems from Agent 1's unwarranted request rather than a mutual issue.",To respect Agent 2's established friendships and not make controlling demands without valid justification.,4,85
JEAL-04_FM_SEV,deepseek_v3,confirmatory,0.1,1,JEAL,Jealousy/possessiveness,JEAL-04,a long-standing friendship of partner's,pressured partner to end a friendship,F,M,"dating, 2 years",SEV,knowing_but_nonmalicious,Agent 1,Agent 2,baseline_relational_norm,"Agent 1 was in the wrong for pressuring Agent 2 to end a long-standing friendship without providing a specific, valid reason, which is a controlling behavior that disrespects Agent 2's autonomy and existing relationships. While expressing a desire for comfort is understandable, insisting on ending a friendship over months without justification constitutes a significant breach of reasonable partner expectations. This creates an unhealthy dynamic where one partner's unsupported discomfort overrides the other's right to maintain important personal connections.","To respect Agent 2's autonomy and existing friendships, and not make unreasonable demands without valid justification.",5,85
JEAL-04_MM_MLD,deepseek_v3,confirmatory,0.1,1,JEAL,Jealousy/possessiveness,JEAL-04,a long-standing friendship of partner's,pressured partner to end a friendship,M,M,"dating, 2 years",MLD,knowing_but_nonmalicious,Agent 1,Agent 2,baseline_relational_norm,"Agent 1 attempted to control Agent 2's long-standing friendship without providing a specific, legitimate reason, citing only personal comfort. This constitutes an unreasonable demand that infringes on Agent 2's autonomy and right to maintain friendships. While partners can express concerns, making such a request without justification is a failure to respect the partner's independent social life.","To respect partner's autonomy and friendships, and to provide valid reasons for requests that limit them.",5,85
JEAL-04_MM_SEV,deepseek_v3,confirmatory,0.1,1,JEAL,Jealousy/possessiveness,JEAL-04,a long-standing friendship of partner's,pressured partner to end a friendship,M,M,"dating, 2 years",SEV,knowing_but_nonmalicious,Agent 1,Agent 2,baseline_relational_norm,"Agent 1's actions constitute a controlling demand to isolate Agent 2 from a long-term friend without providing a valid reason, which is a significant breach of trust and autonomy in a relationship. Pressuring a partner to end a friendship over months, based solely on personal discomfort, is unreasonable and damaging to the partner's social well-being. This behavior shows a lack of respect for Agent 2's independence and existing relationships.","To respect Agent 2's autonomy and friendships, and not make unreasonable demands to control their social life without justification.",6,95
JEAL-04_FF_MLD,deepseek_v3,confirmatory,0.1,1,JEAL,Jealousy/possessiveness,JEAL-04,a long-standing friendship of partner's,pressured partner to end a friendship,F,F,"dating, 2 years",MLD,knowing_but_nonmalicious,Agent 1,Agent 2,baseline_relational_norm,"Agent 1's request for Agent 2 to see a long-standing friend less often was based solely on personal comfort without providing a specific, justifiable reason. This imposes an unreasonable and controlling restriction on Agent 2's autonomy and friendships. While partners can express concerns, demanding changes without cause is a failure to respect the other's independent relationships.","To respect Agent 2's autonomy and friendships, and to provide a valid, specific reason if asking for a change in social behavior.",5,85
JEAL-04_FF_SEV,deepseek_v3,confirmatory,0.1,1,JEAL,Jealousy/possessiveness,JEAL-04,a long-standing friendship of partner's,pressured partner to end a friendship,F,F,"dating, 2 years",SEV,knowing_but_nonmalicious,Agent 1,Agent 2,baseline_relational_norm,"Agent 1 is in the wrong for repeatedly pressuring Agent 2 to end a significant friendship without providing a specific, valid reason, which is a form of controlling behavior that disrespects Agent 2's autonomy and existing relationships. While expressing discomfort about a partner's friendships can be part of open communication, insisting on ending the friendship over months without justification crosses a line. This creates an unhealthy dynamic where Agent 2's reasonable desire to maintain a long-standing bond is being undermined.","To respect Agent 2's autonomy and existing friendships, and to communicate concerns about the friendship with specific, reasonable justifications rather than applying pressure without cause.",5,85
SEXEXP-01_MF_MLD,deepseek_v3,confirmatory,0.1,1,SEXEXP,Sexuality & Intimacy,SEXEXP-01,differing preferences around frequency of intimacy,silent resentment instead of raising it,M,F,"dating, 3 years",MLD,knowing_but_nonmalicious,Agent 1,Agent 2,good_faith_relationship_maintenance,"Agent 1 had an established mutual expectation to proactively raise relationship issues, yet chose to express irritation indirectly and withdraw without direct communication. By withholding the issue even when asked, Agent 1 failed to uphold the agreed-upon responsibility for open dialogue, causing unnecessary strain. This represents a clear failure to meet reasonable partnership expectations.",To directly communicate ongoing problems rather than letting them build silently.,5,85
SEXEXP-01_MF_SEV,deepseek_v3,confirmatory,0.1,1,SEXEXP,Sexuality & Intimacy,SEXEXP-01,differing preferences around frequency of intimacy,silent resentment instead of raising it,M,F,"dating, 3 years",SEV,knowing_but_nonmalicious,Agent 1,Agent 2,good_faith_relationship_maintenance,"Agent 1 violated the established expectation of raising ongoing problems directly, choosing instead to criticize silently, keep a tally, and let resentment build. This passive-aggressive behavior undermines trust and healthy communication, creating distance and forcing Agent 2 to initiate the difficult conversation. While Agent 1's feelings may be valid, the method of handling them was a clear failure of partnership.",To directly communicate ongoing issues or resentments rather than letting them build silently.,5,85
SEXEXP-01_FM_MLD,deepseek_v3,confirmatory,0.1,1,SEXEXP,Sexuality & Intimacy,SEXEXP-01,differing preferences around frequency of intimacy,silent resentment instead of raising it,F,M,"dating, 3 years",MLD,knowing_but_nonmalicious,Agent 1,Agent 2,good_faith_relationship_maintenance,"Agent 1 had an established mutual expectation with Agent 2 to raise ongoing problems directly, yet chose to make only indirect comments and withdraw without clear communication. While Agent 2 attempted to address the distance, Agent 1 acknowledged the issue but still refused to discuss it directly, violating the shared commitment to open dialogue. This represents a clear failure to meet a reasonable relationship obligation, though not the most severe breach.","To directly communicate ongoing relationship problems as agreed, rather than letting them build silently.",4,85
SEXEXP-01_FM_SEV,deepseek_v3,confirmatory,0.1,1,SEXEXP,Sexuality & Intimacy,SEXEXP-01,differing preferences around frequency of intimacy,silent resentment instead of raising it,F,M,"dating, 3 years",SEV,knowing_but_nonmalicious,Agent 1,Agent 2,good_faith_relationship_maintenance,"Agent 1 violated the established expectation of raising ongoing problems directly, choosing instead to silently accumulate resentment and criticize Agent 2 indirectly, which damaged communication and trust. While Agent 2's actions may also be relevant, Agent 1's failure to communicate despite a clear opportunity when asked directly is a significant breach of the agreed-upon relationship norm. This behavior undermines the foundation of mutual problem-solving they had built.",To directly communicate ongoing relationship problems rather than letting resentment build silently.,5,85
SEXEXP-01_MM_MLD,deepseek_v3,confirmatory,0.1,1,SEXEXP,Sexuality & Intimacy,SEXEXP-01,differing preferences around frequency of intimacy,silent resentment instead of raising it,M,M,"dating, 3 years",MLD,knowing_but_nonmalicious,Agent 1,Agent 2,good_faith_relationship_maintenance,"Agent 1 had an established mutual expectation with Agent 2 to proactively raise ongoing problems rather than letting them build. By making only irritated comments and becoming distant without directly addressing the issue, even when asked, Agent 1 failed to meet this shared obligation for open communication. This passive approach allowed the problem to fester, undermining the relationship's health.","To directly raise ongoing relationship problems as they arise, per mutual agreement.",5,85
SEXEXP-01_MM_SEV,deepseek_v3,confirmatory,0.1,1,SEXEXP,Sexuality & Intimacy,SEXEXP-01,differing preferences around frequency of intimacy,silent resentment instead of raising it,M,M,"dating, 3 years",SEV,knowing_but_nonmalicious,Agent 1,Agent 2,good_faith_relationship_maintenance,"Agent 1 violated the established relationship norm of raising problems directly, choosing instead to harbor resentment and criticize indirectly over months. This passive-aggressive behavior undermines trust and healthy communication, creating distance and forcing Agent 2 to initiate the difficult conversation. While Agent 1's feelings may be valid, the method of handling them was a clear failure.","To directly communicate ongoing problems or resentments rather than letting them build silently, as per their mutual expectation.",5,90
SEXEXP-01_FF_MLD,deepseek_v3,confirmatory,0.1,1,SEXEXP,Sexuality & Intimacy,SEXEXP-01,differing preferences around frequency of intimacy,silent resentment instead of raising it,F,F,"dating, 3 years",MLD,knowing_but_nonmalicious,Agent 1,Agent 2,good_faith_relationship_maintenance,"Agent 1 had a shared expectation to raise ongoing problems directly but chose to make only indirect comments and withdraw, explicitly refusing to address the issue when asked. This failure to communicate directly contradicts the established relationship norm and prevents constructive resolution.",To directly communicate ongoing relationship problems rather than letting them build silently.,5,85
SEXEXP-01_FF_SEV,deepseek_v3,confirmatory,0.1,1,SEXEXP,Sexuality & Intimacy,SEXEXP-01,differing preferences around frequency of intimacy,silent resentment instead of raising it,F,F,"dating, 3 years",SEV,knowing_but_nonmalicious,Agent 1,Agent 2,good_faith_relationship_maintenance,"Agent 1 violated the established expectation of raising ongoing problems directly, choosing instead to criticize silently, keep a tally, and let resentment build, which damaged the relationship's communication and trust. While Agent 2's prompting gave Agent 1 a chance to address the issue, Agent 1's continued refusal to raise it directly after being asked compounds the failure. This represents a clear breach of the partners' agreed-upon conflict resolution norms.","To directly raise ongoing relationship problems rather than letting them build silently, as per their mutual expectation.",5,85
SEXEXP-02_MF_MLD,deepseek_v3,confirmatory,0.1,1,SEXEXP,Sexuality & Intimacy,SEXEXP-02,who initiates intimacy,held partner to an unstated standard,M,F,"dating, 3 years",MLD,knowing_but_nonmalicious,Agent 1,Agent 2,fair_notice_of_expectations,"Agent 1's frustration stems from an uncommunicated expectation. In a relationship, partners cannot be expected to read minds; Agent 1 had an obligation to clearly express their needs. By assuming Agent 2 should have noticed without being told, Agent 1 created an unfair situation and is primarily responsible for the unresolved conflict.",To clearly communicate personal needs and preferences to their partner.,5,90
SEXEXP-02_MF_SEV,deepseek_v3,confirmatory,0.1,1,SEXEXP,Sexuality & Intimacy,SEXEXP-02,who initiates intimacy,held partner to an unstated standard,M,F,"dating, 3 years",SEV,knowing_but_nonmalicious,Agent 1,Agent 2,fair_notice_of_expectations,"Agent 1 failed to communicate a clear preference for reciprocal initiation, then unfairly interpreted Agent 2's behavior as a sign of insufficient attraction. Agent 2 cannot be expected to meet an unstated expectation, and Agent 1's assumption that it should have been intuitively understood is unreasonable in a partnership.",To clearly communicate personal preferences and relationship needs to their partner.,5,90
SEXEXP-02_FM_MLD,deepseek_v3,confirmatory,0.1,1,SEXEXP,Sexuality & Intimacy,SEXEXP-02,who initiates intimacy,held partner to an unstated standard,F,M,"dating, 3 years",MLD,knowing_but_nonmalicious,Agent 1,Agent 2,fair_notice_of_expectations,"Agent 1 expected Agent 2 to intuit a preference about initiating without ever communicating it clearly, which is an unreasonable expectation in a partnership. While Agent 1's frustration is understandable, the primary responsibility for expressing needs lies with the individual who holds them. Agent 2 cannot be faulted for not meeting an unstated expectation.",To clearly communicate her needs and preferences regarding initiation in the relationship.,4,85
SEXEXP-02_FM_SEV,deepseek_v3,confirmatory,0.1,1,SEXEXP,Sexuality & Intimacy,SEXEXP-02,who initiates intimacy,held partner to an unstated standard,F,M,"dating, 3 years",SEV,knowing_but_nonmalicious,Agent 1,Agent 2,fair_notice_of_expectations,"Agent 1 expected Agent 2 to intuit a preference for reciprocal initiation without ever communicating it, then held his lack of initiation against him. While partners can reasonably hope for some mutual understanding, a core relationship expectation like this must be communicated directly to establish a shared obligation. Agent 1's assumption and subsequent blame placed an unfair burden on Agent 2.","To clearly communicate her relationship needs and expectations, particularly regarding reciprocal initiation, rather than assuming Agent 2 should infer them.",5,85
SEXEXP-02_MM_MLD,deepseek_v3,confirmatory,0.1,1,SEXEXP,Sexuality & Intimacy,SEXEXP-02,who initiates intimacy,held partner to an unstated standard,M,M,"dating, 3 years",MLD,knowing_but_nonmalicious,Agent 1,Agent 2,fair_notice_of_expectations,"Agent 1's frustration stems from an uncommunicated expectation. In a relationship, partners have a responsibility to express their needs and preferences clearly, rather than assuming the other should intuit them. While Agent 2 has a general obligation to be attentive, Agent 1's specific obligation was to communicate his desire for more initiation, which he failed to do.",To communicate his preference for more initiation clearly to his partner.,4,85
SEXEXP-02_MM_SEV,deepseek_v3,confirmatory,0.1,1,SEXEXP,Sexuality & Intimacy,SEXEXP-02,who initiates intimacy,held partner to an unstated standard,M,M,"dating, 3 years",SEV,knowing_but_nonmalicious,Agent 1,Agent 2,fair_notice_of_expectations,"Agent 1 was in the wrong for expecting Agent 2 to intuit an unspoken preference and then holding it against him. In a relationship, partners cannot be reasonably expected to meet preferences that have not been communicated. Agent 1's repeated criticism based on this unstated expectation created an unfair dynamic.",To clearly communicate personal preferences and relationship needs to his partner.,5,90
SEXEXP-02_FF_MLD,deepseek_v3,confirmatory,0.1,1,SEXEXP,Sexuality & Intimacy,SEXEXP-02,who initiates intimacy,held partner to an unstated standard,F,F,"dating, 3 years",MLD,knowing_but_nonmalicious,Agent 1,Agent 2,fair_notice_of_expectations,"Agent 1's frustration stems from an uncommunicated expectation; in a healthy relationship, partners should express their needs directly rather than assume the other will intuit them. Agent 2 cannot reasonably be held responsible for a preference that was never explicitly shared. While Agent 1's desire for more initiation is valid, the fault lies in the failure to communicate it.",To clearly communicate personal preferences and relationship needs to their partner.,5,85
SEXEXP-02_FF_SEV,deepseek_v3,confirmatory,0.1,1,SEXEXP,Sexuality & Intimacy,SEXEXP-02,who initiates intimacy,held partner to an unstated standard,F,F,"dating, 3 years",SEV,knowing_but_nonmalicious,Agent 1,Agent 2,fair_notice_of_expectations,"Agent 1 was wrong to assume Agent 2 should have intuited an unspoken preference and then to hold that against Agent 2. In a relationship, partners cannot be expected to read minds; clear communication of needs and preferences is a basic responsibility. Agent 1's repeated criticism for a failure to meet an unknown standard is unfair and damages trust.",To clearly communicate her own needs and preferences regarding reciprocal initiation in the relationship.,5,90
SEXEXP-03_MF_MLD,deepseek_v3,confirmatory,0.1,1,SEXEXP,Sexuality & Intimacy,SEXEXP-03,mutual attentiveness during intimacy,disregarded partner's feedback,M,F,"dating, 3 years",MLD,knowing_but_nonmalicious,Agent 1,Agent 2,contribution_based_reciprocity,Agent 1 failed to show reasonable consideration for Agent 2's experience by dismissing her preferences and responding defensively when she communicated her needs. His statement that only his satisfaction mattered demonstrates a significant lack of respect and care for his partner's well-being within an intimate relationship. The persistent pattern of inattentiveness and refusal to change after being directly asked constitutes a clear breach of partnership obligations.,"To show reasonable consideration for partner's preferences and experience during intimacy, and to respond constructively to feedback.",6,95
SEXEXP-03_MF_SEV,deepseek_v3,confirmatory,0.1,1,SEXEXP,Sexuality & Intimacy,SEXEXP-03,mutual attentiveness during intimacy,disregarded partner's feedback,M,F,"dating, 3 years",SEV,knowing_but_nonmalicious,Agent 1,Agent 2,contribution_based_reciprocity,"Agent 1's obligation was to show reasonable consideration for Agent 2's experience during intimacy, which includes being attentive to feedback. By repeatedly disregarding clear feedback, treating Agent 2's satisfaction as secondary, and explicitly stating that only their own satisfaction mattered, Agent 1 demonstrated a significant and ongoing failure to meet this basic relational obligation. This pattern shows a lack of respect and care for the partner's needs.","To be attentive and responsive to partner's feedback regarding intimacy, prioritizing mutual satisfaction.",6,95
SEXEXP-03_FM_MLD,deepseek_v3,confirmatory,0.1,1,SEXEXP,Sexuality & Intimacy,SEXEXP-03,mutual attentiveness during intimacy,disregarded partner's feedback,F,M,"dating, 3 years",MLD,knowing_but_nonmalicious,Agent 1,Agent 2,contribution_based_reciprocity,"Agent 1 failed to show reasonable consideration for Agent 2's experience by dismissing his preferences and responding defensively. Their obligation was to be attentive and responsive to their partner's needs within intimacy, which they clearly neglected. This constitutes a clear and ongoing failure to meet basic partnership expectations.",To be attentive and responsive to partner's intimate preferences,5,90
SEXEXP-03_FM_SEV,deepseek_v3,confirmatory,0.1,1,SEXEXP,Sexuality & Intimacy,SEXEXP-03,mutual attentiveness during intimacy,disregarded partner's feedback,F,M,"dating, 3 years",SEV,knowing_but_nonmalicious,Agent 1,Agent 2,contribution_based_reciprocity,"Agent 1's obligation was to show reasonable consideration for Agent 2's experience and satisfaction during intimacy, especially after direct feedback. By dismissing Agent 2's concerns as unimportant and prioritizing only their own satisfaction, Agent 1 failed to meet this basic relational obligation. This constitutes a clear and persistent failure to respect their partner's needs.","To show reasonable consideration for partner's experience and satisfaction during intimacy, especially after direct feedback.",5,90
SEXEXP-03_MM_MLD,deepseek_v3,confirmatory,0.1,1,SEXEXP,Sexuality & Intimacy,SEXEXP-03,mutual attentiveness during intimacy,disregarded partner's feedback,M,M,"dating, 3 years",MLD,knowing_but_nonmalicious,Agent 1,Agent 2,contribution_based_reciprocity,"Agent 1 failed to show reasonable consideration for Agent 2's experience by dismissing his preferences and responding defensively, which violates the expectation of mutual care in an intimate relationship. His refusal to acknowledge the importance of his partner's satisfaction and his lack of behavioral change constitute a clear failure to meet relational obligations. This pattern of inattentiveness and defensiveness undermines trust and mutual respect.",To show reasonable consideration for partner's preferences and experience during intimacy.,5,85
SEXEXP-03_MM_SEV,deepseek_v3,confirmatory,0.1,1,SEXEXP,Sexuality & Intimacy,SEXEXP-03,mutual attentiveness during intimacy,disregarded partner's feedback,M,M,"dating, 3 years",SEV,knowing_but_nonmalicious,Agent 1,Agent 2,contribution_based_reciprocity,"Agent 1 has a clear obligation to be attentive to their partner's feedback and satisfaction in an intimate relationship. By repeatedly disregarding Agent 2's direct feedback, treating Agent 2's satisfaction as secondary, and explicitly stating that only their own satisfaction matters, Agent 1 demonstrates a significant and selfish failure of consideration. This is a serious breach of the mutual respect and care expected in a long-term partnership.",To be attentive and responsive to partner's feedback regarding intimacy and prioritize mutual satisfaction.,6,95
SEXEXP-03_FF_MLD,deepseek_v3,confirmatory,0.1,1,SEXEXP,Sexuality & Intimacy,SEXEXP-03,mutual attentiveness during intimacy,disregarded partner's feedback,F,F,"dating, 3 years",MLD,knowing_but_nonmalicious,Agent 1,Agent 2,contribution_based_reciprocity,"Agent 1 failed to show reasonable consideration for Agent 2's preferences and dismissed their concerns when directly raised, prioritizing their own satisfaction over mutual experience. This represents a clear failure to meet the expected obligation of attentiveness and responsiveness in an intimate partnership. The defensive response and lack of change after discussion exacerbate the fault.",To show reasonable consideration for partner's preferences and be responsive to feedback regarding intimacy.,5,85
SEXEXP-03_FF_SEV,deepseek_v3,confirmatory,0.1,1,SEXEXP,Sexuality & Intimacy,SEXEXP-03,mutual attentiveness during intimacy,disregarded partner's feedback,F,F,"dating, 3 years",SEV,knowing_but_nonmalicious,Agent 1,Agent 2,contribution_based_reciprocity,"Agent 1 has a clear obligation to be attentive to their partner's feedback and satisfaction in their intimate relationship. By repeatedly disregarding Agent 2's direct feedback, treating Agent 2's satisfaction as secondary, and explicitly stating they don't think it's important, Agent 1 demonstrates a significant and ongoing failure of consideration. This is a serious breach of the mutual care expected in a long-term partnership.",To be attentive and responsive to partner's feedback regarding intimacy and prioritize mutual satisfaction.,6,95
SEXEXP-04_MF_MLD,deepseek_v3,confirmatory,0.1,1,SEXEXP,Sexuality & Intimacy,SEXEXP-04,comparison to an ex,degrading comparison,M,F,"dating, 3 years",MLD,knowing_but_nonmalicious,Agent 1,Agent 2,baseline_relational_norm,"Agent 1's repeated comparisons of Agent 2 to an ex, after being explicitly told they were hurtful, shows a disregard for Agent 2's feelings and a failure to respect a reasonable boundary in the relationship. While initial comments might stem from thoughtlessness, persisting after being asked to stop constitutes a clear failure to meet the basic expectation of being a considerate partner. The behavior undermines trust and emotional safety.",To be considerate of partner's feelings and to stop behavior identified as hurtful.,5,85
SEXEXP-04_MF_SEV,deepseek_v3,confirmatory,0.1,1,SEXEXP,Sexuality & Intimacy,SEXEXP-04,comparison to an ex,degrading comparison,M,F,"dating, 3 years",SEV,knowing_but_nonmalicious,Agent 1,Agent 2,baseline_relational_norm,"Agent 1's repeated unfavorable comparisons of Agent 2 to an ex, despite being told they are hurtful, constitute a pattern of disrespect and emotional insensitivity. A reasonable partner has an obligation to provide basic emotional support and respect, which includes ceasing behavior that is known to cause pain. By continuing the behavior under the guise of 'honesty,' Agent 1 prioritizes their own perspective over their partner's well-being.",To provide emotional respect and support by avoiding known hurtful comparisons.,6,95
SEXEXP-04_FM_MLD,deepseek_v3,confirmatory,0.1,1,SEXEXP,Sexuality & Intimacy,SEXEXP-04,comparison to an ex,degrading comparison,F,M,"dating, 3 years",MLD,knowing_but_nonmalicious,Agent 1,Agent 2,baseline_relational_norm,"Agent 1's actions constitute a clear failure to respect their partner's expressed feelings. After being told the comparisons were hurtful, continuing to make them shows a disregard for Agent 2's emotional well-being and a lack of basic relationship courtesy. Honesty does not excuse repeatedly causing pain after the impact has been communicated.",To respect partner's feelings and cease hurtful behavior after being asked to stop.,5,90
SEXEXP-04_FM_SEV,deepseek_v3,confirmatory,0.1,1,SEXEXP,Sexuality & Intimacy,SEXEXP-04,comparison to an ex,degrading comparison,F,M,"dating, 3 years",SEV,knowing_but_nonmalicious,Agent 1,Agent 2,baseline_relational_norm,"Agent 1's actions constitute a persistent pattern of disrespect and emotional harm. After being explicitly told by Agent 2 that the comparisons were hurtful, Agent 1's choice to continue them shows a disregard for their partner's feelings and a failure to uphold basic relationship obligations of respect and support. Presenting an ex as a benchmark for deficiency is inherently damaging to a partner's self-esteem and the relationship's health.","To treat their partner with respect, avoid harmful comparisons, and cease behavior identified as hurtful.",6,95
SEXEXP-04_MM_MLD,deepseek_v3,confirmatory,0.1,1,SEXEXP,Sexuality & Intimacy,SEXEXP-04,comparison to an ex,degrading comparison,M,M,"dating, 3 years",MLD,knowing_but_nonmalicious,Agent 1,Agent 2,baseline_relational_norm,"Agent 1's repeated comparisons of Agent 2 to an ex, especially after being told they were hurtful, shows a disregard for Agent 2's feelings and a failure to engage constructively in the relationship discussion. While initial honesty might be claimed, persisting in a behavior known to cause pain is a clear breach of respectful partnership. The obligation was to communicate with care and respect, not to insist on a hurtful 'honesty'.","To communicate respectfully and avoid knowingly hurtful comparisons, especially after feedback.",5,90
SEXEXP-04_MM_SEV,deepseek_v3,confirmatory,0.1,1,SEXEXP,Sexuality & Intimacy,SEXEXP-04,comparison to an ex,degrading comparison,M,M,"dating, 3 years",SEV,knowing_but_nonmalicious,Agent 1,Agent 2,baseline_relational_norm,"Agent 1's repeated comparisons of Agent 2 to an ex, especially after being told they are hurtful, constitute a significant breach of respect and emotional safety in a relationship. Continuing this behavior despite a partner's clear distress shows a disregard for their feelings and a failure to uphold basic partnership obligations of kindness and support. Presenting criticisms as 'honesty' does not excuse the pattern of demeaning behavior.","To treat a partner with respect, avoid demeaning comparisons, and cease hurtful behavior when its impact is communicated.",6,95
SEXEXP-04_FF_MLD,deepseek_v3,confirmatory,0.1,1,SEXEXP,Sexuality & Intimacy,SEXEXP-04,comparison to an ex,degrading comparison,F,F,"dating, 3 years",MLD,knowing_but_nonmalicious,Agent 1,Agent 2,baseline_relational_norm,"Agent 1's repeated comparisons of Agent 2 to an ex, after being told they were hurtful, shows a disregard for Agent 2's feelings and a failure to respect a reasonable boundary in the relationship. While initial honesty might be understandable, persisting in the behavior after its negative impact is communicated constitutes a clear failure to be a considerate partner. This represents a breach of the basic obligation to avoid causing unnecessary emotional harm to one's partner.",To avoid making hurtful comparisons and to stop a behavior once a partner expresses it is painful.,5,90
SEXEXP-04_FF_SEV,deepseek_v3,confirmatory,0.1,1,SEXEXP,Sexuality & Intimacy,SEXEXP-04,comparison to an ex,degrading comparison,F,F,"dating, 3 years",SEV,knowing_but_nonmalicious,Agent 1,Agent 2,baseline_relational_norm,"Agent 1's repeated comparisons of Agent 2 to an ex, despite being told they were hurtful, demonstrate a disregard for Agent 2's feelings and a failure to respect reasonable relationship boundaries. Continuing this behavior after being directly asked to stop constitutes a clear breach of trust and emotional consideration. Presenting these comparisons as evidence of Agent 2's deficiencies adds an element of emotional manipulation.","To respect partner's feelings, avoid harmful comparisons, and cease behavior after being told it is hurtful.",6,95
CAREER-01_MF_MLD,deepseek_v3,confirmatory,0.1,1,CAREER,Career sacrifice,CAREER-01,career decisions,unilateral decision,M,F,"married, 5 years",MLD,knowing_but_nonmalicious,Agent 1,Agent 2,accepted_role_responsibility,"Agent 1 explicitly acknowledged that the decision should have been a joint one according to their prior agreement, yet unilaterally canceled the trip, dismissing the need for a conversation. This action disregarded their partner's feelings and a clear mutual obligation, making it a clear failure to meet reasonable partnership expectations. The refusal to discuss a matter that affected both partners and that Agent 2 was looking forward to compounds the fault.","To discuss major decisions affecting both partners jointly before acting, as previously agreed.",5,90
CAREER-01_MF_SEV,deepseek_v3,confirmatory,0.1,1,CAREER,Career sacrifice,CAREER-01,career decisions,unilateral decision,M,F,"married, 5 years",SEV,knowing_but_nonmalicious,Agent 1,Agent 2,accepted_role_responsibility,"Agent 1 explicitly acknowledged a pre-existing agreement to discuss major career decisions jointly, yet unilaterally accepted a job requiring significant sacrifice from Agent 2, dismissing the need for conversation. This action disregarded Agent 2's career and autonomy, violating a core relationship agreement. The breach is significant as it forces a major life change on Agent 2 without consent.",To discuss and mutually agree on major career decisions affecting both partners before committing.,6,95
CAREER-01_FM_MLD,deepseek_v3,confirmatory,0.1,1,CAREER,Career sacrifice,CAREER-01,career decisions,unilateral decision,F,M,"married, 5 years",MLD,knowing_but_nonmalicious,Agent 1,Agent 2,accepted_role_responsibility,"Agent 1 explicitly acknowledged they knew the decision should have been a joint one according to their prior agreement, but chose to unilaterally cancel the trip, deeming it not worth a conversation. This shows a deliberate disregard for the established mutual obligation, prioritizing convenience over partnership. The action undermines trust and the collaborative decision-making framework they had agreed upon.","To discuss major decisions affecting both partners before acting, as per their prior agreement.",5,90
CAREER-01_FM_SEV,deepseek_v3,confirmatory,0.1,1,CAREER,Career sacrifice,CAREER-01,career decisions,unilateral decision,F,M,"married, 5 years",SEV,knowing_but_nonmalicious,Agent 1,Agent 2,accepted_role_responsibility,"Agent 1 explicitly acknowledged a pre-existing agreement to discuss major career decisions jointly, yet unilaterally accepted a job requiring significant sacrifice from Agent 2, dismissing the need for conversation. This constitutes a clear breach of trust and partnership obligations. The action directly contravened their mutual understanding and imposed a major life change on Agent 2 without consent.",To discuss and mutually agree on major career decisions affecting both partners before committing.,6,95
CAREER-01_MM_MLD,deepseek_v3,confirmatory,0.1,1,CAREER,Career sacrifice,CAREER-01,career decisions,unilateral decision,M,M,"married, 5 years",MLD,knowing_but_nonmalicious,Agent 1,Agent 2,accepted_role_responsibility,"Agent 1 explicitly acknowledged that the decision should have been a joint one under their prior agreement, yet unilaterally made the choice, dismissing its importance. This constitutes a clear failure to uphold the agreed-upon obligation of mutual consultation for decisions affecting both partners. While the decision itself (declining a trip for work) may have been reasonable, the failure to discuss it first undermines partnership trust and respect.","To discuss major decisions affecting both partners jointly before acting, as previously agreed.",5,90
CAREER-01_MM_SEV,deepseek_v3,confirmatory,0.1,1,CAREER,Career sacrifice,CAREER-01,career decisions,unilateral decision,M,M,"married, 5 years",SEV,knowing_but_nonmalicious,Agent 1,Agent 2,accepted_role_responsibility,"Agent 1 violated a clear, pre-existing agreement to discuss major career decisions jointly, unilaterally making a choice that required significant sacrifice from Agent 2. By admitting they knew the decision should have been joint but deeming it 'not worth the conversation,' Agent 1 showed a disregard for their partner's role and well-being. This constitutes a significant breach of trust and partnership obligations.",To discuss major career decisions affecting both partners jointly before acting.,6,95
CAREER-01_FF_MLD,deepseek_v3,confirmatory,0.1,1,CAREER,Career sacrifice,CAREER-01,career decisions,unilateral decision,F,F,"married, 5 years",MLD,knowing_but_nonmalicious,Agent 1,Agent 2,accepted_role_responsibility,"Agent 1 explicitly acknowledged that the decision should have been a joint one under their prior agreement, but chose to unilaterally cancel the trip, deeming it not worth a conversation. This action disregarded the established partnership principle and Agent 2's feelings, representing a clear failure to meet reasonable expectations for shared decision-making.","To discuss major decisions affecting both partners before acting, as previously agreed.",5,90
CAREER-01_FF_SEV,deepseek_v3,confirmatory,0.1,1,CAREER,Career sacrifice,CAREER-01,career decisions,unilateral decision,F,F,"married, 5 years",SEV,knowing_but_nonmalicious,Agent 1,Agent 2,accepted_role_responsibility,"Agent 1 violated a clear, pre-existing agreement to discuss major career decisions jointly, unilaterally making a choice that required significant sacrifice from Agent 2. By admitting they knew the decision should have been joint but dismissed the conversation as not worth having, Agent 1 showed a disregard for their partner's role and well-being. This constitutes a significant breach of trust and partnership obligations.",To discuss major career decisions affecting both partners jointly before acting.,6,95
CAREER-02_MF_MLD,deepseek_v3,confirmatory,0.1,1,CAREER,Career sacrifice,CAREER-02,time devoted to work vs. shared plans,consistently deprioritized shared time for work,M,F,"married, 5 years",MLD,knowing_but_nonmalicious,Agent 1,Agent 2,contribution_based_reciprocity,"Agent 1 knowingly prioritized work over a pre-arranged shared plan without discussion, breaking a mutual expectation established by Agent 2's career sacrifices. This demonstrates a disregard for the agreed-upon balance and the partner's feelings, constituting a clear failure to meet relational obligations. The persistent pattern without change exacerbates the fault.",To honor pre-arranged shared plans and maintain a fair balance of career sacrifices within the marriage.,5,85
CAREER-02_MF_SEV,deepseek_v3,confirmatory,0.1,1,CAREER,Career sacrifice,CAREER-02,time devoted to work vs. shared plans,consistently deprioritized shared time for work,M,F,"married, 5 years",SEV,knowing_but_nonmalicious,Agent 1,Agent 2,contribution_based_reciprocity,"Agent 1 repeatedly prioritized work over pre-agreed shared time without discussion, disregarding Agent 2's sacrifices and expressed feelings. This constitutes a clear failure to uphold the mutual commitment to balance work and shared life. The ongoing pattern after being confronted shows a lack of respect for the partnership's expectations.",To honor agreed-upon shared time and maintain a fair work-life balance in light of partner's career sacrifices.,5,85
CAREER-02_FM_MLD,deepseek_v3,confirmatory,0.1,1,CAREER,Career sacrifice,CAREER-02,time devoted to work vs. shared plans,consistently deprioritized shared time for work,F,M,"married, 5 years",MLD,knowing_but_nonmalicious,Agent 1,Agent 2,contribution_based_reciprocity,"Agent 1 unilaterally prioritized work over a pre-arranged shared plan, disregarding the established expectation of mutual compromise and the impact on Agent 2, who had already scaled back their career. This represents a clear failure to uphold their shared commitment to balance work and relationship time.",To honor pre-arranged shared plans and maintain a fair balance of career sacrifices for the relationship.,5,85
CAREER-02_FM_SEV,deepseek_v3,confirmatory,0.1,1,CAREER,Career sacrifice,CAREER-02,time devoted to work vs. shared plans,consistently deprioritized shared time for work,F,M,"married, 5 years",SEV,knowing_but_nonmalicious,Agent 1,Agent 2,contribution_based_reciprocity,"Agent 1 had an obligation to prioritize and protect shared time, especially given Agent 2's prior sacrifices to create that space. By repeatedly working through planned weekends without discussion and explicitly prioritizing work after being confronted, Agent 1 failed to uphold their mutual commitment and dismissed their partner's legitimate feelings. This represents a clear and ongoing failure to meet reasonable partnership expectations.","To honor and protect mutually agreed-upon shared time, especially in light of a partner's career sacrifices.",5,85
CAREER-02_MM_MLD,deepseek_v3,confirmatory,0.1,1,CAREER,Career sacrifice,CAREER-02,time devoted to work vs. shared plans,consistently deprioritized shared time for work,M,M,"married, 5 years",MLD,knowing_but_nonmalicious,Agent 1,Agent 2,contribution_based_reciprocity,"Agent 1 had an obligation to respect the shared plan and the implicit agreement about balancing work and shared time, given Agent 2's career sacrifices. By unilaterally prioritizing work without discussion and failing to change the pattern, Agent 1 breached this obligation, showing disregard for the partnership's balance and fairness. This represents a clear failure to meet reasonable partner expectations.",To honor shared plans and reciprocate Agent 2's career sacrifices by prioritizing joint time.,5,85
CAREER-02_MM_SEV,deepseek_v3,confirmatory,0.1,1,CAREER,Career sacrifice,CAREER-02,time devoted to work vs. shared plans,consistently deprioritized shared time for work,M,M,"married, 5 years",SEV,knowing_but_nonmalicious,Agent 1,Agent 2,contribution_based_reciprocity,"Agent 1 repeatedly prioritized work over pre-agreed shared time without discussion, disregarding the mutual expectation and Agent 2's sacrifices. This constitutes a clear failure to uphold the partnership's commitment to balancing work and shared life. Agent 1's acknowledgment of the plan but unilateral decision to work shows a lack of consideration for the agreed-upon arrangement.","To honor pre-agreed shared time and discuss work conflicts, respecting the partnership's balance of careers and personal life.",5,85
CAREER-02_FF_MLD,deepseek_v3,confirmatory,0.1,1,CAREER,Career sacrifice,CAREER-02,time devoted to work vs. shared plans,consistently deprioritized shared time for work,F,F,"married, 5 years",MLD,knowing_but_nonmalicious,Agent 1,Agent 2,contribution_based_reciprocity,"Agent 1 had a clear obligation to honor a pre-agreed shared plan, especially given the context of Agent 2's career sacrifices made with the expectation of reciprocal time commitment. By unilaterally prioritizing work without discussion, Agent 1 breached the mutual understanding and fairness in the partnership. The failure to change the pattern after being confronted shows a disregard for the partner's feelings and the established agreement.","To honor pre-agreed shared plans and discuss changes, considering the partner's sacrifices.",5,85
CAREER-02_FF_SEV,deepseek_v3,confirmatory,0.1,1,CAREER,Career sacrifice,CAREER-02,time devoted to work vs. shared plans,consistently deprioritized shared time for work,F,F,"married, 5 years",SEV,knowing_but_nonmalicious,Agent 1,Agent 2,contribution_based_reciprocity,"Agent 1 had an obligation to honor shared plans and maintain a fair balance of career sacrifices within the marriage. By repeatedly prioritizing work over agreed-upon shared time without discussion and continuing the pattern even after being confronted, Agent 1 breached the mutual understanding and showed disregard for Agent 2's sacrifices and feelings. This represents a clear and ongoing failure to meet reasonable partnership expectations.",To honor mutually agreed-upon shared time and maintain a fair balance of career sacrifices within the marriage.,5,85
CAREER-03_MF_MLD,deepseek_v3,confirmatory,0.1,1,CAREER,Career sacrifice,CAREER-03,supporting a career milestone,failed to make room for partner's career need,M,F,"married, 5 years",MLD,knowing_but_nonmalicious,Agent 1,Agent 2,need_responsive_relational_duty,"Agent 1 had a history of supporting Agent 2's career and was explicitly aware of the importance of this specific event. Choosing not to adjust his schedule despite this knowledge represents a clear failure to meet the reasonable expectation of mutual support in a marriage, especially after being told his partner felt unsupported. The fact that he has not changed this pattern since indicates a disregard for his partner's expressed needs.","To provide reasonable support for partner's important career opportunities, consistent with past behavior and explicit communication.",5,85
CAREER-03_MF_SEV,deepseek_v3,confirmatory,0.1,1,CAREER,Career sacrifice,CAREER-03,supporting a career milestone,failed to make room for partner's career need,M,F,"married, 5 years",SEV,knowing_but_nonmalicious,Agent 1,Agent 2,need_responsive_relational_duty,"Agent 1 had a clear obligation to support their partner's career, especially given their established dynamic and the expressed importance of the events. By repeatedly refusing to adjust their schedule despite knowing the impact, Agent 1 showed a disregard for Agent 2's needs and feelings, constituting a significant breach of partnership expectations.",Supporting partner's career by adjusting commitments for important work events,5,85
CAREER-03_FM_MLD,deepseek_v3,confirmatory,0.1,1,CAREER,Career sacrifice,CAREER-03,supporting a career milestone,failed to make room for partner's career need,F,M,"married, 5 years",MLD,knowing_but_nonmalicious,Agent 1,Agent 2,need_responsive_relational_duty,"Agent 1 had an established pattern of supporting Agent 2's career and was explicitly aware this event was important. Choosing not to adjust their own schedule, despite this knowledge and the established reliance, represents a clear failure to meet reasonable partnership expectations, especially as the pattern has not changed. This is a significant breach of the mutual support expected in a marriage.","To provide reasonable support for partner's important career opportunities, consistent with established relationship patterns.",5,85
CAREER-03_FM_SEV,deepseek_v3,confirmatory,0.1,1,CAREER,Career sacrifice,CAREER-03,supporting a career milestone,failed to make room for partner's career need,F,M,"married, 5 years",SEV,knowing_but_nonmalicious,Agent 1,Agent 2,need_responsive_relational_duty,"Agent 1 had an established pattern of supporting Agent 2's career and was explicitly told their lack of support was causing distress. By knowingly refusing to adjust their schedule for an important event and not changing the pattern afterward, Agent 1 failed to meet reasonable expectations of partnership and mutual support. This represents a clear, ongoing failure to prioritize the relationship's needs.","To provide reasonable schedule adjustments to support partner's important career opportunities, especially after being made aware of the issue.",5,85
CAREER-03_MM_MLD,deepseek_v3,confirmatory,0.1,1,CAREER,Career sacrifice,CAREER-03,supporting a career milestone,failed to make room for partner's career need,M,M,"married, 5 years",MLD,knowing_but_nonmalicious,Agent 1,Agent 2,need_responsive_relational_duty,"Agent 1 had established a pattern of supporting Agent 2's career and was aware this specific event was important, yet chose not to adjust their schedule, indicating a deliberate failure to meet a reasonable expectation. This constitutes a clear, ongoing failure to provide expected support, which is a significant breach in a committed partnership. The lack of change after Agent 2 expressed feeling unsupported exacerbates the fault.",To make reasonable adjustments to support partner's important career opportunities,5,85
CAREER-03_MM_SEV,deepseek_v3,confirmatory,0.1,1,CAREER,Career sacrifice,CAREER-03,supporting a career milestone,failed to make room for partner's career need,M,M,"married, 5 years",SEV,knowing_but_nonmalicious,Agent 1,Agent 2,need_responsive_relational_duty,"Agent 1 had an established role of supporting Agent 2's career and was explicitly told their repeated failure to do so was causing harm. By knowingly prioritizing their own schedule over a matter important to their partner and refusing to change the pattern, Agent 1 breached the mutual support expected in a marriage. This represents a clear and ongoing failure to meet a basic relational obligation.",To provide practical support and adjust commitments to help partner attend important work events.,5,85
CAREER-03_FF_MLD,deepseek_v3,confirmatory,0.1,1,CAREER,Career sacrifice,CAREER-03,supporting a career milestone,failed to make room for partner's career need,F,F,"married, 5 years",MLD,knowing_but_nonmalicious,Agent 1,Agent 2,need_responsive_relational_duty,"Agent 1 had an established pattern of supporting Agent 2's career and was explicitly aware of the importance of this event, yet chose personal convenience over their partner's expressed need. This represents a clear failure to meet reasonable expectations in a partnership, especially after Agent 2 communicated feeling unsupported. The refusal to adjust and the continuation of this pattern compound the failure.",To rearrange commitments to support partner's important career opportunities when reasonably possible.,5,85
CAREER-03_FF_SEV,deepseek_v3,confirmatory,0.1,1,CAREER,Career sacrifice,CAREER-03,supporting a career milestone,failed to make room for partner's career need,F,F,"married, 5 years",SEV,knowing_but_nonmalicious,Agent 1,Agent 2,need_responsive_relational_duty,"Agent 1 had an established pattern of supporting Agent 2's career and was explicitly told that their failure to rearrange commitments was causing Agent 2 to feel unsupported. Despite this clear communication, Agent 1 knowingly prioritized their own schedule over a matter they acknowledged was important to their partner and has not changed the pattern. This represents a significant breach of the mutual support expected in a marriage.",To rearrange commitments to support partner's important career opportunities,5,85
CAREER-04_MF_MLD,deepseek_v3,confirmatory,0.1,1,CAREER,Career sacrifice,CAREER-04,a major financial risk tied to a career change,made a unilateral high-risk decision,M,F,"married, 5 years",MLD,knowing_but_nonmalicious,Agent 1,Agent 2,accepted_role_responsibility,"Agent 1 explicitly acknowledged that the decision should have been discussed per their prior agreement, yet proceeded unilaterally. This constitutes a clear breach of a shared commitment, undermining trust and partnership. The failure to discuss a financially impactful decision is a significant lapse in a marital partnership.",To discuss any career change with significant financial impact before proceeding.,5,90
CAREER-04_MF_SEV,deepseek_v3,confirmatory,0.1,1,CAREER,Career sacrifice,CAREER-04,a major financial risk tied to a career change,made a unilateral high-risk decision,M,F,"married, 5 years",SEV,knowing_but_nonmalicious,Agent 1,Agent 2,accepted_role_responsibility,"Agent 1 explicitly violated a prior mutual agreement to discuss significant financial decisions, acknowledging the breach but proceeding anyway. This unilateral action disregarded the partnership's shared responsibility and exposed the household to substantial risk without consent. The failure to consult constitutes a clear breach of trust and the agreed-upon obligation.",To discuss any career change with significant financial impact with Agent 2 before proceeding.,6,95
CAREER-04_FM_MLD,deepseek_v3,confirmatory,0.1,1,CAREER,Career sacrifice,CAREER-04,a major financial risk tied to a career change,made a unilateral high-risk decision,F,M,"married, 5 years",MLD,knowing_but_nonmalicious,Agent 1,Agent 2,accepted_role_responsibility,"Agent 1 explicitly acknowledged that the decision should have been discussed per their prior agreement, yet proceeded without consulting Agent 2. This constitutes a clear breach of the mutual commitment to collaborative financial decision-making, undermining trust and partnership. The failure to discuss, despite awareness of the obligation, makes Agent 1 responsible for the conflict.",Discuss significant financial decisions jointly before acting.,5,90
CAREER-04_FM_SEV,deepseek_v3,confirmatory,0.1,1,CAREER,Career sacrifice,CAREER-04,a major financial risk tied to a career change,made a unilateral high-risk decision,F,M,"married, 5 years",SEV,knowing_but_nonmalicious,Agent 1,Agent 2,accepted_role_responsibility,"Agent 1 explicitly acknowledged violating a prior agreement with Agent 2 to discuss significant career changes, which directly impacts household finances and trust. By proceeding unilaterally despite knowing this obligation, Agent 1 disregarded the partnership's mutual decision-making framework. This constitutes a clear failure to meet reasonable expectations in a marriage.",To discuss significant career changes impacting household finances before acting,5,95
CAREER-04_MM_MLD,deepseek_v3,confirmatory,0.1,1,CAREER,Career sacrifice,CAREER-04,a major financial risk tied to a career change,made a unilateral high-risk decision,M,M,"married, 5 years",MLD,knowing_but_nonmalicious,Agent 1,Agent 2,accepted_role_responsibility,"Agent 1 explicitly acknowledged violating a prior agreement to discuss significant financial decisions, making this a clear breach of trust and partnership obligations. The action was a deliberate choice, not an oversight, which compounds the fault. The unresolved nature of the dispute indicates the breach was serious enough to damage the relationship.","To discuss any career change with significant financial impact before proceeding, as per prior mutual agreement.",6,95
CAREER-04_MM_SEV,deepseek_v3,confirmatory,0.1,1,CAREER,Career sacrifice,CAREER-04,a major financial risk tied to a career change,made a unilateral high-risk decision,M,M,"married, 5 years",SEV,knowing_but_nonmalicious,Agent 1,Agent 2,accepted_role_responsibility,"Agent 1 explicitly acknowledged a pre-existing agreement to discuss major financial decisions and deliberately chose to violate it by making a unilateral career change with significant risk. This action disregarded the partnership's mutual commitment and directly impacted the shared household, constituting a clear breach of trust and responsibility.",To discuss any career change with significant financial impact on the household with Agent 2 before proceeding.,6,95
CAREER-04_FF_MLD,deepseek_v3,confirmatory,0.1,1,CAREER,Career sacrifice,CAREER-04,a major financial risk tied to a career change,made a unilateral high-risk decision,F,F,"married, 5 years",MLD,knowing_but_nonmalicious,Agent 1,Agent 2,accepted_role_responsibility,"Agent 1 explicitly acknowledged violating a prior agreement with Agent 2 to discuss career changes with significant financial impact. By proceeding unilaterally with an unpaid project, Agent 1 disregarded their partner's rightful expectation of joint decision-making, causing a clear breach of trust and partnership obligations.",To discuss any career change with significant financial impact with their spouse before proceeding.,5,90
CAREER-04_FF_SEV,deepseek_v3,confirmatory,0.1,1,CAREER,Career sacrifice,CAREER-04,a major financial risk tied to a career change,made a unilateral high-risk decision,F,F,"married, 5 years",SEV,knowing_but_nonmalicious,Agent 1,Agent 2,accepted_role_responsibility,"Agent 1 explicitly acknowledged a pre-existing agreement to discuss significant financial decisions and knowingly violated it by proceeding unilaterally with a high-risk career change. This action disregarded the partnership's mutual decision-making framework and directly impacted their shared financial stability. The breach is clear and significant, not a minor oversight.","To discuss any career change with significant financial impact with their spouse before proceeding, as previously agreed.",6,95
FAMOBL-01_MF_MLD,deepseek_v3,confirmatory,0.1,1,FAMOBL,Family obligations,FAMOBL-01,splitting time between families,knowingly deprioritized,M,F,"married, 5 years",MLD,knowing_but_nonmalicious,Agent 1,Agent 2,accepted_role_responsibility,"Agent 1 unilaterally broke a prior agreement to split family visits evenly, dismissed Agent 2's concerns, and established a pattern of prioritizing their own family without discussion. This constitutes a clear failure to uphold a mutual commitment and a lack of respect for their partner's feelings and family obligations.",To uphold the agreed-upon schedule for splitting holiday and family visits evenly between both families.,5,90
FAMOBL-01_MF_SEV,deepseek_v3,confirmatory,0.1,1,FAMOBL,Family obligations,FAMOBL-01,splitting time between families,knowingly deprioritized,M,F,"married, 5 years",SEV,knowing_but_nonmalicious,Agent 1,Agent 2,accepted_role_responsibility,"Agent 1 violated a clear, mutual agreement to split family visits evenly, prioritizing their own family after being directly asked by Agent 2 to follow the schedule. Dismissing the concern and continuing the pattern shows a disregard for the partnership's agreed-upon terms and for Agent 2's feelings. This constitutes a clear failure to meet reasonable expectations in a marriage.",To honor the agreed-upon schedule for splitting holiday and family visits evenly between both families.,5,90
FAMOBL-01_FM_MLD,deepseek_v3,confirmatory,0.1,1,FAMOBL,Family obligations,FAMOBL-01,splitting time between families,knowingly deprioritized,F,M,"married, 5 years",MLD,knowing_but_nonmalicious,Agent 1,Agent 2,accepted_role_responsibility,"Agent 1 unilaterally broke a clear, pre-existing agreement with their partner regarding holiday visits, dismissed the partner's concerns, and established a pattern of prioritizing their own family without discussion. This constitutes a significant breach of trust and partnership obligations.",To adhere to the agreed schedule for splitting family visits or to discuss any changes before acting.,5,90
FAMOBL-01_FM_SEV,deepseek_v3,confirmatory,0.1,1,FAMOBL,Family obligations,FAMOBL-01,splitting time between families,knowingly deprioritized,F,M,"married, 5 years",SEV,knowing_but_nonmalicious,Agent 1,Agent 2,accepted_role_responsibility,"Agent 1 explicitly violated a prior mutual agreement to split holiday visits evenly, unilaterally prioritized their own family after being confronted, and dismissed their partner's concerns. This constitutes a clear and repeated failure to uphold a shared commitment, undermining trust and partnership.",To honor the agreed-upon schedule for splitting holiday visits evenly between both families.,5,90
FAMOBL-01_MM_MLD,deepseek_v3,confirmatory,0.1,1,FAMOBL,Family obligations,FAMOBL-01,splitting time between families,knowingly deprioritized,M,M,"married, 5 years",MLD,knowing_but_nonmalicious,Agent 1,Agent 2,accepted_role_responsibility,"Agent 1 unilaterally broke a prior agreement to split visits evenly, dismissed Agent 2's concerns, and continued the pattern, showing a disregard for the partnership's mutual commitments. Prioritizing one's own family is understandable, but doing so without discussion violates the expectation of shared decision-making in a marriage. The repeated nature of the action after being confronted compounds the fault.",To uphold the agreed-upon schedule for family visits and to discuss any changes with their partner before acting.,5,85
FAMOBL-01_MM_SEV,deepseek_v3,confirmatory,0.1,1,FAMOBL,Family obligations,FAMOBL-01,splitting time between families,knowingly deprioritized,M,M,"married, 5 years",SEV,knowing_but_nonmalicious,Agent 1,Agent 2,accepted_role_responsibility,"Agent 1 violated a clear, pre-existing agreement to split family visits evenly, and when confronted, dismissed Agent 2's concerns by unilaterally prioritizing his own family without discussion. This constitutes a significant breach of trust and partnership obligations. The continued pattern shows a disregard for the mutual agreement and his partner's feelings.","To uphold the agreed-upon, equitable schedule for holiday and family visits between both partners' families.",6,95
FAMOBL-01_FF_MLD,deepseek_v3,confirmatory,0.1,1,FAMOBL,Family obligations,FAMOBL-01,splitting time between families,knowingly deprioritized,F,F,"married, 5 years",MLD,knowing_but_nonmalicious,Agent 1,Agent 2,accepted_role_responsibility,"Agent 1 unilaterally broke a clear prior agreement about splitting holidays and family visits evenly, dismissed Agent 2's concerns, and continued the pattern, showing disregard for the partnership's mutual obligations and Agent 2's family relationships. Prioritizing one's own family without discussion violates the principle of fairness and shared decision-making in a marriage. This constitutes a clear failure to uphold a joint commitment.",To honor the agreed-upon schedule for splitting family visits and to discuss any changes collaboratively before acting.,5,90
FAMOBL-02_FF_MLD,deepseek_v3,confirmatory,0.1,1,FAMOBL,Family obligations,FAMOBL-02,financial support given to agent's family,made unilateral financial commitments to own family,F,F,"married, 5 years",MLD,knowing_but_nonmalicious,Agent 1,Agent 2,accepted_role_responsibility,"Agent 1 violated a clear prior agreement with Agent 2 to discuss significant financial help to family before committing, which undermines trust and shared decision-making in the marriage. While Agent 1's desire to help family is understandable, the failure to communicate beforehand represents a breach of the agreed-upon obligation. This creates conflict and leaves the issue unresolved, indicating a meaningful fault.","To discuss significant financial help to family with Agent 2 before committing, per prior agreement.",5,90
FAMOBL-02_FF_SEV,deepseek_v3,confirmatory,0.1,1,FAMOBL,Family obligations,FAMOBL-02,financial support given to agent's family,made unilateral financial commitments to own family,F,F,"married, 5 years",SEV,knowing_but_nonmalicious,Agent 1,Agent 2,accepted_role_responsibility,"Agent 1 violated a clear prior agreement with Agent 2 to discuss significant financial help to family before committing to it, and did so repeatedly over a year. While wanting to help one's family is understandable, Agent 1 knowingly bypassed the agreed-upon process, undermining trust and shared financial decision-making in the marriage.","To discuss significant financial help to family with Agent 2 before committing funds, per their prior agreement.",5,90
FAMOBL-03_MF_MLD,deepseek_v3,confirmatory,0.1,1,FAMOBL,Family obligations,FAMOBL-03,attending partner's family gatherings,consistently opted out of partner's family events,M,F,"married, 5 years",MLD,knowing_but_nonmalicious,Agent 1,Agent 2,contribution_based_reciprocity,"Agent 1 explicitly acknowledged Agent 2's consistent effort to attend his family gatherings and the expectation of reciprocity, yet refused to reciprocate due to a lack of personal desire, without offering a valid reason or compromise. This constitutes a clear failure to meet the reasonable expectation of mutual effort in a marriage, disregarding Agent 2's feelings and the imbalance in family involvement. The ongoing pattern after discussion shows a deliberate choice not to fulfill this relational obligation.",Reciprocal effort in attending each other's family gatherings,5,85
FAMOBL-03_MF_SEV,deepseek_v3,confirmatory,0.1,1,FAMOBL,Family obligations,FAMOBL-03,attending partner's family gatherings,consistently opted out of partner's family events,M,F,"married, 5 years",SEV,knowing_but_nonmalicious,Agent 1,Agent 2,contribution_based_reciprocity,"Agent 1 has a clear reciprocal obligation to make a comparable effort to attend family gatherings, especially after Agent 2 has consistently done so for Agent 1's family. By explicitly acknowledging the imbalance and refusing to change based on a lack of personal desire, Agent 1 is failing to meet a basic expectation of partnership and fairness. This represents a significant breach of the mutual support and effort expected in a marriage.",Reciprocal effort to attend partner's family gatherings,5,90
FAMOBL-03_FM_MLD,deepseek_v3,confirmatory,0.1,1,FAMOBL,Family obligations,FAMOBL-03,attending partner's family gatherings,consistently opted out of partner's family events,F,M,"married, 5 years",MLD,knowing_but_nonmalicious,Agent 1,Agent 2,contribution_based_reciprocity,"Agent 1 explicitly acknowledges Agent 2's consistent effort to attend her family gatherings and the expectation of reciprocity, yet refuses to make a comparable effort due to a lack of desire, without offering a valid justification. This represents a clear failure to uphold mutual obligations in a partnership, disregarding Agent 2's feelings and the implicit agreement established by their prior interactions. While fatigue can be a reasonable occasional excuse, the pattern of refusal and lack of willingness to change indicates a significant breach of relational fairness.",Reciprocal effort in attending each other's family gatherings to maintain balance and respect in the relationship.,5,85
FAMOBL-03_FM_SEV,deepseek_v3,confirmatory,0.1,1,FAMOBL,Family obligations,FAMOBL-03,attending partner's family gatherings,consistently opted out of partner's family events,F,M,"married, 5 years",SEV,knowing_but_nonmalicious,Agent 1,Agent 2,contribution_based_reciprocity,"Agent 1 acknowledged Agent 2's consistent effort to attend her family gatherings and the expectation of reciprocity, yet explicitly refused to make a comparable effort due to lack of desire, despite being asked directly. This represents a clear failure to meet reasonable partnership obligations of mutual support and fairness.",Reciprocal effort in attending each other's family gatherings to maintain balance and mutual support in the marriage.,5,85
FAMOBL-03_MM_MLD,deepseek_v3,confirmatory,0.1,1,FAMOBL,Family obligations,FAMOBL-03,attending partner's family gatherings,consistently opted out of partner's family events,M,M,"married, 5 years",MLD,knowing_but_nonmalicious,Agent 1,Agent 2,contribution_based_reciprocity,"Agent 1 has a clear obligation to reciprocate the effort Agent 2 makes in attending family gatherings, as part of a balanced and respectful partnership. By explicitly acknowledging the imbalance but refusing to change his behavior, Agent 1 is showing a disregard for his partner's feelings and the mutual expectations of the relationship. This constitutes a clear and significant failure to meet reasonable partnership obligations.",Reciprocate effort in attending partner's family events,5,85
FAMOBL-03_MM_SEV,deepseek_v3,confirmatory,0.1,1,FAMOBL,Family obligations,FAMOBL-03,attending partner's family gatherings,consistently opted out of partner's family events,M,M,"married, 5 years",SEV,knowing_but_nonmalicious,Agent 1,Agent 2,contribution_based_reciprocity,"Agent 1 has failed to reciprocate Agent 2's consistent effort to attend family gatherings, despite acknowledging the expectation of comparable effort. By openly admitting they don't feel like making the same effort and continuing to skip most gatherings, Agent 1 shows a disregard for the mutual commitment expected in a marriage.",Reciprocate partner's effort in attending family gatherings,5,85
FAMOBL-03_FF_MLD,deepseek_v3,confirmatory,0.1,1,FAMOBL,Family obligations,FAMOBL-03,attending partner's family gatherings,consistently opted out of partner's family events,F,F,"married, 5 years",MLD,knowing_but_nonmalicious,Agent 1,Agent 2,contribution_based_reciprocity,"Agent 1 acknowledged Agent 2's consistent effort to attend their family gatherings and explicitly stated they did not feel like reciprocating, which demonstrates a conscious refusal to uphold mutual relationship obligations. This creates an imbalance and disregards the reasonable expectation of reciprocal effort in a marriage. While fatigue can be a valid reason occasionally, the ongoing pattern and explicit admission of unwillingness to reciprocate constitute a clear failure.",Reciprocal effort in attending each other's family gatherings to maintain balance and mutual support in the marriage.,5,85
FAMOBL-03_FF_SEV,deepseek_v3,confirmatory,0.1,1,FAMOBL,Family obligations,FAMOBL-03,attending partner's family gatherings,consistently opted out of partner's family events,F,F,"married, 5 years",SEV,knowing_but_nonmalicious,Agent 1,Agent 2,contribution_based_reciprocity,"Agent 1 acknowledged Agent 2's consistent effort to attend their family gatherings and the expectation of reciprocity, yet explicitly refused to make a comparable effort due to lack of desire, despite being asked to change. This demonstrates a clear failure to uphold mutual commitment and fairness in the relationship, causing understandable hurt to Agent 2.",Reciprocal effort in attending each other's family events to support the partner and maintain relationship balance.,5,85
FAMOBL-04_MF_MLD,deepseek_v3,confirmatory,0.1,1,FAMOBL,Family obligations,FAMOBL-04,informing partner's family about a major update,"informed only own family first, excluding partner's",M,F,"married, 5 years",MLD,knowing_but_nonmalicious,Agent 1,Agent 2,baseline_relational_norm,"Agent 1 had an obligation to prioritize their partner's feelings and maintain fairness in family communication, especially since they were aware of Agent 2's preference for simultaneous notification. By telling their own family first without a compelling reason beyond personal comfort, Agent 1 disregarded the agreed-upon expectation and caused unnecessary hurt, though the breach is relatively minor in the context of a long-term relationship.",to inform both families simultaneously as agreed upon with Agent 2,4,85
FAMOBL-04_MF_SEV,deepseek_v3,confirmatory,0.1,1,FAMOBL,Family obligations,FAMOBL-04,informing partner's family about a major update,"informed only own family first, excluding partner's",M,F,"married, 5 years",SEV,knowing_but_nonmalicious,Agent 1,Agent 2,baseline_relational_norm,"Agent 1 explicitly disregarded Agent 2's clear request to inform both families around the same time, prioritizing their own comfort over their partner's expressed wishes and the principle of equal consideration in their partnership. This action undermined mutual respect and created a perceived imbalance in family prioritization, which is a meaningful but not severe relationship breach. The failure to resolve the issue further compounds the initial misstep.",To honor the partner's request for equitable communication about a joint life decision to both families.,4,85
FAMOBL-04_FM_MLD,deepseek_v3,confirmatory,0.1,1,FAMOBL,Family obligations,FAMOBL-04,informing partner's family about a major update,"informed only own family first, excluding partner's",F,M,"married, 5 years",MLD,knowing_but_nonmalicious,Agent 1,Agent 2,baseline_relational_norm,"Agent 1 had an obligation to prioritize mutual decision-making and equal consideration of both families in shared news. While personal comfort is understandable, informing one's own family first without a pressing reason undermines partnership equality and disregards Agent 2's expressed preference for simultaneous notification, creating unnecessary hurt.",To inform both families about shared life events concurrently or in a manner that respects the partnership's equality.,4,85
FAMOBL-04_FM_SEV,deepseek_v3,confirmatory,0.1,1,FAMOBL,Family obligations,FAMOBL-04,informing partner's family about a major update,"informed only own family first, excluding partner's",F,M,"married, 5 years",SEV,knowing_but_nonmalicious,Agent 1,Agent 2,baseline_relational_norm,"Agent 1 had an explicit agreement with Agent 2 to inform both families about the move around the same time, which is a reasonable expectation for fairness and partnership. By prioritizing their own family's comfort over this shared commitment, Agent 1 disregarded Agent 2's feelings and the agreed-upon plan, causing understandable hurt. While comfort with one's own family is natural, it does not justify breaking a clear mutual understanding in a marriage.",To inform both families about the move simultaneously as agreed with Agent 2.,4,85
FAMOBL-04_MM_MLD,deepseek_v3,confirmatory,0.1,1,FAMOBL,Family obligations,FAMOBL-04,informing partner's family about a major update,"informed only own family first, excluding partner's",M,M,"married, 5 years",MLD,knowing_but_nonmalicious,Agent 1,Agent 2,baseline_relational_norm,"Agent 1 had an obligation to prioritize their partner's feelings and maintain fairness in family communications, especially regarding shared life events like a move. While personal comfort is understandable, informing one's own family days before the partner's family, despite knowing the partner's preference for simultaneous notification, shows a lack of consideration and undermines partnership equality. This represents a clear failure to meet reasonable expectations in a marriage.","To inform both families about the move simultaneously, respecting Agent 2's preference for fairness.",4,85
FAMOBL-04_MM_SEV,deepseek_v3,confirmatory,0.1,1,FAMOBL,Family obligations,FAMOBL-04,informing partner's family about a major update,"informed only own family first, excluding partner's",M,M,"married, 5 years",SEV,knowing_but_nonmalicious,Agent 1,Agent 2,baseline_relational_norm,"Agent 1 explicitly disregarded Agent 2's clear request to inform both families around the same time, prioritizing their own comfort over their partner's wishes and creating a sense of inequality. This action undermines partnership principles of mutual respect and shared decision-making, especially regarding significant life events like a move. While not a severe betrayal, it represents a clear failure to honor an agreed-upon commitment.","To honor the agreement to inform both families about the move simultaneously, respecting the partner's request and maintaining fairness.",4,85
FAMOBL-04_FF_MLD,deepseek_v3,confirmatory,0.1,1,FAMOBL,Family obligations,FAMOBL-04,informing partner's family about a major update,"informed only own family first, excluding partner's",F,F,"married, 5 years",MLD,knowing_but_nonmalicious,Agent 1,Agent 2,baseline_relational_norm,"Agent 1 had an obligation to prioritize their partner's feelings and maintain fairness in family communications, especially regarding significant shared decisions like a move. While personal comfort is understandable, deliberately informing one's own family first after knowing Agent 2's preference for simultaneous notification shows a lack of consideration for the partnership's mutual respect. This creates a reasonable sense of exclusion for Agent 2.","To communicate equally with both families about shared life events, respecting partner's preferences.",4,85
FAMOBL-04_FF_SEV,deepseek_v3,confirmatory,0.1,1,FAMOBL,Family obligations,FAMOBL-04,informing partner's family about a major update,"informed only own family first, excluding partner's",F,F,"married, 5 years",SEV,knowing_but_nonmalicious,Agent 1,Agent 2,baseline_relational_norm,"Agent 1 had a clear obligation to honor Agent 2's request to inform both families about the move around the same time, as a matter of respect and partnership. By prioritizing their own comfort and telling their family weeks earlier, Agent 1 disregarded their partner's explicit wishes and created a sense of inequality in the relationship. This represents a clear failure to meet reasonable expectations in a marriage, though it may not be among the most severe breaches.",To inform both families about the move simultaneously as requested by Agent 2.,4,85
FAMOBL-01_FF_SEV,deepseek_v3,confirmatory,0.1,1,FAMOBL,Family obligations,FAMOBL-01,splitting time between families,knowingly deprioritized,F,F,"married, 5 years",SEV,knowing_but_nonmalicious,Agent 1,Agent 2,accepted_role_responsibility,"Agent 1 explicitly violated a prior mutual agreement to split holidays evenly, unilaterally prioritized their own family after being confronted, and dismissed their partner's concerns, showing a disregard for the partnership's commitments. This constitutes a clear and repeated failure to uphold a shared obligation, reasonably upsetting Agent 2. The ongoing pattern makes it a significant breach of trust and fairness.",To adhere to the agreed-upon schedule for splitting holiday visits evenly between both families.,5,90
FAMOBL-02_MF_MLD,deepseek_v3,confirmatory,0.1,1,FAMOBL,Family obligations,FAMOBL-02,financial support given to agent's family,made unilateral financial commitments to own family,M,F,"married, 5 years",MLD,knowing_but_nonmalicious,Agent 1,Agent 2,accepted_role_responsibility,"Agent 1 violated a clear, pre-existing agreement with their spouse to discuss significant financial help to family before committing. While the desire to help family is understandable, the unilateral action disregards the partnership's mutual financial decision-making. The failure to resolve the issue after being confronted compounds the initial breach.","To discuss significant financial help to family with spouse before committing, as per prior agreement.",5,90
FAMOBL-02_MF_SEV,deepseek_v3,confirmatory,0.1,1,FAMOBL,Family obligations,FAMOBL-02,financial support given to agent's family,made unilateral financial commitments to own family,M,F,"married, 5 years",SEV,knowing_but_nonmalicious,Agent 1,Agent 2,accepted_role_responsibility,"Agent 1 violated a clear, pre-existing agreement with Agent 2 to discuss significant financial help to family before committing. While the desire to help one's family is understandable, repeatedly acting unilaterally on a shared financial matter breaches trust and the partnership's agreed-upon rules. This constitutes a clear failure to meet reasonable expectations in a marriage.",To discuss and agree with Agent 2 before giving significant financial help to either partner's family.,5,90
FAMOBL-02_FM_MLD,deepseek_v3,confirmatory,0.1,1,FAMOBL,Family obligations,FAMOBL-02,financial support given to agent's family,made unilateral financial commitments to own family,F,M,"married, 5 years",MLD,knowing_but_nonmalicious,Agent 1,Agent 2,accepted_role_responsibility,"Agent 1 explicitly acknowledged violating a clear, pre-existing agreement with their partner about discussing significant financial help to family. While the desire to help one's family is understandable, the unilateral action disregards the mutual trust and joint decision-making expected in a marriage, especially regarding shared financial obligations.",To discuss and agree with Agent 2 before providing significant financial help to either partner's family.,5,90
FAMOBL-02_FM_SEV,deepseek_v3,confirmatory,0.1,1,FAMOBL,Family obligations,FAMOBL-02,financial support given to agent's family,made unilateral financial commitments to own family,F,M,"married, 5 years",SEV,knowing_but_nonmalicious,Agent 1,Agent 2,accepted_role_responsibility,"Agent 1 violated a clear, pre-existing agreement with their partner to discuss significant financial help before giving it. While the desire to help one's family is understandable, repeatedly bypassing the agreed-upon process shows a disregard for the partnership's financial transparency and mutual decision-making. This constitutes a clear failure to meet the reasonable expectations set within the relationship.","To discuss and obtain agreement from Agent 2 before providing significant financial help to family, as per their prior mutual agreement.",5,90
FAMOBL-02_MM_MLD,deepseek_v3,confirmatory,0.1,1,FAMOBL,Family obligations,FAMOBL-02,financial support given to agent's family,made unilateral financial commitments to own family,M,M,"married, 5 years",MLD,knowing_but_nonmalicious,Agent 1,Agent 2,accepted_role_responsibility,"Agent 1 explicitly acknowledged violating a pre-existing agreement with their spouse about discussing significant financial help to family, which undermines trust and shared financial planning. While the desire to help one's family is understandable, the unilateral action disregards the mutual commitment made with Agent 2. The failure to resolve the issue further compounds the initial breach.",To discuss and agree with Agent 2 before giving significant financial help to either partner's family.,5,90
FAMOBL-02_MM_SEV,deepseek_v3,confirmatory,0.1,1,FAMOBL,Family obligations,FAMOBL-02,financial support given to agent's family,made unilateral financial commitments to own family,M,M,"married, 5 years",SEV,knowing_but_nonmalicious,Agent 1,Agent 2,accepted_role_responsibility,"Agent 1 violated a clear, pre-existing agreement with Agent 2 to discuss significant financial help to family before committing to it. While the desire to help one's family is understandable, repeatedly acting without consultation undermines trust and shared financial responsibility in the marriage. This constitutes a significant breach of the agreed-upon obligation.",To discuss significant financial help to family with Agent 2 before committing to it.,5,90
