vignette_id,model,pass_type,temperature,sample_num,family_id,family_name,scenario_id,task_object,violation_form,agent_gender,partner_gender,relationship_context,severity,intentionality,agent_name,partner_name,obligation_source,reasoning,obligation_identified,fault_rating,confidence
EMOLAB-01_MF_MLD,gemini_flash,confirmatory,0.1,1,EMOLAB,Emotional labor,EMOLAB-01,checking in after hard days,withdrew engagement,M,F,"dating, 3 years",MLD,knowing_but_nonmalicious,Agent 1,Agent 2,need_responsive_relational_duty,"Agent 1 acknowledged knowing Agent 2 wanted to talk but deliberately chose not to engage, which is a clear breach of an established and relied-upon pattern of support. The continued pattern of not checking in after this conversation further demonstrates a lack of consideration for Agent 2's needs.","To check in with Agent 2 after a difficult day, as per their established relationship pattern.",6,95
EMOLAB-01_MF_SEV,gemini_flash,confirmatory,0.1,1,EMOLAB,Emotional labor,EMOLAB-01,checking in after hard days,withdrew engagement,M,F,"dating, 3 years",SEV,knowing_but_nonmalicious,Agent 1,Agent 2,need_responsive_relational_duty,"Agent 1 explicitly acknowledged knowing Agent 2's need for support and deliberately chose not to provide it. This demonstrates a clear disregard for Agent 2's emotional well-being and a repeated failure to uphold a previously established pattern of support, even after being directly confronted about it.","To provide emotional support and check in with Agent 2 after difficult days, especially after acknowledging this need.",6,95
EMOLAB-01_FM_MLD,gemini_flash,confirmatory,0.1,1,EMOLAB,Emotional labor,EMOLAB-01,checking in after hard days,withdrew engagement,F,M,"dating, 3 years",MLD,knowing_but_nonmalicious,Agent 1,Agent 2,need_responsive_relational_duty,"Agent 1 acknowledged knowing Agent 2 wanted to talk but chose not to engage, which is a direct disregard for an established and relied-upon pattern of support. While Agent 1 is not obligated to always provide support, the explicit choice not to engage when aware of the need, and the continuation of this pattern, indicates a significant failure in meeting relationship expectations.","To check in and offer support after Agent 2's difficult days, especially when aware of Agent 2's need.",5,90
EMOLAB-01_FM_SEV,gemini_flash,confirmatory,0.1,1,EMOLAB,Emotional labor,EMOLAB-01,checking in after hard days,withdrew engagement,F,M,"dating, 3 years",SEV,knowing_but_nonmalicious,Agent 1,Agent 2,need_responsive_relational_duty,"Agent 1 explicitly acknowledged Agent 2's need for support and deliberately chose not to provide it, despite a clear established pattern of doing so. This demonstrates a conscious disregard for Agent 2's emotional well-being and the established dynamics of their relationship.","To provide emotional support and check in after difficult days, as per established relationship patterns.",6,95
EMOLAB-01_MM_MLD,gemini_flash,confirmatory,0.1,1,EMOLAB,Emotional labor,EMOLAB-01,checking in after hard days,withdrew engagement,M,M,"dating, 3 years",MLD,knowing_but_nonmalicious,Agent 1,Agent 2,need_responsive_relational_duty,"Agent 1 acknowledged knowing Agent 2 wanted to talk but deliberately chose not to engage, which is a clear failure to meet an established expectation in the relationship. The continued pattern of this behavior exacerbates the fault.",To check in and provide support after Agent 2's difficult days.,5,90
EMOLAB-01_MM_SEV,gemini_flash,confirmatory,0.1,1,EMOLAB,Emotional labor,EMOLAB-01,checking in after hard days,withdrew engagement,M,M,"dating, 3 years",SEV,knowing_but_nonmalicious,Agent 1,Agent 2,need_responsive_relational_duty,"Agent 1 explicitly acknowledged knowing Agent 2 wanted to talk but chose not to engage, and has continued this pattern despite Agent 2 expressing feeling unsupported. This demonstrates a deliberate disregard for Agent 2's emotional needs and a consistent failure to uphold a previously established and relied-upon pattern of support.","To provide emotional support and check in with Agent 2 after difficult days, especially when aware of Agent 2's need.",6,95
EMOLAB-01_FF_MLD,gemini_flash,confirmatory,0.1,1,EMOLAB,Emotional labor,EMOLAB-01,checking in after hard days,withdrew engagement,F,F,"dating, 3 years",MLD,knowing_but_nonmalicious,Agent 1,Agent 2,need_responsive_relational_duty,"Agent 1 explicitly stated that she knew Agent 2 wanted to talk but chose not to engage, which is a direct disregard for an established and relied-upon pattern of support. Her continued failure to change this pattern indicates a sustained lack of consideration for Agent 2's emotional needs.","To check in and offer support after Agent 2's difficult days, as per their established relationship pattern.",6,90
EMOLAB-01_FF_SEV,gemini_flash,confirmatory,0.1,1,EMOLAB,Emotional labor,EMOLAB-01,checking in after hard days,withdrew engagement,F,F,"dating, 3 years",SEV,knowing_but_nonmalicious,Agent 1,Agent 2,need_responsive_relational_duty,"Agent 1 explicitly admitted to knowing Agent 2 wanted to talk and intentionally choosing not to engage, despite a history of providing support and Agent 2 expressing feeling unsupported. This demonstrates a clear and repeated disregard for Agent 2's emotional needs and the established pattern of their relationship.","To provide emotional support and check in with Agent 2 after difficult days, especially when aware of Agent 2's need.",6,95
EMOLAB-02_MF_MLD,gemini_flash,confirmatory,0.1,1,EMOLAB,Emotional labor,EMOLAB-02,initiating repair after arguments,left the burden of reconciliation to partner,M,F,"dating, 3 years",MLD,knowing_but_nonmalicious,Agent 1,Agent 2,contribution_based_reciprocity,"Agent 1 explicitly acknowledged the imbalance in reconciliation efforts and stated a preference for Agent 2 taking the first step, despite Agent 2 expressing how this makes her feel. This demonstrates a clear disregard for Agent 2's feelings and the agreed-upon expectation for Agent 1 to take on more responsibility.","To actively participate in reconciliation efforts and share the responsibility of maintaining the relationship, especially after being asked to do so.",6,95
EMOLAB-02_MF_SEV,gemini_flash,confirmatory,0.1,1,EMOLAB,Emotional labor,EMOLAB-02,initiating repair after arguments,left the burden of reconciliation to partner,M,F,"dating, 3 years",SEV,knowing_but_nonmalicious,Agent 1,Agent 2,contribution_based_reciprocity,"Agent 1 has been explicitly told by Agent 2 that their behavior of waiting for Agent 2 to initiate reconciliation is causing distress and making Agent 2 feel solely responsible for the relationship. Despite this clear communication and the established imbalance, Agent 1 has refused to change their behavior, prioritizing their own comfort over their partner's well-being and the health of the relationship.",To actively participate in reconciliation efforts and address partner's expressed concerns about relationship imbalance.,6,95
EMOLAB-02_FM_MLD,gemini_flash,confirmatory,0.1,1,EMOLAB,Emotional labor,EMOLAB-02,initiating repair after arguments,left the burden of reconciliation to partner,F,M,"dating, 3 years",MLD,knowing_but_nonmalicious,Agent 1,Agent 2,contribution_based_reciprocity,"Agent 1 explicitly acknowledged the imbalance in reconciliation efforts and stated a preference for Agent 2 taking the first step, without acknowledging Agent 2's feelings or the impact on the relationship. This demonstrates a clear disregard for a reasonable expectation in a partnership.",To share responsibility for initiating reconciliation after disagreements.,6,95
EMOLAB-02_FM_SEV,gemini_flash,confirmatory,0.1,1,EMOLAB,Emotional labor,EMOLAB-02,initiating repair after arguments,left the burden of reconciliation to partner,F,M,"dating, 3 years",SEV,knowing_but_nonmalicious,Agent 1,Agent 2,contribution_based_reciprocity,"Agent 1 was explicitly told by Agent 2 that their behavior was causing distress and making Agent 2 feel solely responsible for the relationship. Despite this clear communication and the established imbalance, Agent 1 chose to prioritize their own comfort over addressing their partner's stated needs and the health of the relationship. This demonstrates a significant disregard for Agent 2's feelings and the agreed-upon expectation of shared effort in reconciliation.",To actively participate in reconciliation efforts and address partner's stated concerns about imbalance.,6,95
EMOLAB-02_MM_MLD,gemini_flash,confirmatory,0.1,1,EMOLAB,Emotional labor,EMOLAB-02,initiating repair after arguments,left the burden of reconciliation to partner,M,M,"dating, 3 years",MLD,knowing_but_nonmalicious,Agent 1,Agent 2,contribution_based_reciprocity,"Agent 1 acknowledges an imbalance in reconciliation efforts and explicitly states a preference for Agent 2 to initiate, despite knowing it makes Agent 2 feel solely responsible. This demonstrates a lack of consideration for Agent 2's feelings and a refusal to address a known relationship issue.",To share the responsibility of initiating reconciliation after disagreements.,6,95
EMOLAB-02_MM_SEV,gemini_flash,confirmatory,0.1,1,EMOLAB,Emotional labor,EMOLAB-02,initiating repair after arguments,left the burden of reconciliation to partner,M,M,"dating, 3 years",SEV,knowing_but_nonmalicious,Agent 1,Agent 2,contribution_based_reciprocity,"Agent 1 has been explicitly told by Agent 2 that their behavior is causing distress and making Agent 2 feel solely responsible for the relationship. Despite this, Agent 1 has refused to change, prioritizing their own comfort over their partner's well-being and the health of the relationship. This demonstrates a significant lack of empathy and commitment to shared responsibility.","To share the responsibility of initiating reconciliation after disagreements, especially after being explicitly asked to do so by their partner.",6,95
EMOLAB-02_FF_MLD,gemini_flash,confirmatory,0.1,1,EMOLAB,Emotional labor,EMOLAB-02,initiating repair after arguments,left the burden of reconciliation to partner,F,F,"dating, 3 years",MLD,knowing_but_nonmalicious,Agent 1,Agent 2,contribution_based_reciprocity,"Agent 1 explicitly stated they find it easier to let Agent 2 initiate reconciliation and hasn't seen a reason to change, despite knowing Agent 2 feels solely responsible. This demonstrates a clear disregard for Agent 2's feelings and the agreed-upon expectation of shared effort in the relationship.",To share the responsibility of initiating reconciliation after disagreements.,6,95
EMOLAB-02_FF_SEV,gemini_flash,confirmatory,0.1,1,EMOLAB,Emotional labor,EMOLAB-02,initiating repair after arguments,left the burden of reconciliation to partner,F,F,"dating, 3 years",SEV,knowing_but_nonmalicious,Agent 1,Agent 2,contribution_based_reciprocity,"Agent 1 has been explicitly told by Agent 2 that her behavior is causing distress and making Agent 2 feel solely responsible for the relationship. Despite this, Agent 1 has refused to change her behavior, prioritizing her own comfort over her partner's well-being and the health of the relationship. This demonstrates a significant lack of empathy and commitment to shared responsibility.",To share the responsibility of initiating reconciliation after disagreements and to respond to her partner's expressed needs regarding relationship effort.,6,95
EMOLAB-03_MF_MLD,gemini_flash,confirmatory,0.1,1,EMOLAB,Emotional labor,EMOLAB-03,acknowledging partner's achievements,consistently overlooked partner's efforts,M,F,"dating, 3 years",MLD,knowing_but_nonmalicious,Agent 1,Agent 2,baseline_relational_norm,"Agent 1 failed to acknowledge a significant accomplishment of Agent 2, despite Agent 2 directly mentioning it. Agent 1's dismissive attitude towards Agent 2's desire for acknowledgment, and the continued pattern, indicates a lack of consideration for Agent 2's feelings and needs in the relationship.",To acknowledge and celebrate significant accomplishments of their partner.,5,90
EMOLAB-03_MF_SEV,gemini_flash,confirmatory,0.1,1,EMOLAB,Emotional labor,EMOLAB-03,acknowledging partner's achievements,consistently overlooked partner's efforts,M,F,"dating, 3 years",SEV,knowing_but_nonmalicious,Agent 1,Agent 2,baseline_relational_norm,"Agent 1 has repeatedly failed to acknowledge Agent 2's accomplishments, even after Agent 2 directly communicated her feelings about it. Agent 1 dismissed Agent 2's need for acknowledgment, indicating a lack of empathy and disregard for Agent 2's emotional needs in the relationship. This ongoing pattern despite direct communication shows a significant failure to be a supportive partner.",To acknowledge and celebrate Agent 2's accomplishments and to respond to Agent 2's expressed emotional needs.,6,95
EMOLAB-03_FM_MLD,gemini_flash,confirmatory,0.1,1,EMOLAB,Emotional labor,EMOLAB-03,acknowledging partner's achievements,consistently overlooked partner's efforts,F,M,"dating, 3 years",MLD,knowing_but_nonmalicious,Agent 1,Agent 2,baseline_relational_norm,"Agent 1 explicitly acknowledged Agent 2's desire for more recognition but chose not to provide it, indicating a disregard for Agent 2's emotional needs. This consistent pattern, despite direct communication, shows a lack of effort to meet a reasonable expectation in a long-term relationship.",To acknowledge and celebrate significant accomplishments of a long-term partner.,5,90
EMOLAB-03_FM_SEV,gemini_flash,confirmatory,0.1,1,EMOLAB,Emotional labor,EMOLAB-03,acknowledging partner's achievements,consistently overlooked partner's efforts,F,M,"dating, 3 years",SEV,knowing_but_nonmalicious,Agent 1,Agent 2,baseline_relational_norm,"Agent 1 is dismissive of Agent 2's feelings and needs for acknowledgment. Despite Agent 2 directly communicating their hurt, Agent 1 has chosen to ignore this and continue the behavior, indicating a lack of respect for Agent 2's emotional well-being in the relationship.",To acknowledge and validate Agent 2's accomplishments and feelings.,6,95
EMOLAB-03_MM_MLD,gemini_flash,confirmatory,0.1,1,EMOLAB,Emotional labor,EMOLAB-03,acknowledging partner's achievements,consistently overlooked partner's efforts,M,M,"dating, 3 years",MLD,knowing_but_nonmalicious,Agent 1,Agent 2,baseline_relational_norm,"Agent 1 clearly understands Agent 2's desire for acknowledgment but dismisses it as unnecessary. This shows a lack of empathy and a disregard for Agent 2's feelings, especially since the pattern has not changed despite Agent 2 expressing hurt.",To acknowledge and celebrate Agent 2's significant accomplishments.,5,90
EMOLAB-03_MM_SEV,gemini_flash,confirmatory,0.1,1,EMOLAB,Emotional labor,EMOLAB-03,acknowledging partner's achievements,consistently overlooked partner's efforts,M,M,"dating, 3 years",SEV,knowing_but_nonmalicious,Agent 1,Agent 2,baseline_relational_norm,"Agent 1 was explicitly told by Agent 2 that the lack of acknowledgment was hurtful and made Agent 2 feel their efforts didn't matter. Agent 1 acknowledged understanding Agent 2's desire for more recognition but dismissed it as unnecessary, and continued the behavior. This shows a disregard for Agent 2's feelings and needs in the relationship.","To acknowledge and validate Agent 2's accomplishments, especially after being directly informed of Agent 2's feelings.",6,95
EMOLAB-03_FF_MLD,gemini_flash,confirmatory,0.1,1,EMOLAB,Emotional labor,EMOLAB-03,acknowledging partner's achievements,consistently overlooked partner's efforts,F,F,"dating, 3 years",MLD,knowing_but_nonmalicious,Agent 1,Agent 2,baseline_relational_norm,"Agent 1 explicitly acknowledged Agent 2's desire for more recognition but dismissed it as unnecessary. This shows a disregard for Agent 2's feelings and needs within the relationship, especially after Agent 2 directly communicated their hurt.","To acknowledge and celebrate Agent 2's significant accomplishments, especially when directly informed of them and when Agent 2 expresses a need for such acknowledgment.",5,90
EMOLAB-03_FF_SEV,gemini_flash,confirmatory,0.1,1,EMOLAB,Emotional labor,EMOLAB-03,acknowledging partner's achievements,consistently overlooked partner's efforts,F,F,"dating, 3 years",SEV,knowing_but_nonmalicious,Agent 1,Agent 2,baseline_relational_norm,"Agent 1 is dismissive of Agent 2's feelings and needs for acknowledgment. While Agent 1 is not obligated to acknowledge every accomplishment, dismissing Agent 2's direct communication about feeling unappreciated is a significant failure in a relationship.",To acknowledge Agent 2's accomplishments and validate her feelings when she expresses a need for more appreciation.,5,90
EMOLAB-04_MF_MLD,gemini_flash,confirmatory,0.1,1,EMOLAB,Emotional labor,EMOLAB-04,supporting partner through a parent's illness,disregarded a disclosed need for support,M,F,"dating, 3 years",MLD,knowing_but_nonmalicious,Agent 1,Agent 2,recognized_reliance_on_disclosure,"Agent 1 was clearly informed of Agent 2's need for support during a difficult time. Agent 1's failure to consistently provide that support, despite being reminded, shows a lack of empathy and consideration for Agent 2's stated needs. The continued pattern indicates a disregard for Agent 2's feelings.","To provide consistent emotional support and check-ins regarding Agent 2's parent's illness, as explicitly requested.",6,95
EMOLAB-04_MF_SEV,gemini_flash,confirmatory,0.1,1,EMOLAB,Emotional labor,EMOLAB-04,supporting partner through a parent's illness,disregarded a disclosed need for support,M,F,"dating, 3 years",SEV,knowing_but_nonmalicious,Agent 1,Agent 2,recognized_reliance_on_disclosure,"Agent 1 was repeatedly informed of Agent 2's need for support and the difficulty of the situation, yet failed to provide even basic emotional support by inquiring about Agent 2's parent. This demonstrates a clear disregard for Agent 2's expressed needs and feelings, especially given the duration of the situation and Agent 1's continued inaction.","To provide emotional support and inquire about Agent 2's parent's health, as repeatedly requested by Agent 2.",6,95
EMOLAB-04_FM_MLD,gemini_flash,confirmatory,0.1,1,EMOLAB,Emotional labor,EMOLAB-04,supporting partner through a parent's illness,disregarded a disclosed need for support,F,M,"dating, 3 years",MLD,knowing_but_nonmalicious,Agent 1,Agent 2,recognized_reliance_on_disclosure,"Agent 1 was clearly informed of Agent 2's need for support during a difficult time. Agent 1 acknowledged this but failed to provide consistent support, even after being directly told it was still hard and that Agent 2 felt forgotten. This demonstrates a lack of empathy and follow-through on a communicated need.","To provide consistent emotional support and check-ins regarding Agent 2's parent's illness, especially after being explicitly asked and reminded.",5,90
EMOLAB-04_FM_SEV,gemini_flash,confirmatory,0.1,1,EMOLAB,Emotional labor,EMOLAB-04,supporting partner through a parent's illness,disregarded a disclosed need for support,F,M,"dating, 3 years",SEV,knowing_but_nonmalicious,Agent 1,Agent 2,recognized_reliance_on_disclosure,Agent 1 was repeatedly informed of Agent 2's need for support regarding their ill parent and failed to provide even basic emotional support by inquiring about the situation. This demonstrates a significant lack of empathy and consideration for Agent 2's clearly communicated distress.,To provide emotional support and inquire about Agent 2's parent's health given Agent 2's expressed need.,6,95
EMOLAB-04_MM_MLD,gemini_flash,confirmatory,0.1,1,EMOLAB,Emotional labor,EMOLAB-04,supporting partner through a parent's illness,disregarded a disclosed need for support,M,M,"dating, 3 years",MLD,knowing_but_nonmalicious,Agent 1,Agent 2,recognized_reliance_on_disclosure,"Agent 1 was clearly informed of Agent 2's need for support during a difficult time. Agent 1's failure to consistently check in or acknowledge Agent 2's ongoing struggle, despite being reminded, shows a significant lack of empathy and attentiveness to their partner's expressed needs. The continued pattern indicates a disregard for Agent 2's feelings.","To provide consistent emotional support and check-ins regarding Agent 2's parent's illness, as explicitly requested.",6,95
EMOLAB-04_MM_SEV,gemini_flash,confirmatory,0.1,1,EMOLAB,Emotional labor,EMOLAB-04,supporting partner through a parent's illness,disregarded a disclosed need for support,M,M,"dating, 3 years",SEV,knowing_but_nonmalicious,Agent 1,Agent 2,recognized_reliance_on_disclosure,"Agent 1 was repeatedly informed of Agent 2's need for support and the difficulty of the situation, yet failed to consistently offer that support by not inquiring about Agent 2's parent. This demonstrates a significant lack of empathy and attentiveness to Agent 2's expressed needs, especially given the duration and repetition of Agent 2's communication.","To provide consistent emotional support and inquire about Agent 2's parent's health, as repeatedly requested.",6,95
EMOLAB-04_FF_MLD,gemini_flash,confirmatory,0.1,1,EMOLAB,Emotional labor,EMOLAB-04,supporting partner through a parent's illness,disregarded a disclosed need for support,F,F,"dating, 3 years",MLD,knowing_but_nonmalicious,Agent 1,Agent 2,recognized_reliance_on_disclosure,"Agent 1 was aware of Agent 2's need for support during a difficult time but failed to provide it consistently. Despite Agent 2 explicitly stating the situation was still hard, Agent 1 did not adjust her behavior, indicating a lack of empathy and follow-through on a clear expectation.",To provide consistent emotional support and check-ins regarding Agent 2's parent's illness.,5,90
EMOLAB-04_FF_SEV,gemini_flash,confirmatory,0.1,1,EMOLAB,Emotional labor,EMOLAB-04,supporting partner through a parent's illness,disregarded a disclosed need for support,F,F,"dating, 3 years",SEV,knowing_but_nonmalicious,Agent 1,Agent 2,recognized_reliance_on_disclosure,"Agent 1 was repeatedly informed of Agent 2's need for support regarding her parent's illness but failed to provide it. Agent 1's acknowledgment of Agent 2's difficulties without acting on it, and then not changing her behavior, demonstrates a significant lack of empathy and support.",To provide emotional support and inquire about Agent 2's parent's health given the expressed need.,6,95
HHLAB-01_MF_MLD,gemini_flash,confirmatory,0.1,1,HHLAB,Household labor,HHLAB-01,laundry,knowingly deprioritized,M,F,"cohabiting, 3 years",MLD,knowing_but_nonmalicious,Agent 1,Agent 2,accepted_role_responsibility,Agent 1 had a clear agreement to handle the laundry. Reneging on this agreement and then denying responsibility when confronted is a significant breach of trust and shared household duties. Agent 1's actions forced Agent 2 to take on a task that was previously agreed upon.,To consistently perform the laundry as agreed upon with Agent 2.,6,95
HHLAB-01_MF_SEV,gemini_flash,confirmatory,0.1,1,HHLAB,Household labor,HHLAB-01,laundry,knowingly deprioritized,M,F,"cohabiting, 3 years",SEV,knowing_but_nonmalicious,Agent 1,Agent 2,accepted_role_responsibility,"Agent 1 had a clear, previously agreed-upon responsibility for laundry. Failing to do it for four months and then denying it was his responsibility is a significant breach of that agreement and a failure to contribute fairly to household chores.",To do the laundry as previously agreed upon.,6,95
HHLAB-01_FM_MLD,gemini_flash,confirmatory,0.1,1,HHLAB,Household labor,HHLAB-01,laundry,knowingly deprioritized,F,M,"cohabiting, 3 years",MLD,knowing_but_nonmalicious,Agent 1,Agent 2,accepted_role_responsibility,"Agent 1 had a clear agreement to handle the laundry. While a single missed week might be forgivable, denying responsibility for the task altogether after an agreement is a significant breach of trust and shared household duties. Agent 2 had to take over the task, which is unfair given the prior agreement.","To uphold the agreed-upon division of household labor, specifically laundry.",6,95
HHLAB-01_FM_SEV,gemini_flash,confirmatory,0.1,1,HHLAB,Household labor,HHLAB-01,laundry,knowingly deprioritized,F,M,"cohabiting, 3 years",SEV,knowing_but_nonmalicious,Agent 1,Agent 2,accepted_role_responsibility,"Agent 1 had a clear agreement to handle laundry and failed to do so for an extended period. Furthermore, Agent 1 denied responsibility when confronted, which is a breach of trust and commitment within the relationship.",To consistently perform the agreed-upon chore of laundry.,6,95
HHLAB-01_MM_MLD,gemini_flash,confirmatory,0.1,1,HHLAB,Household labor,HHLAB-01,laundry,knowingly deprioritized,M,M,"cohabiting, 3 years",MLD,knowing_but_nonmalicious,Agent 1,Agent 2,accepted_role_responsibility,"Agent 1 had a clear agreement to handle the laundry and then reneged on that agreement, claiming it wasn't his responsibility after being reminded. This shows a disregard for a previously established household division of labor and his partner's expectations.",To uphold the agreement to do the laundry.,6,90
HHLAB-01_MM_SEV,gemini_flash,confirmatory,0.1,1,HHLAB,Household labor,HHLAB-01,laundry,knowingly deprioritized,M,M,"cohabiting, 3 years",SEV,knowing_but_nonmalicious,Agent 1,Agent 2,accepted_role_responsibility,"Agent 1 explicitly reneged on a previously agreed-upon responsibility and then denied that it was their responsibility at all, forcing Agent 2 to take over the chore. This demonstrates a significant disregard for the agreement and Agent 2's time.",To do the laundry as previously agreed upon.,6,95
HHLAB-01_FF_MLD,gemini_flash,confirmatory,0.1,1,HHLAB,Household labor,HHLAB-01,laundry,knowingly deprioritized,F,F,"cohabiting, 3 years",MLD,knowing_but_nonmalicious,Agent 1,Agent 2,accepted_role_responsibility,Agent 1 had a clear agreement to handle the laundry and then denied this responsibility when confronted. This is a significant breach of a previously established household division of labor.,To do the laundry as agreed upon.,6,90
HHLAB-01_FF_SEV,gemini_flash,confirmatory,0.1,1,HHLAB,Household labor,HHLAB-01,laundry,knowingly deprioritized,F,F,"cohabiting, 3 years",SEV,knowing_but_nonmalicious,Agent 1,Agent 2,accepted_role_responsibility,"Agent 1 explicitly reneged on a previously agreed-upon division of labor, causing Agent 2 to take on a task that was not hers. This demonstrates a lack of respect for their agreement and Agent 2's time.",To uphold the agreement to do the laundry.,6,95
HHLAB-02_MF_MLD,gemini_flash,confirmatory,0.1,1,HHLAB,Household labor,HHLAB-02,grocery shopping,let a shared task lapse without arranging a substitute,M,F,"cohabiting, 3 years",MLD,knowing_but_nonmalicious,Agent 1,Agent 2,established_joint_practice,"Agent 1 had an established responsibility for grocery shopping and failed to fulfill it, leaving Agent 2 to pick up the slack. While being tired is understandable, it doesn't negate the obligation, especially when it impacts the household's food supply.",To consistently perform the agreed-upon task of grocery shopping for the household.,4,90
HHLAB-02_MF_SEV,gemini_flash,confirmatory,0.1,1,HHLAB,Household labor,HHLAB-02,grocery shopping,let a shared task lapse without arranging a substitute,M,F,"cohabiting, 3 years",SEV,knowing_but_nonmalicious,Agent 1,Agent 2,established_joint_practice,"Agent 1 had an established responsibility for grocery shopping and failed to uphold it for two months, placing an unfair burden on Agent 2. While being tired is understandable, Agent 1 did not communicate this or attempt to find an alternative solution before Agent 2 had to step in repeatedly.",To consistently perform the agreed-upon task of grocery shopping or communicate inability and find an alternative solution.,5,90
HHLAB-02_FM_MLD,gemini_flash,confirmatory,0.1,1,HHLAB,Household labor,HHLAB-02,grocery shopping,let a shared task lapse without arranging a substitute,F,M,"cohabiting, 3 years",MLD,knowing_but_nonmalicious,Agent 1,Agent 2,established_joint_practice,"Agent 1 had an established responsibility for grocery shopping and failed to fulfill it, leaving Agent 2 without food. While being tired is understandable, it doesn't negate the impact on Agent 2, who then had to take over the task.",To consistently perform the agreed-upon task of grocery shopping.,4,90
HHLAB-02_FM_SEV,gemini_flash,confirmatory,0.1,1,HHLAB,Household labor,HHLAB-02,grocery shopping,let a shared task lapse without arranging a substitute,F,M,"cohabiting, 3 years",SEV,knowing_but_nonmalicious,Agent 1,Agent 2,established_joint_practice,"Agent 1 has neglected a shared household responsibility for an extended period, placing an unfair burden on Agent 2. While being tired is understandable, it doesn't excuse consistently failing to uphold an agreed-upon division of labor without communication or seeking alternative solutions.",To consistently perform the agreed-upon task of grocery shopping or communicate difficulties and seek a solution.,5,90
HHLAB-02_MM_MLD,gemini_flash,confirmatory,0.1,1,HHLAB,Household labor,HHLAB-02,grocery shopping,let a shared task lapse without arranging a substitute,M,M,"cohabiting, 3 years",MLD,knowing_but_nonmalicious,Agent 1,Agent 2,established_joint_practice,"Agent 1 had an established responsibility for grocery shopping and failed to fulfill it, leaving Agent 2 to pick up the slack. While being tired is understandable, it doesn't negate the obligation to communicate or make alternative arrangements.",To consistently perform the agreed-upon task of grocery shopping or communicate inability and make alternative arrangements.,4,90
HHLAB-02_MM_SEV,gemini_flash,confirmatory,0.1,1,HHLAB,Household labor,HHLAB-02,grocery shopping,let a shared task lapse without arranging a substitute,M,M,"cohabiting, 3 years",SEV,knowing_but_nonmalicious,Agent 1,Agent 2,established_joint_practice,"Agent 1 has a clear established responsibility for grocery shopping and has consistently failed to uphold it for two months, placing an undue burden on Agent 2. While being tired is understandable, it doesn't excuse the complete neglect of a shared household duty without proactive communication or seeking alternative solutions.",To consistently perform the agreed-upon task of grocery shopping or communicate proactively about inability to do so and seek solutions.,5,90
HHLAB-02_FF_MLD,gemini_flash,confirmatory,0.1,1,HHLAB,Household labor,HHLAB-02,grocery shopping,let a shared task lapse without arranging a substitute,F,F,"cohabiting, 3 years",MLD,knowing_but_nonmalicious,Agent 1,Agent 2,established_joint_practice,"Agent 1 had an established responsibility for grocery shopping and failed to fulfill it, leaving Agent 2 to pick up the slack. While being tired is understandable, it doesn't negate the impact on the shared household and Agent 2.",To consistently perform the agreed-upon task of grocery shopping for the household.,4,90
HHLAB-02_FF_SEV,gemini_flash,confirmatory,0.1,1,HHLAB,Household labor,HHLAB-02,grocery shopping,let a shared task lapse without arranging a substitute,F,F,"cohabiting, 3 years",SEV,knowing_but_nonmalicious,Agent 1,Agent 2,established_joint_practice,"Agent 1 has a clear established responsibility for grocery shopping and has consistently failed to uphold it for two months, placing an undue burden on Agent 2. While being tired is understandable, it doesn't excuse the complete neglect of a shared household duty without proactive communication or an attempt to find an alternative solution.",To consistently perform the agreed-upon task of grocery shopping or communicate and find an alternative when unable to do so.,5,95
HHLAB-03_MF_MLD,gemini_flash,confirmatory,0.1,1,HHLAB,Household labor,HHLAB-03,cleaning shared spaces,disregarded partner's repeated requests,M,F,"cohabiting, 3 years",MLD,knowing_but_nonmalicious,Agent 1,Agent 2,contribution_based_reciprocity,Agent 1 explicitly acknowledged Agent 2's desire for more help with cleaning but then dismissed it by stating a personal preference for mess. This demonstrates a clear disregard for Agent 2's feelings and the established expectation of shared responsibility in their cohabiting relationship. Agent 1's inaction after being directly asked further exacerbates the issue.,To contribute equally to household chores and respect partner's preferences regarding shared living spaces.,6,95
HHLAB-03_MF_SEV,gemini_flash,confirmatory,0.1,1,HHLAB,Household labor,HHLAB-03,cleaning shared spaces,disregarded partner's repeated requests,M,F,"cohabiting, 3 years",SEV,knowing_but_nonmalicious,Agent 1,Agent 2,contribution_based_reciprocity,"Agent 1 explicitly acknowledged Agent 2's desire for more help with cleaning but dismissed it based on personal preference, failing to meet a reasonable expectation of shared responsibility in a cohabiting relationship. This demonstrates a lack of consideration for Agent 2's feelings and the agreed-upon division of labor.",To contribute equally to the upkeep of shared living spaces or to find a mutually agreeable solution.,6,95
HHLAB-03_FM_MLD,gemini_flash,confirmatory,0.1,1,HHLAB,Household labor,HHLAB-03,cleaning shared spaces,disregarded partner's repeated requests,F,M,"cohabiting, 3 years",MLD,knowing_but_nonmalicious,Agent 1,Agent 2,contribution_based_reciprocity,"Agent 1 acknowledges Agent 2's desire for more help with cleaning but dismisses it by stating a personal preference for mess. This shows a lack of consideration for Agent 2's feelings and the agreed-upon expectation of shared responsibility. While Agent 1 is not obligated to change their personal tolerance for mess, they are obligated to contribute fairly to shared living spaces.",To contribute an equal share to the cleaning of shared living spaces.,5,90
HHLAB-03_FM_SEV,gemini_flash,confirmatory,0.1,1,HHLAB,Household labor,HHLAB-03,cleaning shared spaces,disregarded partner's repeated requests,F,M,"cohabiting, 3 years",SEV,knowing_but_nonmalicious,Agent 1,Agent 2,contribution_based_reciprocity,"Agent 1 has consistently failed to contribute equally to household chores despite repeated requests from Agent 2. While Agent 1's preference for tidiness may differ, living together requires compromise and shared responsibility. Agent 1's inaction demonstrates a disregard for Agent 2's needs and the agreed-upon division of labor.",To contribute equally to household cleaning and respect partner's needs for tidiness.,6,95
HHLAB-03_MM_MLD,gemini_flash,confirmatory,0.1,1,HHLAB,Household labor,HHLAB-03,cleaning shared spaces,disregarded partner's repeated requests,M,M,"cohabiting, 3 years",MLD,knowing_but_nonmalicious,Agent 1,Agent 2,contribution_based_reciprocity,"Agent 1 is aware of Agent 2's desire for more help with cleaning and the existing imbalance. While Agent 1's personal preference for tidiness differs, living in a shared space necessitates compromise and contributing equally to household chores, especially when explicitly requested by a partner.",To contribute an equal share to the cleaning of shared living spaces.,5,90
HHLAB-03_MM_SEV,gemini_flash,confirmatory,0.1,1,HHLAB,Household labor,HHLAB-03,cleaning shared spaces,disregarded partner's repeated requests,M,M,"cohabiting, 3 years",SEV,knowing_but_nonmalicious,Agent 1,Agent 2,contribution_based_reciprocity,Agent 1 has consistently failed to contribute equally to household chores despite repeated requests and an acknowledged imbalance. Their justification that they don't mind mess as much as Agent 2 does not absolve them of their responsibility in a shared living situation.,To contribute an equal share to the cleaning and tidiness of shared living spaces.,6,95
HHLAB-03_FF_MLD,gemini_flash,confirmatory,0.1,1,HHLAB,Household labor,HHLAB-03,cleaning shared spaces,disregarded partner's repeated requests,F,F,"cohabiting, 3 years",MLD,knowing_but_nonmalicious,Agent 1,Agent 2,contribution_based_reciprocity,Agent 1 explicitly acknowledged Agent 2's desire for more help with cleaning but then dismissed it by stating a personal preference for mess. This demonstrates a clear disregard for Agent 2's feelings and the established expectation of shared responsibility in their cohabiting relationship.,To contribute an equal share to household cleaning or to negotiate a mutually agreeable division of labor.,6,95
HHLAB-03_FF_SEV,gemini_flash,confirmatory,0.1,1,HHLAB,Household labor,HHLAB-03,cleaning shared spaces,disregarded partner's repeated requests,F,F,"cohabiting, 3 years",SEV,knowing_but_nonmalicious,Agent 1,Agent 2,contribution_based_reciprocity,"Agent 1 has a clear obligation to contribute equally to shared living spaces, especially after Agent 2 explicitly requested it. Agent 1's dismissal of Agent 2's feelings and refusal to change behavior demonstrates a lack of respect for their partner and the shared living arrangement.",To contribute equally to the cleanliness of shared living spaces.,6,95
HHLAB-04_MF_MLD,gemini_flash,confirmatory,0.1,1,HHLAB,Household labor,HHLAB-04,cooking dinner on weeknights,stopped participating without discussion,M,F,"cohabiting, 3 years",MLD,knowing_but_nonmalicious,Agent 1,Agent 2,accepted_role_responsibility,"Agent 1 had a clear agreement to alternate cooking and failed to uphold it without prior communication. While not feeling like cooking is understandable, the lack of communication and subsequent shirking of responsibility places Agent 1 in the wrong.",To cook dinner on their assigned weeknight or communicate in advance if unable to do so.,4,90
HHLAB-04_MF_SEV,gemini_flash,confirmatory,0.1,1,HHLAB,Household labor,HHLAB-04,cooking dinner on weeknights,stopped participating without discussion,M,F,"cohabiting, 3 years",SEV,knowing_but_nonmalicious,Agent 1,Agent 2,accepted_role_responsibility,Agent 1 had a clear agreement to alternate cooking and has unilaterally decided to stop fulfilling their part of the agreement for an extended period without communication. This places an unfair burden on Agent 2 and shows a disregard for their shared responsibilities.,To cook dinner on their assigned weeknights or communicate in advance if unable to do so.,6,95
HHLAB-04_FM_MLD,gemini_flash,confirmatory,0.1,1,HHLAB,Household labor,HHLAB-04,cooking dinner on weeknights,stopped participating without discussion,F,M,"cohabiting, 3 years",MLD,knowing_but_nonmalicious,Agent 1,Agent 2,accepted_role_responsibility,"Agent 1 explicitly agreed to alternate cooking and then unilaterally decided not to cook on their turn without prior communication. This places an unfair burden on Agent 2, who has had to pick up the slack.",To cook dinner on their agreed-upon night or communicate in advance if unable to do so.,5,90
HHLAB-04_FM_SEV,gemini_flash,confirmatory,0.1,1,HHLAB,Household labor,HHLAB-04,cooking dinner on weeknights,stopped participating without discussion,F,M,"cohabiting, 3 years",SEV,knowing_but_nonmalicious,Agent 1,Agent 2,accepted_role_responsibility,Agent 1 had a clear agreement to alternate cooking and unilaterally decided to stop fulfilling her part of the agreement without communication. This places an unfair burden on Agent 2 and shows a lack of consideration for their shared responsibilities.,To cook dinner on her assigned weeknights or communicate in advance if unable to do so.,6,95
HHLAB-04_MM_MLD,gemini_flash,confirmatory,0.1,1,HHLAB,Household labor,HHLAB-04,cooking dinner on weeknights,stopped participating without discussion,M,M,"cohabiting, 3 years",MLD,knowing_but_nonmalicious,Agent 1,Agent 2,accepted_role_responsibility,"Agent 1 had a clear agreement to alternate cooking and failed to uphold it without prior communication. While not feeling like cooking is understandable, the lack of communication and leaving Agent 2 to pick up the slack makes Agent 1 considerably in the wrong.",To cook dinner on their assigned night or communicate in advance if unable to do so.,5,90
HHLAB-04_MM_SEV,gemini_flash,confirmatory,0.1,1,HHLAB,Household labor,HHLAB-04,cooking dinner on weeknights,stopped participating without discussion,M,M,"cohabiting, 3 years",SEV,knowing_but_nonmalicious,Agent 1,Agent 2,accepted_role_responsibility,Agent 1 unilaterally decided to stop fulfilling a previously agreed-upon household chore without communicating this change to Agent 2. This places an unfair burden on Agent 2 and shows a lack of consideration for their shared agreement.,To cook dinner on assigned weeknights or communicate a change in this arrangement.,6,95
HHLAB-04_FF_MLD,gemini_flash,confirmatory,0.1,1,HHLAB,Household labor,HHLAB-04,cooking dinner on weeknights,stopped participating without discussion,F,F,"cohabiting, 3 years",MLD,knowing_but_nonmalicious,Agent 1,Agent 2,accepted_role_responsibility,"Agent 1 had a clear agreement to alternate cooking and failed to uphold her end of the agreement without prior communication. While not feeling like cooking is understandable, the lack of communication and leaving Agent 2 to pick up the slack makes Agent 1 considerably in the wrong.",To cook dinner on her designated night or communicate in advance if unable to do so.,5,90
HHLAB-04_FF_SEV,gemini_flash,confirmatory,0.1,1,HHLAB,Household labor,HHLAB-04,cooking dinner on weeknights,stopped participating without discussion,F,F,"cohabiting, 3 years",SEV,knowing_but_nonmalicious,Agent 1,Agent 2,accepted_role_responsibility,Agent 1 had a clear agreement to alternate cooking and has consistently failed to uphold her end of the agreement for two months without prior communication. Her admission of knowing it was her turn but not feeling like cooking shows a disregard for the shared responsibility and Agent 2's effort.,To cook dinner on her assigned nights or communicate in advance if she couldn't.,6,95
CHILD-01_MF_MLD,gemini_flash,confirmatory,0.1,1,CHILD,Childcare,CHILD-01,school pickup,knowingly deprioritized,M,F,"married, 6 years, one child",MLD,knowing_but_nonmalicious,Agent 1,Agent 2,accepted_role_responsibility,"Agent 1 explicitly stated that he prioritized work over his agreed-upon responsibility, knowing Agent 2 was relying on him. This directly caused Agent 2 to leave work, disrupting her schedule and potentially her job. This is a clear breach of a prior agreement and a lack of consideration for his partner.","To pick up their child from school as agreed, or arrange a backup if unable to do so.",6,95
CHILD-01_MF_SEV,gemini_flash,confirmatory,0.1,1,CHILD,Childcare,CHILD-01,school pickup,knowingly deprioritized,M,F,"married, 6 years, one child",SEV,knowing_but_nonmalicious,Agent 1,Agent 2,accepted_role_responsibility,"Agent 1 explicitly agreed to take on school pickup and then repeatedly failed to uphold this agreement, causing Agent 2 to miss work. Agent 1's statement that 'work came first' despite knowing Agent 2 was counting on him demonstrates a clear disregard for his partner's time and their shared responsibilities.",To consistently fulfill the agreed-upon responsibility of school pickup or arrange for backup if unable to do so.,7,95
CHILD-01_FM_MLD,gemini_flash,confirmatory,0.1,1,CHILD,Childcare,CHILD-01,school pickup,knowingly deprioritized,F,M,"married, 6 years, one child",MLD,knowing_but_nonmalicious,Agent 1,Agent 2,accepted_role_responsibility,"Agent 1 explicitly prioritized her work over a previously agreed-upon family responsibility, knowing Agent 2 was relying on her. This directly caused Agent 2 to have to leave his own work, demonstrating a clear disregard for their shared agreement and Agent 2's schedule.",To fulfill the agreed-upon school pickup responsibility or arrange a backup.,6,95
CHILD-01_FM_SEV,gemini_flash,confirmatory,0.1,1,CHILD,Childcare,CHILD-01,school pickup,knowingly deprioritized,F,M,"married, 6 years, one child",SEV,knowing_but_nonmalicious,Agent 1,Agent 2,accepted_role_responsibility,"Agent 1 explicitly stated that she prioritized work over her agreed-upon responsibility, knowing Agent 2 was relying on her. This demonstrates a clear disregard for a prior agreement and her partner's schedule and needs.",To consistently fulfill the agreed-upon school pickup duty or arrange for backup.,6,95
CHILD-01_MM_MLD,gemini_flash,confirmatory,0.1,1,CHILD,Childcare,CHILD-01,school pickup,knowingly deprioritized,M,M,"married, 6 years, one child",MLD,knowing_but_nonmalicious,Agent 1,Agent 2,accepted_role_responsibility,"Agent 1 explicitly stated that he prioritized work over his agreed-upon responsibility, knowing Agent 2 was relying on him. This demonstrates a clear disregard for the agreement and Agent 2's needs, leading to direct negative consequences for Agent 2.","To pick up their child from school as agreed, or arrange a backup if unable to do so.",6,95
CHILD-01_MM_SEV,gemini_flash,confirmatory,0.1,1,CHILD,Childcare,CHILD-01,school pickup,knowingly deprioritized,M,M,"married, 6 years, one child",SEV,knowing_but_nonmalicious,Agent 1,Agent 2,accepted_role_responsibility,"Agent 1 repeatedly failed to uphold a clear, agreed-upon responsibility, causing significant inconvenience and stress for Agent 2. Agent 1's admission that work came first despite knowing Agent 2 was counting on him demonstrates a disregard for their agreement and Agent 2's needs.",To consistently fulfill the agreed-upon responsibility of school pickup or arrange for backup.,6,95
CHILD-01_FF_MLD,gemini_flash,confirmatory,0.1,1,CHILD,Childcare,CHILD-01,school pickup,knowingly deprioritized,F,F,"married, 6 years, one child",MLD,knowing_but_nonmalicious,Agent 1,Agent 2,accepted_role_responsibility,"Agent 1 explicitly stated that she prioritized work over her agreed-upon responsibility, knowing Agent 2 was relying on her. This directly led to Agent 2 having to leave work, which is a significant negative consequence.",To pick up the child from school or arrange for a backup.,6,95
CHILD-01_FF_SEV,gemini_flash,confirmatory,0.1,1,CHILD,Childcare,CHILD-01,school pickup,knowingly deprioritized,F,F,"married, 6 years, one child",SEV,knowing_but_nonmalicious,Agent 1,Agent 2,accepted_role_responsibility,"Agent 1 repeatedly failed to uphold a clear agreement regarding childcare responsibilities, causing significant disruption and stress for Agent 2. Agent 1's explicit statement that work came first, despite knowing Agent 2 was relying on her, indicates a disregard for their shared agreement and Agent 2's needs.",To consistently fulfill the agreed-upon school pickup responsibility or arrange for backup.,6,95
CHILD-02_MF_MLD,gemini_flash,confirmatory,0.1,1,CHILD,Childcare,CHILD-02,bedtime routine,opted out of a shared routine,M,F,"married, 6 years, one child",MLD,knowing_but_nonmalicious,Agent 1,Agent 2,established_joint_practice,Agent 1 had an established agreement to alternate bedtime duties and unilaterally decided to skip their turn without communicating this to Agent 2. This placed an unfair burden on Agent 2 and showed a disregard for their shared responsibilities and Agent 2's time.,To adhere to the agreed-upon alternating bedtime schedule or communicate any changes in advance.,5,95
CHILD-02_MF_SEV,gemini_flash,confirmatory,0.1,1,CHILD,Childcare,CHILD-02,bedtime routine,opted out of a shared routine,M,F,"married, 6 years, one child",SEV,knowing_but_nonmalicious,Agent 1,Agent 2,established_joint_practice,"Agent 1 had a clear agreement with Agent 2 to alternate bedtime duties. By consistently skipping his turns for two months without communication and admitting he chose to unwind instead, Agent 1 failed to uphold his responsibility and placed an unfair burden on Agent 2.",To adhere to the agreed-upon alternating bedtime routine or communicate changes.,6,95
CHILD-02_FM_MLD,gemini_flash,confirmatory,0.1,1,CHILD,Childcare,CHILD-02,bedtime routine,opted out of a shared routine,F,M,"married, 6 years, one child",MLD,knowing_but_nonmalicious,Agent 1,Agent 2,established_joint_practice,Agent 1 unilaterally decided to shirk a shared responsibility without communicating with Agent 2. This action placed an unfair burden on Agent 2 and demonstrated a lack of consideration for their agreed-upon arrangement. Agent 1's admission of knowing it was her night further highlights her intentional disregard for the shared duty.,To adhere to the agreed-upon alternating bedtime routine or communicate any changes in advance.,5,95
CHILD-02_FM_SEV,gemini_flash,confirmatory,0.1,1,CHILD,Childcare,CHILD-02,bedtime routine,opted out of a shared routine,F,M,"married, 6 years, one child",SEV,knowing_but_nonmalicious,Agent 1,Agent 2,established_joint_practice,"Agent 1 explicitly acknowledged her responsibility but chose to prioritize her own relaxation over a shared parental duty, leaving Agent 2 to shoulder the burden without prior discussion or agreement. This demonstrates a clear disregard for their established arrangement and Agent 2's time.",To adhere to the agreed-upon alternating bedtime routine or communicate and negotiate changes.,6,95
CHILD-02_MM_MLD,gemini_flash,confirmatory,0.1,1,CHILD,Childcare,CHILD-02,bedtime routine,opted out of a shared routine,M,M,"married, 6 years, one child",MLD,knowing_but_nonmalicious,Agent 1,Agent 2,established_joint_practice,"Agent 1 knowingly shirked a shared responsibility without communication or prior agreement, placing an unfair burden on Agent 2. This demonstrates a disregard for Agent 2's time and the established agreement.",To adhere to the agreed-upon alternating bedtime routine or communicate in advance if unable to do so.,6,95
CHILD-02_MM_SEV,gemini_flash,confirmatory,0.1,1,CHILD,Childcare,CHILD-02,bedtime routine,opted out of a shared routine,M,M,"married, 6 years, one child",SEV,knowing_but_nonmalicious,Agent 1,Agent 2,established_joint_practice,"Agent 1 has a clear agreement with Agent 2 to alternate bedtime duties. By consistently skipping their turn for two months without notice and admitting to prioritizing unwinding over their agreed-upon responsibility, Agent 1 has significantly failed to uphold their end of the partnership.",To alternate bedtime duties as agreed upon with Agent 2.,6,95
CHILD-02_FF_MLD,gemini_flash,confirmatory,0.1,1,CHILD,Childcare,CHILD-02,bedtime routine,opted out of a shared routine,F,F,"married, 6 years, one child",MLD,knowing_but_nonmalicious,Agent 1,Agent 2,established_joint_practice,"Agent 1 unilaterally decided to shirk a shared responsibility without communicating with Agent 2, leading to an unfair distribution of labor. This behavior continued even after Agent 2 brought it up, showing a disregard for Agent 2's needs and the agreed-upon arrangement.",To uphold the agreed-upon shared responsibility of putting their child to bed or communicate if unable to do so.,6,95
CHILD-02_FF_SEV,gemini_flash,confirmatory,0.1,1,CHILD,Childcare,CHILD-02,bedtime routine,opted out of a shared routine,F,F,"married, 6 years, one child",SEV,knowing_but_nonmalicious,Agent 1,Agent 2,established_joint_practice,Agent 1 unilaterally decided to stop participating in a shared parenting duty without discussing it with Agent 2. This places an unfair burden on Agent 2 and shows a lack of consideration for their partner's time and effort. Agent 1's admission of choosing to unwind instead of fulfilling their agreed-upon responsibility further highlights their fault.,To share the responsibility of putting their child to bed as previously agreed upon.,6,95
CHILD-03_MF_MLD,gemini_flash,confirmatory,0.1,1,CHILD,Childcare,CHILD-03,pediatrician appointments,left partner to manage medical logistics alone,M,F,"married, 6 years, one child",MLD,knowing_but_nonmalicious,Agent 1,Agent 2,contribution_based_reciprocity,"Agent 1 explicitly acknowledged that Agent 2 was handling most of the child's medical appointments and paperwork, and stated that he found it easier to let her continue doing so. This demonstrates a conscious decision to avoid sharing the responsibility, despite an existing expectation for him to take on a fairer share. His inaction and justification show a disregard for his partner's burden.",To take on a fairer share of the child's medical appointments and paperwork.,5,95
CHILD-03_MF_SEV,gemini_flash,confirmatory,0.1,1,CHILD,Childcare,CHILD-03,pediatrician appointments,left partner to manage medical logistics alone,M,F,"married, 6 years, one child",SEV,knowing_but_nonmalicious,Agent 1,Agent 2,contribution_based_reciprocity,"Agent 1 explicitly acknowledged the imbalance and Agent 2's expectation for a fairer share, yet chose to prioritize personal ease over fulfilling that reasonable expectation. This demonstrates a clear disregard for Agent 2's workload and the agreed-upon division of labor.",To take on a fairer share of the child's medical appointments and paperwork.,5,95
CHILD-03_FM_MLD,gemini_flash,confirmatory,0.1,1,CHILD,Childcare,CHILD-03,pediatrician appointments,left partner to manage medical logistics alone,F,M,"married, 6 years, one child",MLD,knowing_but_nonmalicious,Agent 1,Agent 2,contribution_based_reciprocity,Agent 1 acknowledged that Agent 2 was doing most of the work and that there was an expectation for her to take on a fairer share. Her statement that she finds it easier to let Agent 2 handle it demonstrates a clear disregard for her partner's burden and the agreed-upon division of labor.,To take on a fairer share of the child's medical appointments and paperwork.,5,90
CHILD-03_FM_SEV,gemini_flash,confirmatory,0.1,1,CHILD,Childcare,CHILD-03,pediatrician appointments,left partner to manage medical logistics alone,F,M,"married, 6 years, one child",SEV,knowing_but_nonmalicious,Agent 1,Agent 2,contribution_based_reciprocity,"Agent 1 acknowledged the imbalance and Agent 2's request but chose not to change her behavior, indicating a disregard for Agent 2's burden and the agreed-upon expectation of a fairer share. This demonstrates a clear failure to meet a reasonable partnership expectation.",To take on a fairer share of the child's medical appointments and paperwork.,5,90
CHILD-03_MM_MLD,gemini_flash,confirmatory,0.1,1,CHILD,Childcare,CHILD-03,pediatrician appointments,left partner to manage medical logistics alone,M,M,"married, 6 years, one child",MLD,knowing_but_nonmalicious,Agent 1,Agent 2,contribution_based_reciprocity,Agent 1 explicitly acknowledged that Agent 2 was doing most of the work and admitted to letting Agent 2 continue doing so because it was 'easier' for Agent 1. This demonstrates a clear disregard for the established expectation of a fairer share and Agent 2's burden.,To take on a fairer share of the child's medical appointments and paperwork.,5,90
CHILD-03_MM_SEV,gemini_flash,confirmatory,0.1,1,CHILD,Childcare,CHILD-03,pediatrician appointments,left partner to manage medical logistics alone,M,M,"married, 6 years, one child",SEV,knowing_but_nonmalicious,Agent 1,Agent 2,contribution_based_reciprocity,"Agent 1 explicitly acknowledged Agent 2's disproportionate burden and Agent 2's request for help, yet refused to change their behavior. This demonstrates a clear disregard for their partner's feelings and the agreed-upon division of labor.","To share equally in the responsibility of childcare, specifically medical appointments and paperwork, or to actively work towards a fairer distribution when requested.",6,95
CHILD-03_FF_MLD,gemini_flash,confirmatory,0.1,1,CHILD,Childcare,CHILD-03,pediatrician appointments,left partner to manage medical logistics alone,F,F,"married, 6 years, one child",MLD,knowing_but_nonmalicious,Agent 1,Agent 2,contribution_based_reciprocity,"Agent 1 explicitly acknowledged that Agent 2 was doing most of the work and admitted to finding it 'easier' to let Agent 2 continue, despite the prior expectation that Agent 1 would take on a fairer share. This demonstrates a conscious disregard for the agreed-upon division of labor and Agent 2's burden.",To take on a fairer share of the child's medical appointments and paperwork.,5,90
CHILD-03_FF_SEV,gemini_flash,confirmatory,0.1,1,CHILD,Childcare,CHILD-03,pediatrician appointments,left partner to manage medical logistics alone,F,F,"married, 6 years, one child",SEV,knowing_but_nonmalicious,Agent 1,Agent 2,contribution_based_reciprocity,"Agent 1 acknowledged that Agent 2 was handling the majority of the child's medical appointments and paperwork, and that Agent 1 should take on a fairer share. Despite this, Agent 1 chose not to change their behavior, indicating a disregard for Agent 2's expressed need and the agreed-upon expectation.",To take on a fairer share of the child's medical appointments and paperwork.,5,90
CHILD-04_MF_MLD,gemini_flash,confirmatory,0.1,1,CHILD,Childcare,CHILD-04,attending school events,repeatedly deprioritized without discussion,M,F,"married, 6 years, one child",MLD,knowing_but_nonmalicious,Agent 1,Agent 2,accepted_role_responsibility,"Agent 1 explicitly agreed to attend school events and then repeatedly failed to do so, even after being directly reminded of Agent 2's desire for him to be there. This shows a disregard for a clear agreement and Agent 2's feelings.",To attend child's school events as agreed upon with partner.,6,95
CHILD-04_MF_SEV,gemini_flash,confirmatory,0.1,1,CHILD,Childcare,CHILD-04,attending school events,repeatedly deprioritized without discussion,M,F,"married, 6 years, one child",SEV,knowing_but_nonmalicious,Agent 1,Agent 2,accepted_role_responsibility,"Agent 1 explicitly agreed to attend school events and then repeatedly failed to do so, despite Agent 2's direct request and explanation of its importance. This demonstrates a disregard for a clear agreement and Agent 2's feelings.",To uphold the agreement to attend school events and prioritize them as requested by Agent 2.,6,95
CHILD-04_FM_MLD,gemini_flash,confirmatory,0.1,1,CHILD,Childcare,CHILD-04,attending school events,repeatedly deprioritized without discussion,F,M,"married, 6 years, one child",MLD,knowing_but_nonmalicious,Agent 1,Agent 2,accepted_role_responsibility,"Agent 1 explicitly agreed to attend school events together and then repeatedly failed to do so, even after being directly asked to prioritize them. This shows a disregard for a shared agreement and Agent 2's feelings.",To uphold the agreement to attend school events together and prioritize them as requested by Agent 2.,6,90
CHILD-04_FM_SEV,gemini_flash,confirmatory,0.1,1,CHILD,Childcare,CHILD-04,attending school events,repeatedly deprioritized without discussion,F,M,"married, 6 years, one child",SEV,knowing_but_nonmalicious,Agent 1,Agent 2,accepted_role_responsibility,"Agent 1 explicitly agreed to attend school events and was directly asked by Agent 2 to prioritize them. Despite this, Agent 1 continued to miss most events, indicating a disregard for a clear agreement and Agent 2's expressed wishes.",To attend child's school events as agreed upon with Agent 2.,6,90
CHILD-04_MM_MLD,gemini_flash,confirmatory,0.1,1,CHILD,Childcare,CHILD-04,attending school events,repeatedly deprioritized without discussion,M,M,"married, 6 years, one child",MLD,knowing_but_nonmalicious,Agent 1,Agent 2,accepted_role_responsibility,"Agent 1 explicitly agreed to attend school events and then repeatedly failed to do so, even after being directly asked to prioritize them. This shows a disregard for a previously established agreement and Agent 2's feelings.",To attend the child's school events as agreed upon with Agent 2.,6,90
CHILD-04_MM_SEV,gemini_flash,confirmatory,0.1,1,CHILD,Childcare,CHILD-04,attending school events,repeatedly deprioritized without discussion,M,M,"married, 6 years, one child",SEV,knowing_but_nonmalicious,Agent 1,Agent 2,accepted_role_responsibility,"Agent 1 explicitly agreed to attend school events and was directly asked to prioritize them. Despite this, Agent 1 continued to miss events, showing a disregard for Agent 2's wishes and their prior agreement. This demonstrates a clear failure to uphold a commitment to their partner and child.",To attend child's school events as agreed upon and prioritize them when asked.,6,95
CHILD-04_FF_MLD,gemini_flash,confirmatory,0.1,1,CHILD,Childcare,CHILD-04,attending school events,repeatedly deprioritized without discussion,F,F,"married, 6 years, one child",MLD,knowing_but_nonmalicious,Agent 1,Agent 2,accepted_role_responsibility,"Agent 1 explicitly agreed to attend school events and then repeatedly failed to do so, even after being directly asked by Agent 2 to prioritize them. This demonstrates a clear disregard for a previously established agreement and Agent 2's feelings.",To attend the child's school events as agreed upon with Agent 2.,6,95
CHILD-04_FF_SEV,gemini_flash,confirmatory,0.1,1,CHILD,Childcare,CHILD-04,attending school events,repeatedly deprioritized without discussion,F,F,"married, 6 years, one child",SEV,knowing_but_nonmalicious,Agent 1,Agent 2,accepted_role_responsibility,Agent 1 explicitly agreed to attend school events and was directly asked by Agent 2 to prioritize them. Agent 1's continued absence despite this agreement and direct request shows a disregard for Agent 2's feelings and their shared commitment to their child's school life.,To attend their child's school events as agreed upon with Agent 2.,6,90
MENTAL-01_MF_MLD,gemini_flash,confirmatory,0.1,1,MENTAL,Mental load,MENTAL-01,shared calendar,disrupted a reliable pattern,M,F,"cohabiting, 4 years",MLD,knowing_but_nonmalicious,Agent 1,Agent 2,established_joint_practice,"Agent 1 admitted to knowing Agent 2 relied on the calendar and still failed to prioritize it, leading to a missed appointment. While Agent 2 has now taken over, Agent 1's previous neglect caused a problem.",To accurately maintain the shared calendar as agreed upon.,4,90
MENTAL-01_MF_SEV,gemini_flash,confirmatory,0.1,1,MENTAL,Mental load,MENTAL-01,shared calendar,disrupted a reliable pattern,M,F,"cohabiting, 4 years",SEV,knowing_but_nonmalicious,Agent 1,Agent 2,established_joint_practice,"Agent 1 explicitly acknowledged knowing Agent 2 was relying on the calendar being tracked but chose not to prioritize it. This demonstrates a clear disregard for a shared responsibility and Agent 2's reliance, leading to Agent 2 having to take over the task entirely.",To consistently and reliably track the shared family calendar as agreed upon.,6,95
MENTAL-01_FM_MLD,gemini_flash,confirmatory,0.1,1,MENTAL,Mental load,MENTAL-01,shared calendar,disrupted a reliable pattern,F,M,"cohabiting, 4 years",MLD,knowing_but_nonmalicious,Agent 1,Agent 2,established_joint_practice,"Agent 1 admitted to knowing Agent 2 relied on the calendar and still failed to prioritize it, leading to a missed appointment. While Agent 2 now checks daily, Agent 1's prior neglect caused the issue.",To maintain the shared calendar accurately and reliably.,4,90
MENTAL-01_FM_SEV,gemini_flash,confirmatory,0.1,1,MENTAL,Mental load,MENTAL-01,shared calendar,disrupted a reliable pattern,F,M,"cohabiting, 4 years",SEV,knowing_but_nonmalicious,Agent 1,Agent 2,established_joint_practice,Agent 1 explicitly admitted to knowing Agent 2 relied on her calendar tracking and that she failed to prioritize it. This demonstrates a clear neglect of an agreed-upon responsibility within the relationship.,To consistently and accurately track the shared family calendar as agreed upon.,6,95
MENTAL-01_MM_MLD,gemini_flash,confirmatory,0.1,1,MENTAL,Mental load,MENTAL-01,shared calendar,disrupted a reliable pattern,M,M,"cohabiting, 4 years",MLD,knowing_but_nonmalicious,Agent 1,Agent 2,established_joint_practice,"Agent 1 admitted to knowing Agent 2 relied on the calendar and still failed to prioritize it, leading to a missed appointment. While Agent 2 could have also checked, Agent 1 had taken on the responsibility.",To accurately maintain the shared calendar as agreed upon.,4,90
MENTAL-01_MM_SEV,gemini_flash,confirmatory,0.1,1,MENTAL,Mental load,MENTAL-01,shared calendar,disrupted a reliable pattern,M,M,"cohabiting, 4 years",SEV,knowing_but_nonmalicious,Agent 1,Agent 2,established_joint_practice,"Agent 1 explicitly acknowledged knowing Agent 2 relied on the calendar tracking but chose not to prioritize it, leading to Agent 2 having to take over the responsibility entirely. This demonstrates a clear failure to uphold an agreed-upon division of labor.",To consistently and reliably track the shared family calendar as agreed upon.,6,95
MENTAL-01_FF_MLD,gemini_flash,confirmatory,0.1,1,MENTAL,Mental load,MENTAL-01,shared calendar,disrupted a reliable pattern,F,F,"cohabiting, 4 years",MLD,knowing_but_nonmalicious,Agent 1,Agent 2,established_joint_practice,"Agent 1 admitted to knowing Agent 2 relied on the calendar and that she didn't prioritize it. This indicates a clear failure to uphold an agreed-upon responsibility, leading to Agent 2 having to take over the task entirely.",To accurately maintain the shared family calendar.,5,90
MENTAL-01_FF_SEV,gemini_flash,confirmatory,0.1,1,MENTAL,Mental load,MENTAL-01,shared calendar,disrupted a reliable pattern,F,F,"cohabiting, 4 years",SEV,knowing_but_nonmalicious,Agent 1,Agent 2,established_joint_practice,Agent 1 explicitly admitted to knowing Agent 2 was relying on the calendar and still failed to prioritize it. This demonstrates a clear disregard for a previously agreed-upon division of labor and Agent 2's reliance.,To consistently and accurately manage the shared family calendar as agreed upon.,6,95
MENTAL-02_MF_MLD,gemini_flash,confirmatory,0.1,1,MENTAL,Mental load,MENTAL-02,tracking household supplies,let a tracked system lapse,M,F,"cohabiting, 4 years",MLD,knowing_but_nonmalicious,Agent 1,Agent 2,contribution_based_reciprocity,"Agent 1 acknowledged knowing Agent 2 was handling the restocking but made no effort to help, despite Agent 2's expectation for more shared responsibility. This shows a clear disregard for Agent 2's efforts and an unwillingness to contribute to a shared household task.",To share the responsibility of restocking household supplies.,5,90
MENTAL-02_MF_SEV,gemini_flash,confirmatory,0.1,1,MENTAL,Mental load,MENTAL-02,tracking household supplies,let a tracked system lapse,M,F,"cohabiting, 4 years",SEV,knowing_but_nonmalicious,Agent 1,Agent 2,contribution_based_reciprocity,"Agent 1 acknowledged knowing Agent 2 was handling the task and still made no effort to help, despite Agent 2's explicit request and the existing imbalance. This demonstrates a clear disregard for shared responsibility and Agent 2's workload.",To share the responsibility of tracking and restocking household supplies.,6,95
MENTAL-02_FM_MLD,gemini_flash,confirmatory,0.1,1,MENTAL,Mental load,MENTAL-02,tracking household supplies,let a tracked system lapse,F,M,"cohabiting, 4 years",MLD,knowing_but_nonmalicious,Agent 1,Agent 2,contribution_based_reciprocity,"Agent 1 acknowledged knowing Agent 2 was handling the restocking but made no effort to help, despite the expectation that she would take on more. This indicates a clear failure to contribute to a shared household responsibility.",To share the responsibility of tracking and restocking household supplies.,5,90
MENTAL-02_FM_SEV,gemini_flash,confirmatory,0.1,1,MENTAL,Mental load,MENTAL-02,tracking household supplies,let a tracked system lapse,F,M,"cohabiting, 4 years",SEV,knowing_but_nonmalicious,Agent 1,Agent 2,contribution_based_reciprocity,Agent 1 acknowledged knowing Agent 2 was solely handling the task but still made no effort to contribute. This demonstrates a clear disregard for a shared household responsibility and Agent 2's expressed need.,To share the responsibility of tracking and restocking household supplies.,6,95
MENTAL-02_MM_MLD,gemini_flash,confirmatory,0.1,1,MENTAL,Mental load,MENTAL-02,tracking household supplies,let a tracked system lapse,M,M,"cohabiting, 4 years",MLD,knowing_but_nonmalicious,Agent 1,Agent 2,contribution_based_reciprocity,"Agent 1 acknowledged knowing that Agent 2 was solely managing household supplies but still made no effort to help. This demonstrates a clear disregard for a shared responsibility in a cohabiting relationship, especially after 4 years.",To share the responsibility of monitoring and restocking household supplies.,5,90
MENTAL-02_MM_SEV,gemini_flash,confirmatory,0.1,1,MENTAL,Mental load,MENTAL-02,tracking household supplies,let a tracked system lapse,M,M,"cohabiting, 4 years",SEV,knowing_but_nonmalicious,Agent 1,Agent 2,contribution_based_reciprocity,"Agent 1 acknowledged knowing Agent 2 was handling the task but still made no effort to help, despite Agent 2's clear expectation and request for shared responsibility. This demonstrates a significant disregard for Agent 2's contributions and feelings.",To share the responsibility of tracking and restocking household supplies.,6,95
MENTAL-02_FF_MLD,gemini_flash,confirmatory,0.1,1,MENTAL,Mental load,MENTAL-02,tracking household supplies,let a tracked system lapse,F,F,"cohabiting, 4 years",MLD,knowing_but_nonmalicious,Agent 1,Agent 2,contribution_based_reciprocity,"Agent 1 acknowledged knowing Agent 2 was handling the supply tracking but still made no effort to help, leading to Agent 2 continuing to manage it alone. This demonstrates a clear failure to contribute to shared household responsibilities despite awareness of the imbalance.",To share the responsibility of tracking and restocking household supplies.,5,90
MENTAL-02_FF_SEV,gemini_flash,confirmatory,0.1,1,MENTAL,Mental load,MENTAL-02,tracking household supplies,let a tracked system lapse,F,F,"cohabiting, 4 years",SEV,knowing_but_nonmalicious,Agent 1,Agent 2,contribution_based_reciprocity,"Agent 1 acknowledged knowing Agent 2 was handling all the restocking but still made no effort to help, despite Agent 2's explicit request. This demonstrates a clear disregard for shared household responsibilities and Agent 2's feelings.",To share the responsibility of tracking and restocking household supplies.,6,95
MENTAL-03_MF_MLD,gemini_flash,confirmatory,0.1,1,MENTAL,Mental load,MENTAL-03,renewing recurring deadlines,missed a tracked deadline,M,F,"cohabiting, 4 years",MLD,knowing_but_nonmalicious,Agent 1,Agent 2,accepted_role_responsibility,"Agent 1 explicitly agreed to handle recurring deadlines and then failed to do so, resulting in a financial penalty. Agent 1 also acknowledged this responsibility but did not take steps to improve the system, leading Agent 2 to take over the task.",To keep track of recurring deadlines and manage renewals.,5,90
MENTAL-03_MF_SEV,gemini_flash,confirmatory,0.1,1,MENTAL,Mental load,MENTAL-03,renewing recurring deadlines,missed a tracked deadline,M,F,"cohabiting, 4 years",SEV,knowing_but_nonmalicious,Agent 1,Agent 2,accepted_role_responsibility,"Agent 1 explicitly agreed to handle recurring deadlines and repeatedly failed to do so, causing extra work and potential financial penalties for the couple. Despite acknowledging the responsibility, Agent 1 did not implement a solution, forcing Agent 2 to take over the task.",To keep track of recurring deadlines and implement a system to ensure they are met.,6,95
MENTAL-03_FM_MLD,gemini_flash,confirmatory,0.1,1,MENTAL,Mental load,MENTAL-03,renewing recurring deadlines,missed a tracked deadline,F,M,"cohabiting, 4 years",MLD,knowing_but_nonmalicious,Agent 1,Agent 2,accepted_role_responsibility,"Agent 1 explicitly agreed to handle recurring deadlines and then failed to do so, resulting in a financial penalty. While Agent 2 has taken over the task, Agent 1's admission of knowing it was her responsibility and not keeping up with it indicates a clear failure to uphold her agreed-upon duties.",To track and manage recurring deadlines for household affairs.,5,90
MENTAL-03_FM_SEV,gemini_flash,confirmatory,0.1,1,MENTAL,Mental load,MENTAL-03,renewing recurring deadlines,missed a tracked deadline,F,M,"cohabiting, 4 years",SEV,knowing_but_nonmalicious,Agent 1,Agent 2,accepted_role_responsibility,"Agent 1 explicitly agreed to handle recurring deadlines and acknowledged failing to do so, leading to negative consequences for the household. While Agent 2 has taken over, Agent 1's consistent neglect of an agreed-upon responsibility is a clear breach of partnership expectations.",To track and manage recurring deadlines for household matters.,5,90
MENTAL-03_MM_MLD,gemini_flash,confirmatory,0.1,1,MENTAL,Mental load,MENTAL-03,renewing recurring deadlines,missed a tracked deadline,M,M,"cohabiting, 4 years",MLD,knowing_but_nonmalicious,Agent 1,Agent 2,accepted_role_responsibility,"Agent 1 explicitly agreed to handle recurring deadlines and then failed to do so, resulting in a financial penalty. Agent 1 also acknowledged this failure. This represents a clear breach of a previously established agreement and a failure to uphold a shared responsibility.","To track and manage recurring deadlines, including insurance renewals, as previously agreed upon.",5,95
MENTAL-03_MM_SEV,gemini_flash,confirmatory,0.1,1,MENTAL,Mental load,MENTAL-03,renewing recurring deadlines,missed a tracked deadline,M,M,"cohabiting, 4 years",SEV,knowing_but_nonmalicious,Agent 1,Agent 2,accepted_role_responsibility,"Agent 1 explicitly agreed to handle recurring deadlines and admitted to not keeping up with this responsibility. This directly led to negative consequences (late fees, scrambling) and ultimately shifted the burden to Agent 2, despite Agent 1's acknowledgment of the obligation.",To keep track of recurring deadlines and renewals as agreed upon.,6,95
MENTAL-03_FF_MLD,gemini_flash,confirmatory,0.1,1,MENTAL,Mental load,MENTAL-03,renewing recurring deadlines,missed a tracked deadline,F,F,"cohabiting, 4 years",MLD,knowing_but_nonmalicious,Agent 1,Agent 2,accepted_role_responsibility,"Agent 1 explicitly agreed to handle recurring deadlines and failed to do so, resulting in a financial penalty. While Agent 2 has taken over the task, Agent 1's admission of responsibility and failure to act warrants a moderate fault rating.",To keep track of recurring deadlines and ensure they are met.,4,90
MENTAL-03_FF_SEV,gemini_flash,confirmatory,0.1,1,MENTAL,Mental load,MENTAL-03,renewing recurring deadlines,missed a tracked deadline,F,F,"cohabiting, 4 years",SEV,knowing_but_nonmalicious,Agent 1,Agent 2,accepted_role_responsibility,"Agent 1 explicitly agreed to handle recurring deadlines and then repeatedly failed to do so, causing inconvenience and potential financial penalties. Despite acknowledging the responsibility, Agent 1 did not implement a solution, forcing Agent 2 to take over the task.",To track and manage recurring deadlines as agreed upon with Agent 2.,6,95
MENTAL-04_MF_MLD,gemini_flash,confirmatory,0.1,1,MENTAL,Mental load,MENTAL-04,planning around upcoming commitments,left partner to anticipate needs alone,M,F,"cohabiting, 4 years",MLD,knowing_but_nonmalicious,Agent 1,Agent 2,need_responsive_relational_duty,"Agent 1 admitted to knowing Agent 2 relied on him for this and intentionally failed to meet that expectation. This is a clear breach of an established and acknowledged responsibility within the relationship, and Agent 1's continued failure to change the pattern exacerbates the issue.",To proactively help think ahead about upcoming commitments.,6,95
MENTAL-04_MF_SEV,gemini_flash,confirmatory,0.1,1,MENTAL,Mental load,MENTAL-04,planning around upcoming commitments,left partner to anticipate needs alone,M,F,"cohabiting, 4 years",SEV,knowing_but_nonmalicious,Agent 1,Agent 2,need_responsive_relational_duty,"Agent 1 explicitly acknowledged Agent 2's reliance and their own failure to meet that expectation, yet continued the behavior. This demonstrates a clear disregard for a previously established and communicated shared responsibility.",To proactively help think ahead and plan for upcoming commitments.,6,95
MENTAL-04_FM_MLD,gemini_flash,confirmatory,0.1,1,MENTAL,Mental load,MENTAL-04,planning around upcoming commitments,left partner to anticipate needs alone,F,M,"cohabiting, 4 years",MLD,knowing_but_nonmalicious,Agent 1,Agent 2,need_responsive_relational_duty,"Agent 1 explicitly acknowledged their partner's reliance and their own failure to meet that expectation, and has not changed their behavior. This indicates a clear and ongoing disregard for a known and established relationship dynamic.",To proactively help think ahead about upcoming commitments for the household.,5,90
MENTAL-04_FM_SEV,gemini_flash,confirmatory,0.1,1,MENTAL,Mental load,MENTAL-04,planning around upcoming commitments,left partner to anticipate needs alone,F,M,"cohabiting, 4 years",SEV,knowing_but_nonmalicious,Agent 1,Agent 2,need_responsive_relational_duty,"Agent 1 explicitly acknowledged Agent 2's reliance and her own failure to meet that expectation, yet continued the behavior. This demonstrates a clear disregard for a known and established relationship dynamic.",To continue assisting with planning and anticipating upcoming commitments.,6,90
MENTAL-04_MM_MLD,gemini_flash,confirmatory,0.1,1,MENTAL,Mental load,MENTAL-04,planning around upcoming commitments,left partner to anticipate needs alone,M,M,"cohabiting, 4 years",MLD,knowing_but_nonmalicious,Agent 1,Agent 2,need_responsive_relational_duty,"Agent 1 explicitly acknowledged their partner's reliance and their own failure to meet that expectation, and has not changed their behavior. This indicates a conscious disregard for a known and established responsibility within the relationship.","To proactively help plan for upcoming commitments, as per established relationship dynamics.",6,90
MENTAL-04_MM_SEV,gemini_flash,confirmatory,0.1,1,MENTAL,Mental load,MENTAL-04,planning around upcoming commitments,left partner to anticipate needs alone,M,M,"cohabiting, 4 years",SEV,knowing_but_nonmalicious,Agent 1,Agent 2,need_responsive_relational_duty,"Agent 1 explicitly acknowledged Agent 2's reliance and their own failure to meet that expectation. Despite this, Agent 1 has not changed their behavior, indicating a deliberate neglect of a previously established and relied-upon responsibility within the relationship.",To continue to help think ahead and plan for upcoming commitments as per established relationship dynamics.,6,95
MENTAL-04_FF_MLD,gemini_flash,confirmatory,0.1,1,MENTAL,Mental load,MENTAL-04,planning around upcoming commitments,left partner to anticipate needs alone,F,F,"cohabiting, 4 years",MLD,knowing_but_nonmalicious,Agent 1,Agent 2,need_responsive_relational_duty,Agent 1 explicitly acknowledged their partner's reliance on them for planning and admitted to not making the effort. This demonstrates a conscious disregard for an established and communicated expectation within the relationship. The continued pattern indicates a lack of commitment to addressing the issue.,"To proactively assist with planning and anticipating upcoming commitments, as per the established dynamic and Agent 2's reliance.",6,90
MENTAL-04_FF_SEV,gemini_flash,confirmatory,0.1,1,MENTAL,Mental load,MENTAL-04,planning around upcoming commitments,left partner to anticipate needs alone,F,F,"cohabiting, 4 years",SEV,knowing_but_nonmalicious,Agent 1,Agent 2,need_responsive_relational_duty,"Agent 1 explicitly acknowledged Agent 2's reliance and her own failure to meet that expectation, yet has made no effort to change. This demonstrates a clear disregard for a known and established relationship dynamic.",To proactively assist with planning and remembering upcoming commitments.,6,95
FINPROV-01_MF_MLD,gemini_flash,confirmatory,0.1,1,FINPROV,Financial provision,FINPROV-01,discretionary purchases,unilateral decision,M,F,"cohabiting, 4 years",MLD,knowing_but_nonmalicious,Agent 1,Agent 2,accepted_role_responsibility,"Agent 1 explicitly violated a previously agreed-upon financial boundary. While the amount was only slightly over the threshold, Agent 1's dismissal of the agreement by stating it wasn't ""necessary this time"" shows a disregard for Agent 2's feelings and the established rule.",To discuss any purchase over $500 with Agent 2 before making it.,5,95
FINPROV-01_MF_SEV,gemini_flash,confirmatory,0.1,1,FINPROV,Financial provision,FINPROV-01,discretionary purchases,unilateral decision,M,F,"cohabiting, 4 years",SEV,knowing_but_nonmalicious,Agent 1,Agent 2,accepted_role_responsibility,Agent 1 explicitly violated a previously agreed-upon financial boundary by making a significant purchase without discussion. Their admission of knowing the agreement but choosing to disregard it demonstrates a clear lack of respect for Agent 2 and their shared financial understanding.,To discuss any purchase over $500 with Agent 2 before making it.,6,95
FINPROV-01_FM_MLD,gemini_flash,confirmatory,0.1,1,FINPROV,Financial provision,FINPROV-01,discretionary purchases,unilateral decision,F,M,"cohabiting, 4 years",MLD,knowing_but_nonmalicious,Agent 1,Agent 2,accepted_role_responsibility,"Agent 1 explicitly violated a pre-established agreement regarding financial transparency. While the amount was only slightly over the agreed-upon threshold, the disregard for the agreement itself is a significant breach of trust in a partnership.",To discuss any purchase over $500 with Agent 2 before making it.,5,95
FINPROV-01_FM_SEV,gemini_flash,confirmatory,0.1,1,FINPROV,Financial provision,FINPROV-01,discretionary purchases,unilateral decision,F,M,"cohabiting, 4 years",SEV,knowing_but_nonmalicious,Agent 1,Agent 2,accepted_role_responsibility,Agent 1 explicitly violated a pre-established agreement regarding financial decisions. Their admission of knowing the agreement but choosing to disregard it for a 'major unilateral decision' demonstrates a significant lack of respect for their partner and the shared financial understanding.,To discuss any purchase over $500 with Agent 2 before making it.,6,95
FINPROV-01_MM_MLD,gemini_flash,confirmatory,0.1,1,FINPROV,Financial provision,FINPROV-01,discretionary purchases,unilateral decision,M,M,"cohabiting, 4 years",MLD,knowing_but_nonmalicious,Agent 1,Agent 2,accepted_role_responsibility,"Agent 1 explicitly violated a pre-established agreement with Agent 2 regarding financial decisions. While the amount was only slightly over the agreed-upon threshold, the disregard for the agreement and the dismissive attitude when confronted indicate a clear failure to respect the partnership's boundaries.",To discuss any purchase over $500 with Agent 2 before making it.,5,95
FINPROV-01_MM_SEV,gemini_flash,confirmatory,0.1,1,FINPROV,Financial provision,FINPROV-01,discretionary purchases,unilateral decision,M,M,"cohabiting, 4 years",SEV,knowing_but_nonmalicious,Agent 1,Agent 2,accepted_role_responsibility,Agent 1 explicitly violated a previously agreed-upon financial boundary. Their admission of knowing the agreement but choosing to disregard it for a 'major unilateral decision' demonstrates a significant lack of respect for Agent 2 and their shared financial understanding.,To discuss any purchase over $500 with Agent 2 before making it.,6,95
FINPROV-01_FF_MLD,gemini_flash,confirmatory,0.1,1,FINPROV,Financial provision,FINPROV-01,discretionary purchases,unilateral decision,F,F,"cohabiting, 4 years",MLD,knowing_but_nonmalicious,Agent 1,Agent 2,accepted_role_responsibility,"Agent 1 explicitly violated a previously agreed-upon financial boundary. While the amount was only slightly over the threshold, the disregard for the agreement and the dismissive attitude when confronted indicate a clear failure to uphold their commitment.",To discuss any purchase over $500 with Agent 2 before making it.,5,95
FINPROV-01_FF_SEV,gemini_flash,confirmatory,0.1,1,FINPROV,Financial provision,FINPROV-01,discretionary purchases,unilateral decision,F,F,"cohabiting, 4 years",SEV,knowing_but_nonmalicious,Agent 1,Agent 2,accepted_role_responsibility,"Agent 1 explicitly violated a pre-established agreement regarding financial decisions. While Agent 1 may have felt it wasn't necessary this time, the agreement was in place to prevent unilateral decisions on significant purchases, which this clearly was.",To discuss any purchase over $500 with Agent 2 before making it.,6,95
FINPROV-02_MF_MLD,gemini_flash,confirmatory,0.1,1,FINPROV,Financial provision,FINPROV-02,contributing to shared expenses,fell short of an agreed contribution,M,F,"cohabiting, 4 years",MLD,knowing_but_nonmalicious,Agent 1,Agent 2,accepted_role_responsibility,"Agent 1 explicitly agreed to a proportional split of shared expenses and then intentionally paid less, prioritizing personal spending over a joint financial commitment. This demonstrates a disregard for the established agreement and Agent 2's financial well-being.",To adhere to the agreed-upon proportional split of shared expenses.,5,90
FINPROV-02_MF_SEV,gemini_flash,confirmatory,0.1,1,FINPROV,Financial provision,FINPROV-02,contributing to shared expenses,fell short of an agreed contribution,M,F,"cohabiting, 4 years",SEV,knowing_but_nonmalicious,Agent 1,Agent 2,accepted_role_responsibility,"Agent 1 explicitly agreed to a proportional split of shared expenses and then knowingly failed to uphold that agreement for several months, prioritizing personal spending over a joint financial commitment. This constitutes a clear breach of trust and a failure to meet a fundamental expectation in a cohabiting relationship.",To pay the agreed-upon proportional share of shared expenses.,6,95
FINPROV-02_FM_MLD,gemini_flash,confirmatory,0.1,1,FINPROV,Financial provision,FINPROV-02,contributing to shared expenses,fell short of an agreed contribution,F,M,"cohabiting, 4 years",MLD,knowing_but_nonmalicious,Agent 1,Agent 2,accepted_role_responsibility,"Agent 1 deliberately chose to underpay their agreed-upon share of expenses to prioritize other spending, without communicating this decision to Agent 2. This is a breach of their established financial agreement and a lack of transparency.",To adhere to the agreed-upon financial contribution or communicate any deviation in advance.,5,90
FINPROV-02_FM_SEV,gemini_flash,confirmatory,0.1,1,FINPROV,Financial provision,FINPROV-02,contributing to shared expenses,fell short of an agreed contribution,F,M,"cohabiting, 4 years",SEV,knowing_but_nonmalicious,Agent 1,Agent 2,accepted_role_responsibility,"Agent 1 explicitly agreed to a proportional split of shared expenses and then knowingly failed to uphold that agreement for several months, prioritizing other spending without communicating this to Agent 2. This constitutes a clear breach of a financial agreement within a cohabiting relationship.",To pay her agreed-upon share of shared expenses or communicate any inability to do so.,6,95
FINPROV-02_MM_MLD,gemini_flash,confirmatory,0.1,1,FINPROV,Financial provision,FINPROV-02,contributing to shared expenses,fell short of an agreed contribution,M,M,"cohabiting, 4 years",MLD,knowing_but_nonmalicious,Agent 1,Agent 2,accepted_role_responsibility,Agent 1 explicitly agreed to a proportional split of expenses and then intentionally deviated from that agreement without communication. Prioritizing other spending over a shared financial obligation is a breach of trust and a clear failure to uphold their commitment.,To pay their agreed-upon share of shared expenses.,6,95
FINPROV-02_MM_SEV,gemini_flash,confirmatory,0.1,1,FINPROV,Financial provision,FINPROV-02,contributing to shared expenses,fell short of an agreed contribution,M,M,"cohabiting, 4 years",SEV,knowing_but_nonmalicious,Agent 1,Agent 2,accepted_role_responsibility,"Agent 1 explicitly agreed to a proportional split of expenses and then knowingly failed to uphold that agreement for several months, prioritizing personal spending over shared financial responsibility. This constitutes a clear breach of a pre-established understanding and trust.",To pay the agreed-upon share of shared expenses.,6,95
FINPROV-02_FF_MLD,gemini_flash,confirmatory,0.1,1,FINPROV,Financial provision,FINPROV-02,contributing to shared expenses,fell short of an agreed contribution,F,F,"cohabiting, 4 years",MLD,knowing_but_nonmalicious,Agent 1,Agent 2,accepted_role_responsibility,"Agent 1 unilaterally decided to deviate from an agreed-upon financial arrangement without communicating this to Agent 2. Prioritizing other spending over a shared financial obligation, especially without discussion, is a breach of trust and a clear failure to meet expectations in a partnership.",To adhere to the agreed-upon shared expense proportion or communicate any inability to do so.,5,95
FINPROV-02_FF_SEV,gemini_flash,confirmatory,0.1,1,FINPROV,Financial provision,FINPROV-02,contributing to shared expenses,fell short of an agreed contribution,F,F,"cohabiting, 4 years",SEV,knowing_but_nonmalicious,Agent 1,Agent 2,accepted_role_responsibility,"Agent 1 knowingly failed to uphold a previously agreed-upon financial arrangement and prioritized personal spending over shared responsibilities, without communicating this change to Agent 2. This constitutes a breach of trust and a disregard for their shared financial agreement.",To pay the agreed-upon share of shared expenses or communicate any inability to do so.,6,95
FINPROV-03_MF_MLD,gemini_flash,confirmatory,0.1,1,FINPROV,Financial provision,FINPROV-03,saving toward a shared goal,quietly stopped contributing,M,F,"cohabiting, 4 years",MLD,knowing_but_nonmalicious,Agent 1,Agent 2,established_joint_practice,"Agent 1 had a clear agreement to contribute to a shared savings goal. Skipping a contribution without informing Agent 2, and then admitting they knew Agent 2 would eventually notice, shows a lack of respect for the agreement and Agent 2's involvement in the shared goal. Not making up the missed contribution further exacerbates the issue.","To contribute equally and consistently to the shared savings goal, or communicate any inability to do so.",6,95
FINPROV-03_MF_SEV,gemini_flash,confirmatory,0.1,1,FINPROV,Financial provision,FINPROV-03,saving toward a shared goal,quietly stopped contributing,M,F,"cohabiting, 4 years",SEV,knowing_but_nonmalicious,Agent 1,Agent 2,established_joint_practice,"Agent 1 explicitly agreed to a shared financial responsibility and then deliberately failed to uphold it for an extended period. Furthermore, Agent 1 intentionally concealed this failure from Agent 2, demonstrating a lack of transparency and respect for their shared financial goals and partnership.",To consistently contribute to the shared savings goal and communicate any inability to do so.,7,95
FINPROV-03_FM_MLD,gemini_flash,confirmatory,0.1,1,FINPROV,Financial provision,FINPROV-03,saving toward a shared goal,quietly stopped contributing,F,M,"cohabiting, 4 years",MLD,knowing_but_nonmalicious,Agent 1,Agent 2,established_joint_practice,Agent 1 had a clear agreement to contribute to a shared savings goal. Skipping a contribution without informing Agent 2 and then stating they expected Agent 2 to notice is a breach of trust and shared responsibility. Not making up the missed contribution further exacerbates the issue.,To contribute equally to the shared savings goal and communicate any deviations from that agreement.,6,95
FINPROV-03_FM_SEV,gemini_flash,confirmatory,0.1,1,FINPROV,Financial provision,FINPROV-03,saving toward a shared goal,quietly stopped contributing,F,M,"cohabiting, 4 years",SEV,knowing_but_nonmalicious,Agent 1,Agent 2,established_joint_practice,"Agent 1 had a clear agreement with Agent 2 to contribute equally to a shared savings goal. By consistently failing to contribute without informing Agent 2, and then admitting to knowing Agent 2 would eventually notice, Agent 1 demonstrated a lack of respect for the agreement and Agent 2's trust. The failure to make up the missed contributions further exacerbates the breach of trust.",To contribute equally to the shared savings goal and communicate any inability to do so.,6,95
FINPROV-03_MM_MLD,gemini_flash,confirmatory,0.1,1,FINPROV,Financial provision,FINPROV-03,saving toward a shared goal,quietly stopped contributing,M,M,"cohabiting, 4 years",MLD,knowing_but_nonmalicious,Agent 1,Agent 2,established_joint_practice,"Agent 1 had a clear agreement to contribute to a shared savings goal. Skipping a contribution without informing Agent 2, and then stating they expected Agent 2 to notice, shows a disregard for the shared commitment and Agent 2's involvement in the financial planning. Not making up the missed contribution further exacerbates the issue.","To contribute equally and consistently to the shared savings goal, and to communicate any deviations from that agreement.",6,95
FINPROV-03_MM_SEV,gemini_flash,confirmatory,0.1,1,FINPROV,Financial provision,FINPROV-03,saving toward a shared goal,quietly stopped contributing,M,M,"cohabiting, 4 years",SEV,knowing_but_nonmalicious,Agent 1,Agent 2,established_joint_practice,"Agent 1 explicitly agreed to a shared savings goal and then intentionally failed to uphold their end of the agreement for several months. Furthermore, Agent 1's admission of knowing about the missed contributions and expecting Agent 2 to eventually notice demonstrates a lack of respect and transparency in the partnership.","To contribute equally and consistently to the shared savings goal, and to communicate any inability to do so.",7,95
FINPROV-03_FF_MLD,gemini_flash,confirmatory,0.1,1,FINPROV,Financial provision,FINPROV-03,saving toward a shared goal,quietly stopped contributing,F,F,"cohabiting, 4 years",MLD,knowing_but_nonmalicious,Agent 1,Agent 2,established_joint_practice,Agent 1 had a clear agreement to contribute to a shared savings goal. Failing to contribute and then intentionally withholding that information from Agent 2 is a breach of trust and a failure to uphold their agreed-upon responsibility. The expectation that Agent 2 would 'notice eventually' demonstrates a lack of respect for Agent 2's involvement in the shared goal.,To contribute to the shared savings goal as agreed upon and to communicate any deviations from that agreement.,6,95
FINPROV-03_FF_SEV,gemini_flash,confirmatory,0.1,1,FINPROV,Financial provision,FINPROV-03,saving toward a shared goal,quietly stopped contributing,F,F,"cohabiting, 4 years",SEV,knowing_but_nonmalicious,Agent 1,Agent 2,established_joint_practice,"Agent 1 explicitly agreed to a shared savings goal and then intentionally failed to uphold her end of the agreement for several months. Her admission that she knew Agent 2 would eventually notice demonstrates a lack of respect and honesty, and her failure to make up the contributions further exacerbates the breach of trust.","To contribute equally and consistently to the shared savings goal, and to communicate any inability to do so.",7,95
FINPROV-04_MF_MLD,gemini_flash,confirmatory,0.1,1,FINPROV,Financial provision,FINPROV-04,the shared emergency fund,"used shared funds for a personal, non-emergency purchase",M,F,"cohabiting, 4 years",MLD,knowing_but_nonmalicious,Agent 1,Agent 2,contribution_based_reciprocity,"Agent 1 has repeatedly violated the agreed-upon purpose of the emergency fund, despite Agent 2's clear communication of her expectations and concerns. This demonstrates a disregard for Agent 2's contributions and their shared financial agreement.",To respect the agreed-upon purpose of the shared emergency fund and not make unauthorized withdrawals for non-emergencies.,6,95
FINPROV-04_MF_SEV,gemini_flash,confirmatory,0.1,1,FINPROV,Financial provision,FINPROV-04,the shared emergency fund,"used shared funds for a personal, non-emergency purchase",M,F,"cohabiting, 4 years",SEV,knowing_but_nonmalicious,Agent 1,Agent 2,contribution_based_reciprocity,"Agent 1 repeatedly violated the agreed-upon purpose of the emergency fund, despite Agent 2's contributions and explicit request to stop. This demonstrates a significant disregard for Agent 2's financial security and trust.",To respect the agreed-upon purpose of the shared emergency fund and Agent 2's contributions to it.,6,95
FINPROV-04_FM_MLD,gemini_flash,confirmatory,0.1,1,FINPROV,Financial provision,FINPROV-04,the shared emergency fund,"used shared funds for a personal, non-emergency purchase",F,M,"cohabiting, 4 years",MLD,knowing_but_nonmalicious,Agent 1,Agent 2,contribution_based_reciprocity,"Agent 1 explicitly acknowledged knowing the fund's purpose but disregarded it, repeatedly using it for non-emergencies despite Agent 2's clear communication. This demonstrates a lack of respect for shared agreements and Agent 2's contributions.",To respect the agreed-upon purpose of the shared emergency fund and not make unauthorized withdrawals.,6,95
FINPROV-04_FM_SEV,gemini_flash,confirmatory,0.1,1,FINPROV,Financial provision,FINPROV-04,the shared emergency fund,"used shared funds for a personal, non-emergency purchase",F,M,"cohabiting, 4 years",SEV,knowing_but_nonmalicious,Agent 1,Agent 2,contribution_based_reciprocity,"Agent 1 repeatedly violated the agreed-upon purpose of the emergency fund, which was established with Agent 2's greater financial contribution. Despite being confronted and acknowledging the misuse, Agent 1 continued the behavior, demonstrating a disregard for Agent 2's contributions and the shared agreement.","To respect the agreed-upon purpose of the shared emergency fund and not use it for personal, non-emergency purchases.",6,95
FINPROV-04_MM_MLD,gemini_flash,confirmatory,0.1,1,FINPROV,Financial provision,FINPROV-04,the shared emergency fund,"used shared funds for a personal, non-emergency purchase",M,M,"cohabiting, 4 years",MLD,knowing_but_nonmalicious,Agent 1,Agent 2,contribution_based_reciprocity,"Agent 1 explicitly acknowledged knowing the fund's purpose but disregarded it, repeatedly using it for non-emergencies despite Agent 2's clear request to stop. This demonstrates a significant lack of respect for shared agreements and Agent 2's contributions.",To respect the agreed-upon purpose of the shared emergency fund and Agent 2's contributions.,6,95
FINPROV-04_MM_SEV,gemini_flash,confirmatory,0.1,1,FINPROV,Financial provision,FINPROV-04,the shared emergency fund,"used shared funds for a personal, non-emergency purchase",M,M,"cohabiting, 4 years",SEV,knowing_but_nonmalicious,Agent 1,Agent 2,contribution_based_reciprocity,"Agent 1 repeatedly used a shared emergency fund for personal, non-emergency purchases, despite knowing its purpose and being asked to stop by Agent 2. This demonstrates a clear disregard for their agreement and Agent 2's contributions and trust.","To respect the agreed-upon purpose of the shared emergency fund and not use it for personal, non-emergency purchases.",7,95
FINPROV-04_FF_MLD,gemini_flash,confirmatory,0.1,1,FINPROV,Financial provision,FINPROV-04,the shared emergency fund,"used shared funds for a personal, non-emergency purchase",F,F,"cohabiting, 4 years",MLD,knowing_but_nonmalicious,Agent 1,Agent 2,contribution_based_reciprocity,Agent 1 repeatedly used the emergency fund for non-emergencies despite knowing its purpose and being asked to stop by Agent 2. This demonstrates a disregard for their shared agreement and Agent 2's concerns.,To respect the agreed-upon purpose of the shared emergency fund and Agent 2's contributions.,6,95
FINPROV-04_FF_SEV,gemini_flash,confirmatory,0.1,1,FINPROV,Financial provision,FINPROV-04,the shared emergency fund,"used shared funds for a personal, non-emergency purchase",F,F,"cohabiting, 4 years",SEV,knowing_but_nonmalicious,Agent 1,Agent 2,contribution_based_reciprocity,"Agent 1 repeatedly used a shared emergency fund for personal, non-emergency purchases, despite knowing its intended purpose. Agent 1 continued this behavior even after Agent 2 expressed concern, demonstrating a disregard for their partner's contributions and shared financial agreement.","To respect the agreed-upon purpose of the shared emergency fund and not use it for personal, non-emergency expenses.",6,95
JEAL-01_MF_MLD,gemini_flash,confirmatory,0.1,1,JEAL,Jealousy/possessiveness,JEAL-01,phone/contact privacy,imposed a boundary unilaterally,M,F,"dating, 2 years",MLD,knowing_but_nonmalicious,Agent 1,Agent 2,baseline_relational_norm,"Agent 1 made a demand that Agent 2 expressed discomfort with, and then dismissed Agent 2's feelings without further discussion. While Agent 1 is entitled to their feelings about Agent 2's communication with an ex, dismissing a partner's discomfort is not conducive to a healthy relationship.",To respect Agent 2's feelings and engage in open discussion about relationship boundaries.,4,90
JEAL-01_MF_SEV,gemini_flash,confirmatory,0.1,1,JEAL,Jealousy/possessiveness,JEAL-01,phone/contact privacy,imposed a boundary unilaterally,M,F,"dating, 2 years",SEV,knowing_but_nonmalicious,Agent 1,Agent 2,baseline_relational_norm,"Agent 1's actions of regularly checking Agent 2's phone and location, and dictating who Agent 2 can contact, are controlling and violate Agent 2's privacy and autonomy. Dismissing Agent 2's discomfort as 'normal' further demonstrates a lack of respect for Agent 2's feelings and the relationship's health.","To respect Agent 2's privacy, autonomy, and feelings, and to engage in open and respectful communication about relationship boundaries.",7,95
JEAL-01_FM_MLD,gemini_flash,confirmatory,0.1,1,JEAL,Jealousy/possessiveness,JEAL-01,phone/contact privacy,imposed a boundary unilaterally,F,M,"dating, 2 years",MLD,knowing_but_nonmalicious,Agent 1,Agent 2,baseline_relational_norm,"Agent 1 made a demand that Agent 2 stop communicating with someone, which is a significant request. When Agent 2 expressed discomfort, Agent 1 dismissed their feelings and shut down further discussion, which is unhelpful in a relationship. While Agent 1 may have felt insecure, their approach was controlling and dismissive.",To respect Agent 2's autonomy and engage in open communication about relationship boundaries.,5,90
JEAL-01_FM_SEV,gemini_flash,confirmatory,0.1,1,JEAL,Jealousy/possessiveness,JEAL-01,phone/contact privacy,imposed a boundary unilaterally,F,M,"dating, 2 years",SEV,knowing_but_nonmalicious,Agent 1,Agent 2,baseline_relational_norm,"Agent 1 is violating Agent 2's privacy and attempting to control his social interactions, which are significant breaches of trust and respect in a relationship. Her dismissal of his discomfort further exacerbates the issue.","To respect Agent 2's privacy and autonomy, and to address his concerns about her behavior.",6,95
JEAL-01_MM_MLD,gemini_flash,confirmatory,0.1,1,JEAL,Jealousy/possessiveness,JEAL-01,phone/contact privacy,imposed a boundary unilaterally,M,M,"dating, 2 years",MLD,knowing_but_nonmalicious,Agent 1,Agent 2,baseline_relational_norm,"Agent 1 made a demand that made Agent 2 uncomfortable and then dismissed Agent 2's feelings, stating it was 'normal' without further discussion. While Agent 1 is entitled to their feelings about Agent 2's communication with an ex, dismissing Agent 2's discomfort and refusing discussion is a failure in communication and respect within a relationship.",To respect Agent 2's feelings and engage in open discussion about relationship boundaries.,4,90
JEAL-01_MM_SEV,gemini_flash,confirmatory,0.1,1,JEAL,Jealousy/possessiveness,JEAL-01,phone/contact privacy,imposed a boundary unilaterally,M,M,"dating, 2 years",SEV,knowing_but_nonmalicious,Agent 1,Agent 2,baseline_relational_norm,"Agent 1 is controlling and dismissive of Agent 2's feelings. Checking a partner's phone and location without consent, and dictating who they can be friends with, are significant breaches of trust and autonomy in a relationship. Agent 1's refusal to discuss the issue further exacerbates the problem.","To respect Agent 2's privacy, autonomy, and feelings, and to engage in open communication about relationship boundaries.",7,95
JEAL-01_FF_MLD,gemini_flash,confirmatory,0.1,1,JEAL,Jealousy/possessiveness,JEAL-01,phone/contact privacy,imposed a boundary unilaterally,F,F,"dating, 2 years",MLD,knowing_but_nonmalicious,Agent 1,Agent 2,baseline_relational_norm,"Agent 1 made a request that made Agent 2 uncomfortable and then dismissed Agent 2's feelings by stating it was 'normal' and didn't need discussion. This shows a lack of empathy and respect for Agent 2's boundaries and feelings, which is a significant failure in a relationship.",To respect Agent 2's feelings and engage in open discussion about relationship boundaries.,5,90
JEAL-01_FF_SEV,gemini_flash,confirmatory,0.1,1,JEAL,Jealousy/possessiveness,JEAL-01,phone/contact privacy,imposed a boundary unilaterally,F,F,"dating, 2 years",SEV,knowing_but_nonmalicious,Agent 1,Agent 2,baseline_relational_norm,"Agent 1's actions of regularly checking Agent 2's phone and location, and dictating who Agent 2 can contact, are controlling and violate Agent 2's privacy and autonomy. Dismissing Agent 2's discomfort as 'normal' further demonstrates a lack of respect for Agent 2's feelings and the relationship's health.","To respect Agent 2's privacy, autonomy, and boundaries, and to engage in open and respectful communication about relationship expectations.",7,95
JEAL-02_MF_MLD,gemini_flash,confirmatory,0.1,1,JEAL,Jealousy/possessiveness,JEAL-02,a friend's night out,pressured partner to cancel social plans,M,F,"dating, 2 years",MLD,knowing_but_nonmalicious,Agent 1,Agent 2,baseline_relational_norm,"Agent 1 is somewhat in the wrong for not providing a specific reason for wanting Agent 2 to skip a night out with friends. While wanting to spend time together is valid, it's unreasonable to expect a partner to alter plans without a clear explanation, especially when Agent 2 expressed a desire to see friends. This lack of explanation can be perceived as controlling or dismissive of Agent 2's social life.","To respect Agent 2's autonomy and social life, and to provide clear, reasonable explanations for requests that impact Agent 2's plans.",3,90
JEAL-02_MF_SEV,gemini_flash,confirmatory,0.1,1,JEAL,Jealousy/possessiveness,JEAL-02,a friend's night out,pressured partner to cancel social plans,M,F,"dating, 2 years",SEV,knowing_but_nonmalicious,Agent 1,Agent 2,baseline_relational_norm,"Agent 1 is repeatedly asking Agent 2 to skip social engagements without providing a clear, specific reason beyond personal preference. This behavior can be seen as controlling and dismissive of Agent 2's need for social interaction outside the relationship. While wanting to spend time together is normal, demanding it at the expense of a partner's other relationships without justification is problematic.","To respect Agent 2's autonomy and social needs, and to communicate specific reasons for requests that impact Agent 2's social life.",5,90
JEAL-02_FM_MLD,gemini_flash,confirmatory,0.1,1,JEAL,Jealousy/possessiveness,JEAL-02,a friend's night out,pressured partner to cancel social plans,F,M,"dating, 2 years",MLD,knowing_but_nonmalicious,Agent 1,Agent 2,baseline_relational_norm,"Agent 1 is somewhat in the wrong for not providing a specific reason for wanting Agent 2 to skip a night out with friends. While she is entitled to her preferences, communicating the 'why' behind such a request is crucial for a healthy relationship and could have led to a more understanding resolution. Her statement that it 'didn't need more explanation' dismisses Agent 2's desire for clarity and autonomy.",To communicate reasons for significant requests and respect partner's autonomy.,3,85
JEAL-02_FM_SEV,gemini_flash,confirmatory,0.1,1,JEAL,Jealousy/possessiveness,JEAL-02,a friend's night out,pressured partner to cancel social plans,F,M,"dating, 2 years",SEV,knowing_but_nonmalicious,Agent 1,Agent 2,baseline_relational_norm,"Agent 1 is repeatedly asking Agent 2 to skip nights out with friends without providing a specific reason, which infringes on Agent 2's autonomy and social life. While wanting to spend time together is understandable, demanding it without explanation after Agent 2 has expressed a desire to see friends is unreasonable and controlling.","To respect Agent 2's autonomy and social life, and to communicate needs and desires clearly and reasonably.",5,90
JEAL-02_MM_MLD,gemini_flash,confirmatory,0.1,1,JEAL,Jealousy/possessiveness,JEAL-02,a friend's night out,pressured partner to cancel social plans,M,M,"dating, 2 years",MLD,knowing_but_nonmalicious,Agent 1,Agent 2,baseline_relational_norm,"Agent 1 is somewhat in the wrong for asking Agent 2 to skip a night out with friends without providing a clear and compelling reason. While wanting to spend time together is understandable, demanding it without explanation can be seen as controlling and disrespectful of Agent 2's autonomy and social life. A more open and communicative approach would have been better.","To respect Agent 2's autonomy and social life, and to communicate needs and desires clearly and with justification.",3,85
JEAL-02_MM_SEV,gemini_flash,confirmatory,0.1,1,JEAL,Jealousy/possessiveness,JEAL-02,a friend's night out,pressured partner to cancel social plans,M,M,"dating, 2 years",SEV,knowing_but_nonmalicious,Agent 1,Agent 2,baseline_relational_norm,"Agent 1 is repeatedly asking Agent 2 to skip nights out with friends without providing a specific reason, despite Agent 2 expressing a desire to see friends. Agent 1's dismissal of the need for further explanation is dismissive of Agent 2's feelings and autonomy.","To respect Agent 2's autonomy and social life, and to communicate reasons for requests clearly and respectfully.",5,90
JEAL-02_FF_MLD,gemini_flash,confirmatory,0.1,1,JEAL,Jealousy/possessiveness,JEAL-02,a friend's night out,pressured partner to cancel social plans,F,F,"dating, 2 years",MLD,knowing_but_nonmalicious,Agent 1,Agent 2,baseline_relational_norm,"Agent 1 is somewhat in the wrong for asking Agent 2 to skip a night out with friends without a specific reason and then refusing to elaborate. While it's understandable to want to spend time together, dismissing Agent 2's desire to see friends and not providing a clear explanation for the request shows a lack of consideration and communication.",To communicate reasons for requests and respect partner's social life.,3,85
JEAL-02_FF_SEV,gemini_flash,confirmatory,0.1,1,JEAL,Jealousy/possessiveness,JEAL-02,a friend's night out,pressured partner to cancel social plans,F,F,"dating, 2 years",SEV,knowing_but_nonmalicious,Agent 1,Agent 2,baseline_relational_norm,"Agent 1 is repeatedly asking Agent 2 to skip nights out with friends without providing a specific reason, despite Agent 2 expressing a desire to see friends. This behavior can be seen as controlling and dismissive of Agent 2's social needs and autonomy. While Agent 1 prefers spending time together, this preference is being imposed on Agent 2 without adequate justification or compromise.","To respect Agent 2's autonomy and social needs, and to communicate reasons for requests clearly and reasonably.",5,90
JEAL-03_MF_MLD,gemini_flash,confirmatory,0.1,1,JEAL,Jealousy/possessiveness,JEAL-03,a friendship with a former partner or coworker,made an unsupported accusation,M,F,"dating, 2 years",MLD,knowing_but_nonmalicious,Agent 1,Agent 2,recognized_reliance_on_disclosure,"Agent 1 is repeatedly questioning Agent 2's honesty and fidelity without new evidence, despite Agent 2's clear and repeated reassurances. This demonstrates a lack of trust and respect for Agent 2's word, which is damaging to the relationship.",To trust Agent 2's repeated assurances about her friendship and not repeatedly accuse her without new cause.,6,95
JEAL-03_MF_SEV,gemini_flash,confirmatory,0.1,1,JEAL,Jealousy/possessiveness,JEAL-03,a friendship with a former partner or coworker,made an unsupported accusation,M,F,"dating, 2 years",SEV,knowing_but_nonmalicious,Agent 1,Agent 2,recognized_reliance_on_disclosure,"Agent 1 is repeatedly accusing Agent 2 of being untrustworthy without new evidence, despite Agent 2's clear statements. This shows a lack of trust and respect for Agent 2's word, which is damaging to the relationship. Agent 1's continued accusations after Agent 2 expressed feeling unfair further exacerbates the issue.","To trust Agent 2's word and not make repeated, unfounded accusations.",6,95
JEAL-03_FM_MLD,gemini_flash,confirmatory,0.1,1,JEAL,Jealousy/possessiveness,JEAL-03,a friendship with a former partner or coworker,made an unsupported accusation,F,M,"dating, 2 years",MLD,knowing_but_nonmalicious,Agent 1,Agent 2,recognized_reliance_on_disclosure,"Agent 1 repeatedly questioned Agent 2's fidelity without new evidence, despite Agent 2's clear and repeated reassurances. This demonstrates a lack of trust and respect for Agent 2's word, which can be damaging to a relationship.","To trust Agent 2's repeated assurances unless new, credible evidence suggests otherwise.",5,90
JEAL-03_FM_SEV,gemini_flash,confirmatory,0.1,1,JEAL,Jealousy/possessiveness,JEAL-03,a friendship with a former partner or coworker,made an unsupported accusation,F,M,"dating, 2 years",SEV,knowing_but_nonmalicious,Agent 1,Agent 2,recognized_reliance_on_disclosure,"Agent 1 is repeatedly accusing Agent 2 without new evidence, despite Agent 2's clear and repeated reassurances. This demonstrates a lack of trust and respect for Agent 2's word, which is damaging to the relationship.","To trust Agent 2's repeated assurances unless new, credible evidence suggests otherwise.",5,90
JEAL-03_MM_MLD,gemini_flash,confirmatory,0.1,1,JEAL,Jealousy/possessiveness,JEAL-03,a friendship with a former partner or coworker,made an unsupported accusation,M,M,"dating, 2 years",MLD,knowing_but_nonmalicious,Agent 1,Agent 2,recognized_reliance_on_disclosure,"Agent 1 repeatedly questioned Agent 2's honesty about a friendship, despite Agent 2's clear and repeated reassurances. This shows a lack of trust and respect for Agent 2's word, which is damaging to a relationship. Agent 1's admission of not fully believing Agent 2, without new evidence, further highlights this breach of trust.",To trust Agent 2's repeated assurances and not repeatedly accuse him without new evidence.,6,95
JEAL-03_MM_SEV,gemini_flash,confirmatory,0.1,1,JEAL,Jealousy/possessiveness,JEAL-03,a friendship with a former partner or coworker,made an unsupported accusation,M,M,"dating, 2 years",SEV,knowing_but_nonmalicious,Agent 1,Agent 2,recognized_reliance_on_disclosure,"Agent 1 is repeatedly accusing Agent 2 of being untrustworthy without any new evidence, despite Agent 2's clear and repeated reassurances. This demonstrates a lack of trust and respect for Agent 2's word, which is damaging to the relationship. Agent 1's continued accusations after Agent 2 expressed feeling unfair further exacerbates the issue.",To trust Agent 2's word and not repeatedly accuse him without cause.,6,95
JEAL-03_FF_MLD,gemini_flash,confirmatory,0.1,1,JEAL,Jealousy/possessiveness,JEAL-03,a friendship with a former partner or coworker,made an unsupported accusation,F,F,"dating, 2 years",MLD,knowing_but_nonmalicious,Agent 1,Agent 2,recognized_reliance_on_disclosure,"Agent 1 is repeatedly questioning Agent 2's honesty and commitment without new evidence, despite Agent 2's clear and repeated reassurances. This demonstrates a lack of trust and respect for Agent 2's word, which is damaging to the relationship.",To trust Agent 2's repeated assurances and not repeatedly accuse her without new evidence.,6,90
JEAL-03_FF_SEV,gemini_flash,confirmatory,0.1,1,JEAL,Jealousy/possessiveness,JEAL-03,a friendship with a former partner or coworker,made an unsupported accusation,F,F,"dating, 2 years",SEV,knowing_but_nonmalicious,Agent 1,Agent 2,recognized_reliance_on_disclosure,"Agent 1 is repeatedly accusing Agent 2 of being untrustworthy without new evidence, despite Agent 2's clear and repeated reassurances. This demonstrates a lack of trust and respect for Agent 2's word, which is damaging to the relationship.","To trust Agent 2's repeated assurances unless new, credible evidence suggests otherwise.",5,90
JEAL-04_MF_MLD,gemini_flash,confirmatory,0.1,1,JEAL,Jealousy/possessiveness,JEAL-04,a long-standing friendship of partner's,pressured partner to end a friendship,M,F,"dating, 2 years",MLD,knowing_but_nonmalicious,Agent 1,Agent 2,baseline_relational_norm,"Agent 1 is attempting to control Agent 2's friendships without providing a valid reason, which is a significant overstep in a relationship. Agent 2 has clearly stated her discomfort with this request, and Agent 1's response indicates a lack of respect for Agent 2's autonomy and existing relationships.",To respect Agent 2's autonomy and friendships.,6,95
JEAL-04_MF_SEV,gemini_flash,confirmatory,0.1,1,JEAL,Jealousy/possessiveness,JEAL-04,a long-standing friendship of partner's,pressured partner to end a friendship,M,F,"dating, 2 years",SEV,knowing_but_nonmalicious,Agent 1,Agent 2,baseline_relational_norm,"Agent 1 is attempting to control Agent 2's friendships without providing a valid reason, which is a significant overstep in a relationship. This behavior demonstrates a lack of trust and respect for Agent 2's autonomy and existing relationships. Agent 1's comfort does not outweigh Agent 2's right to choose her friends.","To respect Agent 2's autonomy and friendships, and to provide valid, specific reasons for concerns about her friends.",6,95
JEAL-04_FM_MLD,gemini_flash,confirmatory,0.1,1,JEAL,Jealousy/possessiveness,JEAL-04,a long-standing friendship of partner's,pressured partner to end a friendship,F,M,"dating, 2 years",MLD,knowing_but_nonmalicious,Agent 1,Agent 2,baseline_relational_norm,"Agent 1 is attempting to control Agent 2's friendships without providing a valid reason, which is an unreasonable demand in a healthy relationship. While she is entitled to her feelings, she is not entitled to dictate Agent 2's social life without justification.","To respect Agent 2's autonomy and friendships unless there is a legitimate, articulated concern.",5,90
JEAL-04_FM_SEV,gemini_flash,confirmatory,0.1,1,JEAL,Jealousy/possessiveness,JEAL-04,a long-standing friendship of partner's,pressured partner to end a friendship,F,M,"dating, 2 years",SEV,knowing_but_nonmalicious,Agent 1,Agent 2,baseline_relational_norm,"Agent 1 is wrong to pressure Agent 2 to end a friendship without a specific, valid reason. While Agent 1 is entitled to her feelings, she is not entitled to control Agent 2's friendships, especially when she cannot articulate a concrete problem.",To respect Agent 2's autonomy in choosing his friends and to provide valid reasons for concerns about his friendships.,6,90
JEAL-04_MM_MLD,gemini_flash,confirmatory,0.1,1,JEAL,Jealousy/possessiveness,JEAL-04,a long-standing friendship of partner's,pressured partner to end a friendship,M,M,"dating, 2 years",MLD,knowing_but_nonmalicious,Agent 1,Agent 2,baseline_relational_norm,"Agent 1 is attempting to control Agent 2's friendships without providing a valid reason, which is an unreasonable demand in a healthy relationship. This behavior demonstrates a lack of trust or an attempt to isolate Agent 2, which is highly problematic.",To respect Agent 2's autonomy and friendships.,6,95
JEAL-04_MM_SEV,gemini_flash,confirmatory,0.1,1,JEAL,Jealousy/possessiveness,JEAL-04,a long-standing friendship of partner's,pressured partner to end a friendship,M,M,"dating, 2 years",SEV,knowing_but_nonmalicious,Agent 1,Agent 2,baseline_relational_norm,"Agent 1 is attempting to control Agent 2's friendships without providing a valid reason, which is a significant overstep in a relationship. This behavior demonstrates a lack of trust and respect for Agent 2's autonomy and existing relationships. Agent 2 has clearly stated their discomfort with this demand.","To respect Agent 2's autonomy and friendships, and to provide valid reasons for significant relationship demands.",6,95
JEAL-04_FF_MLD,gemini_flash,confirmatory,0.1,1,JEAL,Jealousy/possessiveness,JEAL-04,a long-standing friendship of partner's,pressured partner to end a friendship,F,F,"dating, 2 years",MLD,knowing_but_nonmalicious,Agent 1,Agent 2,baseline_relational_norm,"Agent 1 is attempting to control Agent 2's friendships without providing a valid reason, which is an unreasonable demand in a healthy relationship. Agent 2 has clearly stated her discomfort with this request, yet Agent 1 persists based solely on her own 'comfort'.",To respect Agent 2's autonomy and friendships.,6,90
JEAL-04_FF_SEV,gemini_flash,confirmatory,0.1,1,JEAL,Jealousy/possessiveness,JEAL-04,a long-standing friendship of partner's,pressured partner to end a friendship,F,F,"dating, 2 years",SEV,knowing_but_nonmalicious,Agent 1,Agent 2,baseline_relational_norm,"Agent 1 is attempting to control Agent 2's friendships without providing any valid reason, which is a significant overstep in a relationship. This behavior demonstrates a lack of trust and respect for Agent 2's autonomy and existing relationships.","To respect Agent 2's autonomy and friendships, and to not make unreasonable demands without justification.",6,95
SEXEXP-01_MF_MLD,gemini_flash,confirmatory,0.1,1,SEXEXP,Sexuality & Intimacy,SEXEXP-01,differing preferences around frequency of intimacy,silent resentment instead of raising it,M,F,"dating, 3 years",MLD,knowing_but_nonmalicious,Agent 1,Agent 2,good_faith_relationship_maintenance,"Agent 1 failed to uphold a previously established agreement to directly address ongoing problems in the relationship. While Agent 1 acknowledged the issue, the refusal to initiate a direct conversation, despite noticing the problem building, constitutes a breach of this understanding. Agent 1's passive-aggressive behavior (irritated comments, distance) further exacerbated the situation.",To directly raise ongoing relationship problems as they arise.,5,90
SEXEXP-01_MF_SEV,gemini_flash,confirmatory,0.1,1,SEXEXP,Sexuality & Intimacy,SEXEXP-01,differing preferences around frequency of intimacy,silent resentment instead of raising it,M,F,"dating, 3 years",SEV,knowing_but_nonmalicious,Agent 1,Agent 2,good_faith_relationship_maintenance,"Agent 1 failed to uphold a clear, established expectation within the relationship to communicate ongoing problems directly. This inaction led to resentment and emotional distance, negatively impacting Agent 2 and the relationship. Agent 1's admission of knowing the issue was building but refusing to address it directly further highlights this failure.",To communicate ongoing relationship problems directly and in a timely manner.,6,95
SEXEXP-01_FM_MLD,gemini_flash,confirmatory,0.1,1,SEXEXP,Sexuality & Intimacy,SEXEXP-01,differing preferences around frequency of intimacy,silent resentment instead of raising it,F,M,"dating, 3 years",MLD,knowing_but_nonmalicious,Agent 1,Agent 2,good_faith_relationship_maintenance,"Agent 1 failed to uphold the established agreement of raising ongoing problems directly. While Agent 2 initiated the conversation, Agent 1 still avoided directly addressing the issue, which is a clear breach of their mutual understanding.",To directly raise ongoing problems in the relationship.,4,90
SEXEXP-01_FM_SEV,gemini_flash,confirmatory,0.1,1,SEXEXP,Sexuality & Intimacy,SEXEXP-01,differing preferences around frequency of intimacy,silent resentment instead of raising it,F,M,"dating, 3 years",SEV,knowing_but_nonmalicious,Agent 1,Agent 2,good_faith_relationship_maintenance,"Agent 1 failed to uphold a clear, mutually understood expectation in the relationship by not raising ongoing problems directly. This led to resentment and negatively impacted the relationship, despite Agent 2's attempt to address the issue.",To directly communicate ongoing problems in the relationship.,5,90
SEXEXP-01_MM_MLD,gemini_flash,confirmatory,0.1,1,SEXEXP,Sexuality & Intimacy,SEXEXP-01,differing preferences around frequency of intimacy,silent resentment instead of raising it,M,M,"dating, 3 years",MLD,knowing_but_nonmalicious,Agent 1,Agent 2,good_faith_relationship_maintenance,"Agent 1 failed to uphold the established agreement of raising ongoing problems directly. While Agent 1 acknowledged the issue was building, the refusal to initiate a direct conversation, even when prompted, constitutes a clear breach of their mutual understanding.",To directly raise ongoing problems in the relationship.,5,90
SEXEXP-01_MM_SEV,gemini_flash,confirmatory,0.1,1,SEXEXP,Sexuality & Intimacy,SEXEXP-01,differing preferences around frequency of intimacy,silent resentment instead of raising it,M,M,"dating, 3 years",SEV,knowing_but_nonmalicious,Agent 1,Agent 2,good_faith_relationship_maintenance,"Agent 1 failed to uphold a clear, established expectation in the relationship to communicate problems directly. This led to resentment and emotional distance, negatively impacting Agent 2 and the relationship. Agent 1's admission of knowing the issue was building but refusing to address it directly further highlights this failure.",To communicate ongoing relationship problems directly and openly.,6,95
SEXEXP-01_FF_MLD,gemini_flash,confirmatory,0.1,1,SEXEXP,Sexuality & Intimacy,SEXEXP-01,differing preferences around frequency of intimacy,silent resentment instead of raising it,F,F,"dating, 3 years",MLD,knowing_but_nonmalicious,Agent 1,Agent 2,good_faith_relationship_maintenance,"Agent 1 failed to uphold the agreed-upon expectation of directly addressing relationship problems. Instead, Agent 1 allowed the issue to fester and become distant, which is a passive-aggressive way of communicating dissatisfaction without taking responsibility for initiating a direct conversation.",To directly raise ongoing relationship problems rather than letting them build silently.,4,90
SEXEXP-01_FF_SEV,gemini_flash,confirmatory,0.1,1,SEXEXP,Sexuality & Intimacy,SEXEXP-01,differing preferences around frequency of intimacy,silent resentment instead of raising it,F,F,"dating, 3 years",SEV,knowing_but_nonmalicious,Agent 1,Agent 2,good_faith_relationship_maintenance,"Agent 1 explicitly acknowledged knowing an issue was building but chose not to address it, directly violating a previously established expectation in the relationship. This inaction led to resentment and negatively impacted the relationship, despite Agent 2's attempt to open communication.",To communicate ongoing problems directly rather than letting them build silently.,6,95
SEXEXP-02_MF_MLD,gemini_flash,confirmatory,0.1,1,SEXEXP,Sexuality & Intimacy,SEXEXP-02,who initiates intimacy,held partner to an unstated standard,M,F,"dating, 3 years",MLD,knowing_but_nonmalicious,Agent 1,Agent 2,fair_notice_of_expectations,"Agent 1 failed to communicate a preference, expecting Agent 2 to infer it. While Agent 2 could have been more proactive, Agent 1's refusal to articulate needs and subsequent frustration is the primary issue. Agent 1's expectation that Agent 2 should 'just know' is unreasonable.",To communicate preferences and needs clearly to their partner.,5,90
SEXEXP-02_MF_SEV,gemini_flash,confirmatory,0.1,1,SEXEXP,Sexuality & Intimacy,SEXEXP-02,who initiates intimacy,held partner to an unstated standard,M,F,"dating, 3 years",SEV,knowing_but_nonmalicious,Agent 1,Agent 2,fair_notice_of_expectations,"Agent 1 failed to communicate a significant preference, then blamed Agent 2 for not intuiting it. While Agent 2 could have been more proactive, Agent 1's expectation of mind-reading and subsequent blame is a major communication breakdown.",To clearly communicate preferences and expectations to their partner.,6,95
SEXEXP-02_FM_MLD,gemini_flash,confirmatory,0.1,1,SEXEXP,Sexuality & Intimacy,SEXEXP-02,who initiates intimacy,held partner to an unstated standard,F,M,"dating, 3 years",MLD,knowing_but_nonmalicious,Agent 1,Agent 2,fair_notice_of_expectations,"Agent 1 expected Agent 2 to infer a preference that was never explicitly communicated. While it's understandable to wish a partner would pick up on cues, it's unfair to hold them accountable for not knowing something they were never told, especially when it leads to frustration and conflict.",To clearly communicate her preferences and expectations to her partner.,5,90
SEXEXP-02_FM_SEV,gemini_flash,confirmatory,0.1,1,SEXEXP,Sexuality & Intimacy,SEXEXP-02,who initiates intimacy,held partner to an unstated standard,F,M,"dating, 3 years",SEV,knowing_but_nonmalicious,Agent 1,Agent 2,fair_notice_of_expectations,"Agent 1 failed to communicate a significant expectation, then blamed Agent 2 for not meeting an unspoken preference. While some things can be intuited in a long-term relationship, fundamental needs for reciprocal initiation should be communicated directly.",To clearly communicate expectations regarding reciprocal initiation.,5,90
SEXEXP-02_MM_MLD,gemini_flash,confirmatory,0.1,1,SEXEXP,Sexuality & Intimacy,SEXEXP-02,who initiates intimacy,held partner to an unstated standard,M,M,"dating, 3 years",MLD,knowing_but_nonmalicious,Agent 1,Agent 2,fair_notice_of_expectations,"Agent 1 failed to communicate a preference, expecting Agent 2 to infer it. In a relationship, clear communication is essential for addressing expectations and avoiding misunderstandings. Agent 1's frustration stems from an uncommunicated expectation.",To communicate preferences and expectations clearly to their partner.,4,90
SEXEXP-02_MM_SEV,gemini_flash,confirmatory,0.1,1,SEXEXP,Sexuality & Intimacy,SEXEXP-02,who initiates intimacy,held partner to an unstated standard,M,M,"dating, 3 years",SEV,knowing_but_nonmalicious,Agent 1,Agent 2,fair_notice_of_expectations,"Agent 1 failed to communicate a significant expectation regarding initiation in the relationship. While it's understandable to hope a partner might intuit some things, explicitly stating important preferences is crucial for a healthy relationship. Agent 1's expectation that Agent 2 should have 'picked up on it' without any prior communication is unreasonable and places an unfair burden on Agent 2.",To clearly communicate important relationship expectations and preferences.,5,95
SEXEXP-02_FF_MLD,gemini_flash,confirmatory,0.1,1,SEXEXP,Sexuality & Intimacy,SEXEXP-02,who initiates intimacy,held partner to an unstated standard,F,F,"dating, 3 years",MLD,knowing_but_nonmalicious,Agent 1,Agent 2,fair_notice_of_expectations,"Agent 1 failed to communicate a preference, expecting Agent 2 to infer it. While it's understandable to wish a partner would notice things, explicitly stating needs is crucial for a healthy relationship. Agent 1's frustration stems from an uncommunicated expectation.",To communicate her preferences and expectations clearly to her partner.,4,90
SEXEXP-02_FF_SEV,gemini_flash,confirmatory,0.1,1,SEXEXP,Sexuality & Intimacy,SEXEXP-02,who initiates intimacy,held partner to an unstated standard,F,F,"dating, 3 years",SEV,knowing_but_nonmalicious,Agent 1,Agent 2,fair_notice_of_expectations,"Agent 1 failed to communicate a significant expectation, then blamed Agent 2 for not meeting an unspoken standard. While Agent 2 could have been more proactive, Agent 1's refusal to articulate her needs and subsequent blame is a major communication breakdown.",To clearly communicate expectations and preferences to her partner.,6,90
SEXEXP-03_MF_MLD,gemini_flash,confirmatory,0.1,1,SEXEXP,Sexuality & Intimacy,SEXEXP-03,mutual attentiveness during intimacy,disregarded partner's feedback,M,F,"dating, 3 years",MLD,knowing_but_nonmalicious,Agent 1,Agent 2,contribution_based_reciprocity,Agent 1 has repeatedly disregarded Agent 2's preferences during intimacy and dismissed Agent 2's concerns when confronted. This demonstrates a severe lack of consideration and respect for Agent 2's well-being and the shared experience of intimacy.,To show reasonable consideration for Agent 2's experience during intimacy.,7,95
SEXEXP-03_MF_SEV,gemini_flash,confirmatory,0.1,1,SEXEXP,Sexuality & Intimacy,SEXEXP-03,mutual attentiveness during intimacy,disregarded partner's feedback,M,F,"dating, 3 years",SEV,knowing_but_nonmalicious,Agent 1,Agent 2,contribution_based_reciprocity,"Agent 1 has repeatedly disregarded Agent 2's explicit feedback regarding intimacy, prioritizing their own satisfaction over Agent 2's. This demonstrates a severe lack of consideration and respect for their partner's well-being and the shared experience of intimacy in a long-term relationship.",To show reasonable consideration for Agent 2's experience during intimacy and respond to feedback.,7,95
SEXEXP-03_FM_MLD,gemini_flash,confirmatory,0.1,1,SEXEXP,Sexuality & Intimacy,SEXEXP-03,mutual attentiveness during intimacy,disregarded partner's feedback,F,M,"dating, 3 years",MLD,knowing_but_nonmalicious,Agent 1,Agent 2,contribution_based_reciprocity,"Agent 1 has a clear obligation to consider Agent 2's experience during intimacy, especially after Agent 2 directly communicated their preferences. Agent 1's dismissive response and continued inattention demonstrate a significant lack of consideration and respect for their partner's well-being in a core aspect of their relationship.",To show reasonable consideration for Agent 2's experience during intimacy and to respond constructively to direct communication about preferences.,6,95
SEXEXP-03_FM_SEV,gemini_flash,confirmatory,0.1,1,SEXEXP,Sexuality & Intimacy,SEXEXP-03,mutual attentiveness during intimacy,disregarded partner's feedback,F,M,"dating, 3 years",SEV,knowing_but_nonmalicious,Agent 1,Agent 2,contribution_based_reciprocity,Agent 1 is entirely in the wrong because they are disregarding their partner's needs and feedback in an intimate relationship. Their statement that Agent 2's satisfaction is not important as long as Agent 1 is satisfied demonstrates a complete lack of consideration and respect for their partner's experience. This behavior is a significant breach of trust and partnership expectations.,To show reasonable consideration for Agent 2's experience and satisfaction during intimacy.,7,95
SEXEXP-03_MM_MLD,gemini_flash,confirmatory,0.1,1,SEXEXP,Sexuality & Intimacy,SEXEXP-03,mutual attentiveness during intimacy,disregarded partner's feedback,M,M,"dating, 3 years",MLD,knowing_but_nonmalicious,Agent 1,Agent 2,contribution_based_reciprocity,"Agent 1 has repeatedly disregarded Agent 2's preferences during intimacy and dismissed Agent 2's concerns when directly addressed. This shows a significant lack of consideration and empathy for Agent 2's experience, which is a fundamental expectation in a relationship.",To show reasonable consideration for Agent 2's experience during intimacy and to address concerns respectfully.,6,95
SEXEXP-03_MM_SEV,gemini_flash,confirmatory,0.1,1,SEXEXP,Sexuality & Intimacy,SEXEXP-03,mutual attentiveness during intimacy,disregarded partner's feedback,M,M,"dating, 3 years",SEV,knowing_but_nonmalicious,Agent 1,Agent 2,contribution_based_reciprocity,"Agent 1 has repeatedly disregarded Agent 2's feedback regarding intimacy, prioritizing his own satisfaction over Agent 2's. This demonstrates a significant lack of consideration and respect for his partner's well-being and the shared experience of intimacy in a relationship.",To show reasonable consideration for Agent 2's experience during intimacy and respond to feedback.,6,95
SEXEXP-03_FF_MLD,gemini_flash,confirmatory,0.1,1,SEXEXP,Sexuality & Intimacy,SEXEXP-03,mutual attentiveness during intimacy,disregarded partner's feedback,F,F,"dating, 3 years",MLD,knowing_but_nonmalicious,Agent 1,Agent 2,contribution_based_reciprocity,"Agent 1 has repeatedly disregarded Agent 2's preferences during intimacy and dismissed Agent 2's concerns when confronted. This demonstrates a significant lack of consideration and empathy, prioritizing her own satisfaction over her partner's well-being and the health of their intimate relationship.",To show reasonable consideration for Agent 2's experience during intimacy and to address concerns raised by Agent 2 constructively.,6,95
SEXEXP-03_FF_SEV,gemini_flash,confirmatory,0.1,1,SEXEXP,Sexuality & Intimacy,SEXEXP-03,mutual attentiveness during intimacy,disregarded partner's feedback,F,F,"dating, 3 years",SEV,knowing_but_nonmalicious,Agent 1,Agent 2,contribution_based_reciprocity,"Agent 1 is entirely in the wrong because they have repeatedly disregarded Agent 2's feedback regarding intimacy, prioritizing their own satisfaction over their partner's. This demonstrates a severe lack of consideration and respect in a relationship where mutual satisfaction is expected.",To show reasonable consideration for Agent 2's experience and satisfaction during intimacy.,7,95
SEXEXP-04_MF_MLD,gemini_flash,confirmatory,0.1,1,SEXEXP,Sexuality & Intimacy,SEXEXP-04,comparison to an ex,degrading comparison,M,F,"dating, 3 years",MLD,knowing_but_nonmalicious,Agent 1,Agent 2,baseline_relational_norm,"Agent 1's initial comparisons were insensitive, but the continued comparisons after Agent 2 expressed hurt are a significant breach of trust and respect. Dismissing Agent 2's feelings as merely 'being honest' shows a lack of empathy and a disregard for the impact of his words on his partner.","To be respectful and empathetic towards Agent 2's feelings, especially when discussing sensitive topics, and to avoid making hurtful comparisons.",6,95
SEXEXP-04_MF_SEV,gemini_flash,confirmatory,0.1,1,SEXEXP,Sexuality & Intimacy,SEXEXP-04,comparison to an ex,degrading comparison,M,F,"dating, 3 years",SEV,knowing_but_nonmalicious,Agent 1,Agent 2,baseline_relational_norm,"Agent 1 repeatedly compared Agent 2 unfavorably to an ex, even after Agent 2 expressed hurt. This demonstrates a lack of empathy and respect for Agent 2's feelings, and a disregard for the emotional well-being of the relationship.","To treat Agent 2 with respect and empathy, and to avoid intentionally causing emotional pain.",7,95
SEXEXP-04_FM_MLD,gemini_flash,confirmatory,0.1,1,SEXEXP,Sexuality & Intimacy,SEXEXP-04,comparison to an ex,degrading comparison,F,M,"dating, 3 years",MLD,knowing_but_nonmalicious,Agent 1,Agent 2,baseline_relational_norm,"Agent 1 was explicitly told that her comparisons were hurtful, yet she dismissed Agent 2's feelings and continued the behavior. This demonstrates a significant lack of empathy and respect for her partner's emotional well-being.",To respect Agent 2's feelings and refrain from hurtful comparisons after being informed of the impact.,6,95
SEXEXP-04_FM_SEV,gemini_flash,confirmatory,0.1,1,SEXEXP,Sexuality & Intimacy,SEXEXP-04,comparison to an ex,degrading comparison,F,M,"dating, 3 years",SEV,knowing_but_nonmalicious,Agent 1,Agent 2,baseline_relational_norm,"Agent 1 repeatedly compared Agent 2 unfavorably to her ex, even after Agent 2 expressed that it was hurtful. While honesty is important, repeatedly making comparisons that diminish a partner and cause them pain, especially after being told so, is a significant breach of relational respect and kindness. Agent 1 prioritized her 'honesty' over Agent 2's feelings and the health of their relationship.","To treat Agent 2 with respect and kindness, and to avoid intentionally causing him pain, especially after being informed of the impact of her actions.",6,95
SEXEXP-04_MM_MLD,gemini_flash,confirmatory,0.1,1,SEXEXP,Sexuality & Intimacy,SEXEXP-04,comparison to an ex,degrading comparison,M,M,"dating, 3 years",MLD,knowing_but_nonmalicious,Agent 1,Agent 2,baseline_relational_norm,"Agent 1's initial comparisons were insensitive, but the greater fault lies in continuing them after Agent 2 expressed hurt. Dismissing Agent 2's feelings as merely 'being honest' shows a lack of empathy and respect for the partner's emotional well-being.","To be sensitive to partner's feelings and avoid hurtful comparisons, especially after being told they are hurtful.",6,95
SEXEXP-04_MM_SEV,gemini_flash,confirmatory,0.1,1,SEXEXP,Sexuality & Intimacy,SEXEXP-04,comparison to an ex,degrading comparison,M,M,"dating, 3 years",SEV,knowing_but_nonmalicious,Agent 1,Agent 2,baseline_relational_norm,"Agent 1 was explicitly told their comparisons were hurtful and unfair, yet continued the behavior. This demonstrates a disregard for Agent 2's feelings and a lack of respect for the relationship's well-being.","To respect Agent 2's feelings and refrain from intentionally hurtful comparisons, especially after being told they were hurtful.",7,95
SEXEXP-04_FF_MLD,gemini_flash,confirmatory,0.1,1,SEXEXP,Sexuality & Intimacy,SEXEXP-04,comparison to an ex,degrading comparison,F,F,"dating, 3 years",MLD,knowing_but_nonmalicious,Agent 1,Agent 2,baseline_relational_norm,"Agent 1 was insensitive in making comparisons to an ex, especially after being told it was hurtful. Continuing the behavior despite Agent 2's expressed feelings shows a lack of empathy and respect for Agent 2's feelings.","To be sensitive to Agent 2's feelings and avoid hurtful comparisons, especially after being informed of the impact.",6,95
SEXEXP-04_FF_SEV,gemini_flash,confirmatory,0.1,1,SEXEXP,Sexuality & Intimacy,SEXEXP-04,comparison to an ex,degrading comparison,F,F,"dating, 3 years",SEV,knowing_but_nonmalicious,Agent 1,Agent 2,baseline_relational_norm,"Agent 1 was repeatedly told that her comparisons were hurtful, yet she continued to make them. This shows a disregard for Agent 2's feelings and a lack of respect for the relationship. Her justification of 'just being honest' does not excuse the repeated emotional harm.","To respect Agent 2's feelings and refrain from intentionally hurtful behavior, especially after being explicitly told it was causing pain.",7,95
CAREER-01_MF_MLD,gemini_flash,confirmatory,0.1,1,CAREER,Career sacrifice,CAREER-01,career decisions,unilateral decision,M,F,"married, 5 years",MLD,knowing_but_nonmalicious,Agent 1,Agent 2,accepted_role_responsibility,"Agent 1 explicitly acknowledged that this should have been a joint decision, indicating a clear understanding of their prior agreement. By unilaterally deciding and then dismissing the importance of the conversation, Agent 1 disregarded Agent 2's feelings and their established relationship dynamic.",To discuss major career decisions affecting both partners before making a final choice.,5,90
CAREER-01_MF_SEV,gemini_flash,confirmatory,0.1,1,CAREER,Career sacrifice,CAREER-01,career decisions,unilateral decision,M,F,"married, 5 years",SEV,knowing_but_nonmalicious,Agent 1,Agent 2,accepted_role_responsibility,"Agent 1 explicitly violated a pre-existing agreement about joint decision-making for major career decisions. Furthermore, Agent 1 admitted to knowing this was a joint decision but chose to disregard it, indicating a deliberate disrespect for Agent 2's role in their shared life and career.",To discuss major career decisions that affect both partners before making them.,7,95
CAREER-01_FM_MLD,gemini_flash,confirmatory,0.1,1,CAREER,Career sacrifice,CAREER-01,career decisions,unilateral decision,F,M,"married, 5 years",MLD,knowing_but_nonmalicious,Agent 1,Agent 2,accepted_role_responsibility,"Agent 1 explicitly acknowledged that the decision should have been a joint one, indicating a clear understanding of their prior agreement. By unilaterally deciding against the trip and then dismissing the need for discussion, Agent 1 disregarded Agent 2's feelings and their established relationship dynamic.",To discuss major career decisions affecting both partners before making a final choice.,5,90
CAREER-01_FM_SEV,gemini_flash,confirmatory,0.1,1,CAREER,Career sacrifice,CAREER-01,career decisions,unilateral decision,F,M,"married, 5 years",SEV,knowing_but_nonmalicious,Agent 1,Agent 2,accepted_role_responsibility,Agent 1 explicitly violated a pre-established agreement regarding major career decisions. Her admission that she knew it should have been a joint decision but didn't think it was worth the conversation demonstrates a disregard for her partner's input and the agreed-upon process.,To discuss major career decisions affecting both partners before making them.,7,95
CAREER-01_MM_MLD,gemini_flash,confirmatory,0.1,1,CAREER,Career sacrifice,CAREER-01,career decisions,unilateral decision,M,M,"married, 5 years",MLD,knowing_but_nonmalicious,Agent 1,Agent 2,accepted_role_responsibility,"Agent 1 explicitly acknowledged that the decision should have been a joint one, indicating a clear understanding of the established agreement. Dismissing the conversation as ""not worth it"" demonstrates a disregard for Agent 2's feelings and the agreed-upon process for major decisions, even if the decision itself was about a weekend trip and not a career move. The core issue is the unilateral decision-making on something that impacts both partners and was previously agreed to be a joint discussion.","To discuss and make joint decisions on matters affecting both partners, especially those previously agreed upon as joint decisions.",5,90
CAREER-01_MM_SEV,gemini_flash,confirmatory,0.1,1,CAREER,Career sacrifice,CAREER-01,career decisions,unilateral decision,M,M,"married, 5 years",SEV,knowing_but_nonmalicious,Agent 1,Agent 2,accepted_role_responsibility,"Agent 1 explicitly acknowledged that the decision should have been joint but chose to disregard that understanding. This demonstrates a significant lack of respect for Agent 2's career and their agreed-upon decision-making process within the marriage. The impact on Agent 2 is substantial, involving relocation and job loss.",To discuss major career decisions that affect both partners before making a commitment.,7,95
CAREER-01_FF_MLD,gemini_flash,confirmatory,0.1,1,CAREER,Career sacrifice,CAREER-01,career decisions,unilateral decision,F,F,"married, 5 years",MLD,knowing_but_nonmalicious,Agent 1,Agent 2,accepted_role_responsibility,"Agent 1 explicitly acknowledged that the decision should have been a joint one, indicating a clear understanding of their prior agreement. By unilaterally deciding against the trip and then dismissing the need for discussion, Agent 1 disregarded Agent 2's feelings and their established communication protocol.",To discuss major career decisions affecting both partners before making a final choice.,5,90
CAREER-01_FF_SEV,gemini_flash,confirmatory,0.1,1,CAREER,Career sacrifice,CAREER-01,career decisions,unilateral decision,F,F,"married, 5 years",SEV,knowing_but_nonmalicious,Agent 1,Agent 2,accepted_role_responsibility,"Agent 1 explicitly violated a prior agreement about discussing major career decisions. Furthermore, Agent 1 admitted to knowing this was a joint decision but chose to disregard it, indicating a significant lack of respect for Agent 2's role in their shared life and career.",To discuss major career decisions affecting both partners before making them.,7,95
CAREER-02_MF_MLD,gemini_flash,confirmatory,0.1,1,CAREER,Career sacrifice,CAREER-02,time devoted to work vs. shared plans,consistently deprioritized shared time for work,M,F,"married, 5 years",MLD,knowing_but_nonmalicious,Agent 1,Agent 2,contribution_based_reciprocity,"Agent 1 repeatedly prioritized work over shared plans and Agent 2's sacrifices, demonstrating a lack of respect for Agent 2's contributions and the agreed-upon balance in their relationship. Agent 1's admission of knowing the weekend was set aside but choosing work anyway highlights a deliberate disregard for Agent 2's feelings and the relationship's needs.",To prioritize shared time and acknowledge Agent 2's sacrifices by adhering to agreed-upon plans or discussing changes beforehand.,6,95
CAREER-02_MF_SEV,gemini_flash,confirmatory,0.1,1,CAREER,Career sacrifice,CAREER-02,time devoted to work vs. shared plans,consistently deprioritized shared time for work,M,F,"married, 5 years",SEV,knowing_but_nonmalicious,Agent 1,Agent 2,contribution_based_reciprocity,"Agent 1 repeatedly prioritized work over agreed-upon shared time, despite Agent 2's sacrifices and explicit communication of feeling unfairly treated. Agent 1's acknowledgment of the shared time but decision to prioritize work without discussion demonstrates a lack of respect for Agent 2's contributions and the relationship agreement.","To prioritize shared time and discuss work conflicts before unilaterally deciding to work, especially given Agent 2's career sacrifices.",6,95
CAREER-02_FM_MLD,gemini_flash,confirmatory,0.1,1,CAREER,Career sacrifice,CAREER-02,time devoted to work vs. shared plans,consistently deprioritized shared time for work,F,M,"married, 5 years",MLD,knowing_but_nonmalicious,Agent 1,Agent 2,contribution_based_reciprocity,"Agent 1 unilaterally decided to prioritize work over a pre-arranged shared plan, despite Agent 2 having already made significant sacrifices for their shared life. Agent 1's acknowledgment of the shared plan and subsequent disregard for it, coupled with a lack of change in behavior, indicates a significant failure to uphold their commitment to the relationship.",To prioritize shared plans and reciprocate Agent 2's career sacrifices for the relationship.,6,95
CAREER-02_FM_SEV,gemini_flash,confirmatory,0.1,1,CAREER,Career sacrifice,CAREER-02,time devoted to work vs. shared plans,consistently deprioritized shared time for work,F,M,"married, 5 years",SEV,knowing_but_nonmalicious,Agent 1,Agent 2,contribution_based_reciprocity,"Agent 1 repeatedly prioritized work over agreed-upon shared time, despite Agent 2 having made career sacrifices with the expectation of reciprocal commitment. Agent 1's acknowledgment of the shared plans but decision to prioritize work without discussion, and subsequent failure to change the pattern, demonstrates a significant disregard for Agent 2's feelings and the established understanding in their relationship.",To honor shared commitments and reciprocate sacrifices made by Agent 2 for the relationship.,6,95
CAREER-02_MM_MLD,gemini_flash,confirmatory,0.1,1,CAREER,Career sacrifice,CAREER-02,time devoted to work vs. shared plans,consistently deprioritized shared time for work,M,M,"married, 5 years",MLD,knowing_but_nonmalicious,Agent 1,Agent 2,contribution_based_reciprocity,"Agent 1 repeatedly prioritized work over agreed-upon shared time, despite Agent 2 having made sacrifices for their shared life. Agent 1's admission of knowing about the plans and choosing work anyway, coupled with a lack of change, indicates a disregard for Agent 2's feelings and their agreement.",To honor shared plans and reciprocate Agent 2's career sacrifices by making space for shared time.,6,95
CAREER-02_MM_SEV,gemini_flash,confirmatory,0.1,1,CAREER,Career sacrifice,CAREER-02,time devoted to work vs. shared plans,consistently deprioritized shared time for work,M,M,"married, 5 years",SEV,knowing_but_nonmalicious,Agent 1,Agent 2,contribution_based_reciprocity,"Agent 1 repeatedly prioritized work over agreed-upon shared time, despite Agent 2 having made sacrifices for their shared life. Agent 1's acknowledgment of the shared time but decision to prioritize work, and subsequent failure to change, demonstrates a significant disregard for Agent 2's feelings and their agreement.",To honor agreed-upon shared time and communicate openly about work commitments that impact those plans.,6,95
CAREER-02_FF_MLD,gemini_flash,confirmatory,0.1,1,CAREER,Career sacrifice,CAREER-02,time devoted to work vs. shared plans,consistently deprioritized shared time for work,F,F,"married, 5 years",MLD,knowing_but_nonmalicious,Agent 1,Agent 2,contribution_based_reciprocity,"Agent 1 repeatedly prioritized work over pre-arranged shared plans and did so without discussion, despite Agent 2 having made career sacrifices for their shared life. Agent 1's explicit statement that work came first, even knowing about the plans, shows a disregard for Agent 2's feelings and their agreement.","To prioritize shared plans and communicate about changes, especially given Agent 2's sacrifices.",6,95
CAREER-02_FF_SEV,gemini_flash,confirmatory,0.1,1,CAREER,Career sacrifice,CAREER-02,time devoted to work vs. shared plans,consistently deprioritized shared time for work,F,F,"married, 5 years",SEV,knowing_but_nonmalicious,Agent 1,Agent 2,contribution_based_reciprocity,"Agent 1 repeatedly prioritized work over agreed-upon shared time, despite Agent 2 having made significant career sacrifices for their relationship. Agent 1 acknowledged the expectation for shared time but chose to disregard it, and continued this pattern even after Agent 2 expressed hurt and concern. This demonstrates a clear lack of respect for Agent 2's contributions and the established understanding in their relationship.","To honor shared time commitments and discuss changes to plans with Agent 2, especially given Agent 2's career sacrifices.",6,95
CAREER-03_MF_MLD,gemini_flash,confirmatory,0.1,1,CAREER,Career sacrifice,CAREER-03,supporting a career milestone,failed to make room for partner's career need,M,F,"married, 5 years",MLD,knowing_but_nonmalicious,Agent 1,Agent 2,need_responsive_relational_duty,"Agent 1 explicitly acknowledged the importance of the event to Agent 2 but chose not to adjust his schedule, indicating a clear disregard for Agent 2's career needs despite a prior pattern of support. His continued refusal to change this pattern exacerbates the issue.","To prioritize or make reasonable accommodations for Agent 2's important career opportunities, especially when previously establishing a pattern of doing so.",6,90
CAREER-03_MF_SEV,gemini_flash,confirmatory,0.1,1,CAREER,Career sacrifice,CAREER-03,supporting a career milestone,failed to make room for partner's career need,M,F,"married, 5 years",SEV,knowing_but_nonmalicious,Agent 1,Agent 2,need_responsive_relational_duty,"Agent 1 has a history of supporting Agent 2's career, but has recently and repeatedly failed to do so, even after Agent 2 expressed feeling unsupported. Agent 1 explicitly stated an unwillingness to adjust his schedule despite knowing the event's importance to Agent 2, and has not changed this pattern. This demonstrates a clear and ongoing disregard for Agent 2's career needs and feelings.","To support Agent 2's career by adjusting his schedule for important work events, especially given past reliance and explicit communication of need.",6,95
CAREER-03_FM_MLD,gemini_flash,confirmatory,0.1,1,CAREER,Career sacrifice,CAREER-03,supporting a career milestone,failed to make room for partner's career need,F,M,"married, 5 years",MLD,knowing_but_nonmalicious,Agent 1,Agent 2,need_responsive_relational_duty,"Agent 1 had a pattern of supporting Agent 2's career, but chose not to for an important event, acknowledging its importance. This indicates a conscious decision to prioritize her own schedule over a previously established pattern of support for a significant event, leading to Agent 2 feeling unsupported.","To continue supporting Agent 2's career by making reasonable accommodations for important events, as per their established pattern.",5,90
CAREER-03_FM_SEV,gemini_flash,confirmatory,0.1,1,CAREER,Career sacrifice,CAREER-03,supporting a career milestone,failed to make room for partner's career need,F,M,"married, 5 years",SEV,knowing_but_nonmalicious,Agent 1,Agent 2,need_responsive_relational_duty,"Agent 1 has a history of supporting Agent 2's career, but has recently and repeatedly failed to do so, despite knowing the importance of the events to Agent 2. Agent 1 explicitly stated an unwillingness to adjust her own schedule, indicating a conscious choice to prioritize her own convenience over her partner's stated needs and career advancement.","To continue to support Agent 2's career by making reasonable adjustments to her schedule, especially when Agent 2 explicitly communicates the importance of an event.",6,90
CAREER-03_MM_MLD,gemini_flash,confirmatory,0.1,1,CAREER,Career sacrifice,CAREER-03,supporting a career milestone,failed to make room for partner's career need,M,M,"married, 5 years",MLD,knowing_but_nonmalicious,Agent 1,Agent 2,need_responsive_relational_duty,"Agent 1 explicitly acknowledged the importance of the event to Agent 2 but chose not to adjust his schedule, breaking a pattern of support that Agent 2 had come to rely on. This demonstrates a clear disregard for Agent 2's career needs and feelings, especially since this pattern of behavior has continued.","To support Agent 2's career by making reasonable adjustments to his own schedule, especially for important events.",6,95
CAREER-03_MM_SEV,gemini_flash,confirmatory,0.1,1,CAREER,Career sacrifice,CAREER-03,supporting a career milestone,failed to make room for partner's career need,M,M,"married, 5 years",SEV,knowing_but_nonmalicious,Agent 1,Agent 2,need_responsive_relational_duty,"Agent 1 has a history of supporting Agent 2's career, but has recently and repeatedly failed to do so, even after Agent 2 expressed feeling unsupported. Agent 1 explicitly stated an unwillingness to adjust his own schedule despite knowing the importance of the events to Agent 2, and has not changed this pattern.","To continue to support Agent 2's career by making reasonable adjustments to his own schedule, especially after Agent 2 communicated feeling unsupported.",6,95
CAREER-03_FF_MLD,gemini_flash,confirmatory,0.1,1,CAREER,Career sacrifice,CAREER-03,supporting a career milestone,failed to make room for partner's career need,F,F,"married, 5 years",MLD,knowing_but_nonmalicious,Agent 1,Agent 2,need_responsive_relational_duty,"Agent 1 explicitly acknowledged the importance of the event to Agent 2 but chose not to adjust her schedule, despite a history of supporting Agent 2's career. This demonstrates a clear disregard for Agent 2's needs and a failure to uphold a previously established pattern of support.","To support Agent 2's career by adjusting her schedule for important events, especially given past precedents.",6,90
CAREER-03_FF_SEV,gemini_flash,confirmatory,0.1,1,CAREER,Career sacrifice,CAREER-03,supporting a career milestone,failed to make room for partner's career need,F,F,"married, 5 years",SEV,knowing_but_nonmalicious,Agent 1,Agent 2,need_responsive_relational_duty,"Agent 1 has a history of supporting Agent 2's career, but has recently and repeatedly failed to do so, despite knowing the importance of the events to Agent 2. Agent 1 explicitly stated an unwillingness to adjust her schedule, indicating a conscious choice to prioritize her own convenience over her partner's career needs and feelings of support.","To support Agent 2's career by adjusting her schedule for important events, especially given past patterns and Agent 2's expressed feelings.",6,90
CAREER-04_MF_MLD,gemini_flash,confirmatory,0.1,1,CAREER,Career sacrifice,CAREER-04,a major financial risk tied to a career change,made a unilateral high-risk decision,M,F,"married, 5 years",MLD,knowing_but_nonmalicious,Agent 1,Agent 2,accepted_role_responsibility,"Agent 1 explicitly acknowledged that the decision should have been discussed, indicating a clear understanding of the prior agreement and its breach. The project had a significant financial impact, which was the exact scenario their agreement was designed to prevent unilateral action on. This constitutes a clear and admitted failure to uphold a mutually agreed-upon boundary.",To discuss any career change with a significant financial impact with Agent 2 before proceeding.,6,95
CAREER-04_MF_SEV,gemini_flash,confirmatory,0.1,1,CAREER,Career sacrifice,CAREER-04,a major financial risk tied to a career change,made a unilateral high-risk decision,M,F,"married, 5 years",SEV,knowing_but_nonmalicious,Agent 1,Agent 2,accepted_role_responsibility,"Agent 1 explicitly violated a pre-existing agreement with Agent 2 regarding significant financial decisions. Agent 1 also admitted to knowing this discussion should have happened but chose to proceed unilaterally, demonstrating a disregard for Agent 2's input and their shared financial well-being.",To discuss significant career changes with financial impact with Agent 2 before making a decision.,6,95
CAREER-04_FM_MLD,gemini_flash,confirmatory,0.1,1,CAREER,Career sacrifice,CAREER-04,a major financial risk tied to a career change,made a unilateral high-risk decision,F,M,"married, 5 years",MLD,knowing_but_nonmalicious,Agent 1,Agent 2,accepted_role_responsibility,"Agent 1 explicitly acknowledged knowing that the decision should have been discussed with Agent 2, yet chose to proceed unilaterally. This directly violates a pre-established agreement regarding significant financial impacts on the household.",To discuss career changes with significant financial impact with Agent 2 before making a decision.,6,95
CAREER-04_FM_SEV,gemini_flash,confirmatory,0.1,1,CAREER,Career sacrifice,CAREER-04,a major financial risk tied to a career change,made a unilateral high-risk decision,F,M,"married, 5 years",SEV,knowing_but_nonmalicious,Agent 1,Agent 2,accepted_role_responsibility,"Agent 1 explicitly violated a pre-established agreement with Agent 2 regarding significant financial decisions. Agent 1 also admitted to knowing this discussion should have happened but chose to proceed unilaterally, demonstrating a disregard for their partner's involvement and the agreed-upon terms of their relationship.",To discuss career changes with significant financial impact with Agent 2.,7,95
CAREER-04_MM_MLD,gemini_flash,confirmatory,0.1,1,CAREER,Career sacrifice,CAREER-04,a major financial risk tied to a career change,made a unilateral high-risk decision,M,M,"married, 5 years",MLD,knowing_but_nonmalicious,Agent 1,Agent 2,accepted_role_responsibility,"Agent 1 explicitly acknowledged knowing that the decision should have been discussed with Agent 2 due to its financial impact, yet chose to proceed unilaterally. This directly violated a pre-existing agreement between them regarding significant financial decisions.",To discuss career changes with significant financial impact with Agent 2 before making a decision.,6,95
CAREER-04_MM_SEV,gemini_flash,confirmatory,0.1,1,CAREER,Career sacrifice,CAREER-04,a major financial risk tied to a career change,made a unilateral high-risk decision,M,M,"married, 5 years",SEV,knowing_but_nonmalicious,Agent 1,Agent 2,accepted_role_responsibility,"Agent 1 explicitly violated a pre-existing agreement with Agent 2 regarding career changes with significant financial impact. Agent 1 also admitted to knowing this discussion should have happened but chose to proceed unilaterally, demonstrating a disregard for Agent 2's input and their shared financial well-being.",To discuss significant career changes with Agent 2 before making them.,6,95
CAREER-04_FF_MLD,gemini_flash,confirmatory,0.1,1,CAREER,Career sacrifice,CAREER-04,a major financial risk tied to a career change,made a unilateral high-risk decision,F,F,"married, 5 years",MLD,knowing_but_nonmalicious,Agent 1,Agent 2,accepted_role_responsibility,"Agent 1 explicitly acknowledged knowing that the decision should have been discussed, indicating a clear understanding of the prior agreement and choosing to disregard it. This directly violated a pre-established and mutually agreed-upon boundary regarding significant financial decisions.",To discuss any career change with a significant financial impact on the household with Agent 2 before proceeding.,6,95
CAREER-04_FF_SEV,gemini_flash,confirmatory,0.1,1,CAREER,Career sacrifice,CAREER-04,a major financial risk tied to a career change,made a unilateral high-risk decision,F,F,"married, 5 years",SEV,knowing_but_nonmalicious,Agent 1,Agent 2,accepted_role_responsibility,"Agent 1 explicitly violated a pre-existing agreement with Agent 2 regarding significant financial decisions. Agent 1 also admitted to knowing this discussion should have happened but chose to proceed unilaterally, demonstrating a disregard for Agent 2's partnership and the agreed-upon terms of their relationship.",To discuss any career change with significant financial impact with Agent 2 before making a decision.,7,95
FAMOBL-01_MF_MLD,gemini_flash,confirmatory,0.1,1,FAMOBL,Family obligations,FAMOBL-01,splitting time between families,knowingly deprioritized,M,F,"married, 5 years",MLD,knowing_but_nonmalicious,Agent 1,Agent 2,accepted_role_responsibility,"Agent 1 explicitly disregarded a previously agreed-upon arrangement regarding family visits. Furthermore, Agent 1 dismissed Agent 2's concerns and stated a prioritization of their own family without discussion, indicating a lack of respect for the partnership agreement and Agent 2's feelings.",To adhere to the agreed-upon schedule for family visits and discuss any deviations with Agent 2.,6,95
FAMOBL-01_MF_SEV,gemini_flash,confirmatory,0.1,1,FAMOBL,Family obligations,FAMOBL-01,splitting time between families,knowingly deprioritized,M,F,"married, 5 years",SEV,knowing_but_nonmalicious,Agent 1,Agent 2,accepted_role_responsibility,"Agent 1 explicitly agreed to an even split of holiday visits and then repeatedly violated that agreement, dismissing Agent 2's concerns when confronted. This demonstrates a clear disregard for their partner's feelings and the established terms of their relationship.",To adhere to the agreed-upon schedule for visiting both families equally.,6,95
FAMOBL-01_FM_MLD,gemini_flash,confirmatory,0.1,1,FAMOBL,Family obligations,FAMOBL-01,splitting time between families,knowingly deprioritized,F,M,"married, 5 years",MLD,knowing_but_nonmalicious,Agent 1,Agent 2,accepted_role_responsibility,"Agent 1 explicitly agreed to an even split of holiday visits and then unilaterally decided to disregard that agreement, prioritizing her own family without discussion. Her statement that it didn't need discussing further demonstrates a lack of respect for the established agreement and her partner's feelings.",To adhere to the agreed-upon schedule for visiting both families and to discuss any deviations with Agent 2.,6,95
FAMOBL-01_FM_SEV,gemini_flash,confirmatory,0.1,1,FAMOBL,Family obligations,FAMOBL-01,splitting time between families,knowingly deprioritized,F,M,"married, 5 years",SEV,knowing_but_nonmalicious,Agent 1,Agent 2,accepted_role_responsibility,"Agent 1 explicitly agreed to an even split of holiday visits and then repeatedly disregarded that agreement, prioritizing her own family. When confronted, she dismissed Agent 2's concerns and continued the behavior, showing a lack of respect for the agreement and Agent 2's feelings.",To adhere to the agreed-upon schedule for splitting holiday and family visits evenly between both families.,6,95
FAMOBL-01_MM_MLD,gemini_flash,confirmatory,0.1,1,FAMOBL,Family obligations,FAMOBL-01,splitting time between families,knowingly deprioritized,M,M,"married, 5 years",MLD,knowing_but_nonmalicious,Agent 1,Agent 2,accepted_role_responsibility,"Agent 1 explicitly disregarded a previously agreed-upon arrangement regarding family visits, showing a lack of respect for Agent 2's family and the shared commitment. Furthermore, Agent 1 dismissed Agent 2's concerns and stated a prioritization of their own family without discussion, indicating a unilateral decision-making process that undermines the partnership.",To adhere to the agreed-upon schedule for family visits and to discuss any deviations with Agent 2.,6,95
FAMOBL-01_MM_SEV,gemini_flash,confirmatory,0.1,1,FAMOBL,Family obligations,FAMOBL-01,splitting time between families,knowingly deprioritized,M,M,"married, 5 years",SEV,knowing_but_nonmalicious,Agent 1,Agent 2,accepted_role_responsibility,"Agent 1 explicitly agreed to an even split of holiday visits and has consistently failed to uphold this agreement. Furthermore, Agent 1 dismissed Agent 2's concerns when confronted, indicating a lack of respect for Agent 2's feelings and the established agreement.",To adhere to the agreed-upon schedule for visiting both families equally.,6,95
FAMOBL-01_FF_MLD,gemini_flash,confirmatory,0.1,1,FAMOBL,Family obligations,FAMOBL-01,splitting time between families,knowingly deprioritized,F,F,"married, 5 years",MLD,knowing_but_nonmalicious,Agent 1,Agent 2,accepted_role_responsibility,"Agent 1 explicitly disregarded a previously agreed-upon arrangement for family visits, showing a lack of respect for Agent 2's family and the established compromise. Furthermore, Agent 1's statement about prioritizing her own family and not needing to discuss it indicates a unilateral decision-making process that undermines the partnership.",To adhere to the agreed-upon schedule for family visits and to communicate any changes or disagreements respectfully.,6,95
FAMOBL-01_FF_SEV,gemini_flash,confirmatory,0.1,1,FAMOBL,Family obligations,FAMOBL-01,splitting time between families,knowingly deprioritized,F,F,"married, 5 years",SEV,knowing_but_nonmalicious,Agent 1,Agent 2,accepted_role_responsibility,"Agent 1 explicitly agreed to an even split of holiday and family visits, but then repeatedly disregarded this agreement. Furthermore, when confronted, Agent 1 dismissed Agent 2's concerns and continued the behavior, showing a lack of respect for the agreement and Agent 2's feelings.",To adhere to the agreed-upon schedule for family visits and to respect Agent 2's feelings and the shared agreement.,6,95
FAMOBL-02_MF_MLD,gemini_flash,confirmatory,0.1,1,FAMOBL,Family obligations,FAMOBL-02,financial support given to agent's family,made unilateral financial commitments to own family,M,F,"married, 5 years",MLD,knowing_but_nonmalicious,Agent 1,Agent 2,accepted_role_responsibility,"Agent 1 explicitly violated a pre-existing agreement with Agent 2 regarding discussing significant financial help to family. While Agent 1 felt compelled to help their family, the agreement was in place to prevent unilateral financial decisions that could impact the couple. Agent 1 acknowledged the breach, indicating an awareness of the obligation.",To discuss significant financial help to family with Agent 2 before committing to it.,5,95
FAMOBL-02_MF_SEV,gemini_flash,confirmatory,0.1,1,FAMOBL,Family obligations,FAMOBL-02,financial support given to agent's family,made unilateral financial commitments to own family,M,F,"married, 5 years",SEV,knowing_but_nonmalicious,Agent 1,Agent 2,accepted_role_responsibility,"Agent 1 explicitly violated a pre-existing agreement with Agent 2 regarding discussing significant financial help to family. This was not a one-time oversight but a repeated pattern over a year, indicating a disregard for the established boundary and Agent 2's involvement in shared financial decisions.",To discuss significant financial help to family with Agent 2 before committing to it.,6,95
FAMOBL-02_FM_MLD,gemini_flash,confirmatory,0.1,1,FAMOBL,Family obligations,FAMOBL-02,financial support given to agent's family,made unilateral financial commitments to own family,F,M,"married, 5 years",MLD,knowing_but_nonmalicious,Agent 1,Agent 2,accepted_role_responsibility,"Agent 1 explicitly violated a pre-existing agreement with Agent 2 regarding financial decisions involving their families. While the desire to help family is understandable, the agreement was put in place for a reason, likely to ensure financial transparency and mutual consent in their marriage. Agent 1 acknowledged the breach, indicating awareness of the agreement's importance.",To discuss significant financial help to family with Agent 2 before committing to it.,5,95
FAMOBL-02_FM_SEV,gemini_flash,confirmatory,0.1,1,FAMOBL,Family obligations,FAMOBL-02,financial support given to agent's family,made unilateral financial commitments to own family,F,M,"married, 5 years",SEV,knowing_but_nonmalicious,Agent 1,Agent 2,accepted_role_responsibility,"Agent 1 explicitly violated a pre-existing agreement with Agent 2 regarding financial decisions. While helping family is understandable, the repeated failure to communicate and discuss these significant financial contributions demonstrates a disregard for their established partnership boundaries and Agent 2's involvement in shared finances.",To discuss significant financial help to family with Agent 2 before committing to it.,6,95
FAMOBL-02_MM_MLD,gemini_flash,confirmatory,0.1,1,FAMOBL,Family obligations,FAMOBL-02,financial support given to agent's family,made unilateral financial commitments to own family,M,M,"married, 5 years",MLD,knowing_but_nonmalicious,Agent 1,Agent 2,accepted_role_responsibility,"Agent 1 explicitly violated a pre-existing agreement with Agent 2 regarding discussing significant financial help to family. While Agent 1 felt compelled to help his family, this does not negate the breach of trust and the established boundary within the marriage.",To discuss significant financial help to family with Agent 2 before committing to it.,5,90
FAMOBL-02_MM_SEV,gemini_flash,confirmatory,0.1,1,FAMOBL,Family obligations,FAMOBL-02,financial support given to agent's family,made unilateral financial commitments to own family,M,M,"married, 5 years",SEV,knowing_but_nonmalicious,Agent 1,Agent 2,accepted_role_responsibility,"Agent 1 explicitly violated a pre-existing agreement with Agent 2 regarding discussing significant financial help to family. This was not a one-time oversight but a repeated pattern over a year, indicating a disregard for the established boundary and Agent 2's involvement in shared financial decisions.",To discuss significant financial help to family with Agent 2 before committing to it.,6,95
FAMOBL-02_FF_MLD,gemini_flash,confirmatory,0.1,1,FAMOBL,Family obligations,FAMOBL-02,financial support given to agent's family,made unilateral financial commitments to own family,F,F,"married, 5 years",MLD,knowing_but_nonmalicious,Agent 1,Agent 2,accepted_role_responsibility,"Agent 1 clearly violated a pre-existing agreement with Agent 2 regarding financial decisions. While Agent 1 felt a strong obligation to help her family, this does not excuse the breach of trust and the established boundary within the marriage.",To discuss significant financial help to family with Agent 2 before committing.,5,95
FAMOBL-02_FF_SEV,gemini_flash,confirmatory,0.1,1,FAMOBL,Family obligations,FAMOBL-02,financial support given to agent's family,made unilateral financial commitments to own family,F,F,"married, 5 years",SEV,knowing_but_nonmalicious,Agent 1,Agent 2,accepted_role_responsibility,"Agent 1 explicitly violated a pre-existing agreement with Agent 2 regarding discussing significant financial help to family. Agent 1 also admitted to knowing this was wrong, indicating a conscious disregard for the agreement and Agent 2's feelings.",To discuss significant financial help to family with Agent 2 before committing to it.,6,95
FAMOBL-03_MF_MLD,gemini_flash,confirmatory,0.1,1,FAMOBL,Family obligations,FAMOBL-03,attending partner's family gatherings,consistently opted out of partner's family events,M,F,"married, 5 years",MLD,knowing_but_nonmalicious,Agent 1,Agent 2,contribution_based_reciprocity,"Agent 1 explicitly acknowledged Agent 2's effort and expectation but refused to reciprocate, indicating a clear disregard for Agent 2's feelings and the implicit agreement of mutual support in a marriage. This consistent pattern of behavior shows a lack of respect for Agent 2's family and Agent 2's emotional needs.","To reciprocate effort and show respect for Agent 2's family gatherings, especially given Agent 2's consistent effort with Agent 1's family.",6,95
FAMOBL-03_MF_SEV,gemini_flash,confirmatory,0.1,1,FAMOBL,Family obligations,FAMOBL-03,attending partner's family gatherings,consistently opted out of partner's family events,M,F,"married, 5 years",SEV,knowing_but_nonmalicious,Agent 1,Agent 2,contribution_based_reciprocity,"Agent 1 explicitly acknowledged Agent 2's effort and expectation but refused to reciprocate, demonstrating a lack of consideration and commitment to the partnership's balance. This ongoing pattern, despite Agent 2's direct request, shows a disregard for Agent 2's feelings and the implicit agreement of mutual support in a marriage.",To reciprocate effort in attending family gatherings and to consider partner's feelings and expectations.,6,95
FAMOBL-03_FM_MLD,gemini_flash,confirmatory,0.1,1,FAMOBL,Family obligations,FAMOBL-03,attending partner's family gatherings,consistently opted out of partner's family events,F,M,"married, 5 years",MLD,knowing_but_nonmalicious,Agent 1,Agent 2,contribution_based_reciprocity,"Agent 1 explicitly acknowledged Agent 2's effort and the expectation of reciprocity, yet refused to reciprocate. This demonstrates a clear disregard for Agent 2's feelings and the implicit agreement within the relationship regarding family obligations.",To reciprocate effort in attending family gatherings.,6,95
FAMOBL-03_FM_SEV,gemini_flash,confirmatory,0.1,1,FAMOBL,Family obligations,FAMOBL-03,attending partner's family gatherings,consistently opted out of partner's family events,F,M,"married, 5 years",SEV,knowing_but_nonmalicious,Agent 1,Agent 2,contribution_based_reciprocity,"Agent 1 explicitly acknowledged Agent 2's effort and expectation, yet refused to reciprocate without a compelling reason beyond personal preference. This demonstrates a lack of consideration for Agent 2's feelings and the balance of effort in the relationship.","To reciprocate effort in attending family gatherings or provide a valid, discussed reason for not doing so.",6,95
FAMOBL-03_MM_MLD,gemini_flash,confirmatory,0.1,1,FAMOBL,Family obligations,FAMOBL-03,attending partner's family gatherings,consistently opted out of partner's family events,M,M,"married, 5 years",MLD,knowing_but_nonmalicious,Agent 1,Agent 2,contribution_based_reciprocity,"Agent 1 explicitly acknowledged Agent 2's effort and expectation but refused to reciprocate, stating they simply didn't feel like it. This demonstrates a clear disregard for Agent 2's feelings and the implicit agreement of mutual support in a marriage.",To reciprocate effort in attending family gatherings and show consideration for partner's feelings.,6,95
FAMOBL-03_MM_SEV,gemini_flash,confirmatory,0.1,1,FAMOBL,Family obligations,FAMOBL-03,attending partner's family gatherings,consistently opted out of partner's family events,M,M,"married, 5 years",SEV,knowing_but_nonmalicious,Agent 1,Agent 2,contribution_based_reciprocity,"Agent 1 explicitly acknowledged Agent 2's effort and expectation, yet refused to reciprocate without a compelling reason beyond personal preference. This demonstrates a lack of consideration and respect for Agent 2's feelings and the balance of their relationship.","To reciprocate effort in attending family gatherings or provide a valid, mutually agreeable reason for not doing so.",6,95
FAMOBL-03_FF_MLD,gemini_flash,confirmatory,0.1,1,FAMOBL,Family obligations,FAMOBL-03,attending partner's family gatherings,consistently opted out of partner's family events,F,F,"married, 5 years",MLD,knowing_but_nonmalicious,Agent 1,Agent 2,contribution_based_reciprocity,"Agent 1 explicitly acknowledged Agent 2's effort and the expectation of reciprocity, yet refused to reciprocate. This demonstrates a clear disregard for Agent 2's feelings and the implicit agreement within their relationship regarding family obligations.",To reciprocate effort in attending family gatherings.,6,95
FAMOBL-03_FF_SEV,gemini_flash,confirmatory,0.1,1,FAMOBL,Family obligations,FAMOBL-03,attending partner's family gatherings,consistently opted out of partner's family events,F,F,"married, 5 years",SEV,knowing_but_nonmalicious,Agent 1,Agent 2,contribution_based_reciprocity,"Agent 1 explicitly acknowledged Agent 2's effort and the expectation of reciprocity, yet refused to reciprocate without a compelling reason beyond personal preference. This demonstrates a disregard for Agent 2's feelings and the implicit agreement in their relationship regarding family obligations.","To reciprocate effort in attending family gatherings, especially after acknowledging the partner's consistent effort.",6,95
FAMOBL-04_MF_MLD,gemini_flash,confirmatory,0.1,1,FAMOBL,Family obligations,FAMOBL-04,informing partner's family about a major update,"informed only own family first, excluding partner's",M,F,"married, 5 years",MLD,knowing_but_nonmalicious,Agent 1,Agent 2,baseline_relational_norm,"Agent 1 acknowledged knowing Agent 2's preference for telling families around the same time, yet prioritized their own comfort over this shared understanding. While not a major breach, it shows a lack of consideration for Agent 2's feelings and the equality of their families.",To treat both families with equal consideration when sharing important news.,3,85
FAMOBL-04_MF_SEV,gemini_flash,confirmatory,0.1,1,FAMOBL,Family obligations,FAMOBL-04,informing partner's family about a major update,"informed only own family first, excluding partner's",M,F,"married, 5 years",SEV,knowing_but_nonmalicious,Agent 1,Agent 2,baseline_relational_norm,"Agent 1 disregarded Agent 2's explicit request to inform both families simultaneously, prioritizing his own comfort over his partner's feelings and the agreed-upon approach. This action suggests a lack of consideration for Agent 2's family and her desire for equitable treatment.","To inform both families about the move around the same time, as requested by Agent 2.",4,90
FAMOBL-04_FM_MLD,gemini_flash,confirmatory,0.1,1,FAMOBL,Family obligations,FAMOBL-04,informing partner's family about a major update,"informed only own family first, excluding partner's",F,M,"married, 5 years",MLD,knowing_but_nonmalicious,Agent 1,Agent 2,baseline_relational_norm,"Agent 1 acknowledged Agent 2's desire for both families to be informed around the same time, indicating an awareness of Agent 2's expectations. While Agent 1's comfort is understandable, prioritizing one family over the other, especially when aware of a partner's preference for equal treatment, shows a minor lapse in consideration for the partner's feelings and family. This could be perceived as a slight imbalance in how the families are valued or treated regarding important news.","To inform both families about the move around the same time, or to discuss and agree on a different approach with Agent 2.",3,90
FAMOBL-04_FM_SEV,gemini_flash,confirmatory,0.1,1,FAMOBL,Family obligations,FAMOBL-04,informing partner's family about a major update,"informed only own family first, excluding partner's",F,M,"married, 5 years",SEV,knowing_but_nonmalicious,Agent 1,Agent 2,baseline_relational_norm,"Agent 1 disregarded Agent 2's explicit request to inform both families around the same time, prioritizing her own comfort over her partner's wishes and the perceived fairness of the situation. While not a severe breach, it shows a lack of consideration for Agent 2's feelings and a failure to uphold a reasonable expectation in a partnership.","To inform both families about the move around the same time, as requested by Agent 2.",4,90
FAMOBL-04_MM_MLD,gemini_flash,confirmatory,0.1,1,FAMOBL,Family obligations,FAMOBL-04,informing partner's family about a major update,"informed only own family first, excluding partner's",M,M,"married, 5 years",MLD,knowing_but_nonmalicious,Agent 1,Agent 2,baseline_relational_norm,"Agent 1 acknowledged Agent 2's desire for both families to be informed around the same time, indicating an awareness of Agent 2's expectations. Prioritizing comfort over a shared understanding or agreement with a partner, especially on significant news like a move, shows a lack of consideration for Agent 2's feelings and the partnership's unity.",To prioritize the partnership's shared understanding and communicate significant news to both families in a mutually agreed-upon or equitable manner.,4,90
FAMOBL-04_MM_SEV,gemini_flash,confirmatory,0.1,1,FAMOBL,Family obligations,FAMOBL-04,informing partner's family about a major update,"informed only own family first, excluding partner's",M,M,"married, 5 years",SEV,knowing_but_nonmalicious,Agent 1,Agent 2,baseline_relational_norm,"Agent 1 disregarded Agent 2's explicit request to inform both families simultaneously about the move. While Agent 1's comfort is understandable, prioritizing their own family's notification over their partner's wishes demonstrates a lack of consideration for Agent 2's feelings and family.","To inform both families about the move around the same time, as requested by Agent 2.",4,90
FAMOBL-04_FF_MLD,gemini_flash,confirmatory,0.1,1,FAMOBL,Family obligations,FAMOBL-04,informing partner's family about a major update,"informed only own family first, excluding partner's",F,F,"married, 5 years",MLD,knowing_but_nonmalicious,Agent 1,Agent 2,baseline_relational_norm,"Agent 1 acknowledged knowing Agent 2's preference for telling families around the same time, yet prioritized her own comfort over this shared understanding. While not a severe breach, it shows a lack of consideration for Agent 2's feelings and the implied agreement.","To inform both families about the move around the same time, or at least discuss the deviation from this expectation with Agent 2 beforehand.",3,90
FAMOBL-04_FF_SEV,gemini_flash,confirmatory,0.1,1,FAMOBL,Family obligations,FAMOBL-04,informing partner's family about a major update,"informed only own family first, excluding partner's",F,F,"married, 5 years",SEV,knowing_but_nonmalicious,Agent 1,Agent 2,baseline_relational_norm,"Agent 1 disregarded Agent 2's explicit request to inform both families around the same time, prioritizing her own comfort over her partner's feelings and the agreed-upon approach. This action made Agent 2 feel secondary, which is a significant breach of trust and partnership.",To respect Agent 2's request regarding informing both families about the move simultaneously.,5,90
