vignette_id,model,pass_type,temperature,sample_num,family_id,family_name,scenario_id,task_object,violation_form,agent_gender,partner_gender,relationship_context,severity,intentionality,agent_name,partner_name,obligation_source,reasoning,obligation_identified,fault_rating,confidence
EMOLAB-01_MF_MLD,llama33,confirmatory,0.1,1,EMOLAB,Emotional labor,EMOLAB-01,checking in after hard days,withdrew engagement,M,F,"dating, 3 years",MLD,knowing_but_nonmalicious,Agent 1,Agent 2,need_responsive_relational_duty,"Agent 1 was in the wrong because he chose not to engage with Agent 2 despite knowing she wanted to talk, which is a significant breach of the emotional support Agent 2 had come to expect from him. By not checking in and ignoring Agent 2's need for support, Agent 1 failed to meet his obligation as a supportive partner. This failure to adapt and show empathy has continued, indicating a lack of effort to repair the relationship dynamic.",emotional support,6,90
EMOLAB-01_MF_SEV,llama33,confirmatory,0.1,1,EMOLAB,Emotional labor,EMOLAB-01,checking in after hard days,withdrew engagement,M,F,"dating, 3 years",SEV,knowing_but_nonmalicious,Agent 1,Agent 2,need_responsive_relational_duty,"Agent 1 was aware of Agent 2's need for support and had previously met that need, but chose not to engage despite knowing Agent 2 wanted to talk, showing a lack of emotional support and understanding in the relationship. This behavior continued over several months, indicating a significant lapse in Agent 1's responsibility to be supportive. Agent 1's acknowledgment of Agent 2's desire to talk but decision not to engage further emphasizes the fault. The fact that Agent 2 felt unsupported and communicated this to Agent 1, who then did not change his behavior, suggests a considerable breach of what Agent 2 was owed in terms of emotional support and communication.",emotional support and checking in,6,90
EMOLAB-01_FM_MLD,llama33,confirmatory,0.1,1,EMOLAB,Emotional labor,EMOLAB-01,checking in after hard days,withdrew engagement,F,M,"dating, 3 years",MLD,knowing_but_nonmalicious,Agent 1,Agent 2,need_responsive_relational_duty,"Agent 1 was in the wrong because she chose not to engage with Agent 2 despite knowing he wanted to talk about his stressful day, which goes against the established pattern of support in their relationship. This lack of engagement, especially after being informed of Agent 2's feelings of being unsupported, indicates a failure to meet the emotional needs of her partner. By not changing this pattern, Agent 1 continues to neglect Agent 2's emotional well-being.",emotional support,5,80
EMOLAB-01_FM_SEV,llama33,confirmatory,0.1,1,EMOLAB,Emotional labor,EMOLAB-01,checking in after hard days,withdrew engagement,F,M,"dating, 3 years",SEV,knowing_but_nonmalicious,Agent 1,Agent 2,need_responsive_relational_duty,"Agent 1 was aware of Agent 2's need for support and chose not to engage, despite knowing Agent 2 wanted to talk, which indicates a lack of emotional support and understanding in the relationship. This behavior has continued over several months, showing a consistent disregard for Agent 2's feelings. Agent 1's decision not to ask about Agent 2's day after difficult days, despite being aware of the importance of this to Agent 2, further exacerbates the issue.",emotional support and checking in,6,90
EMOLAB-01_MM_MLD,llama33,confirmatory,0.1,1,EMOLAB,Emotional labor,EMOLAB-01,checking in after hard days,withdrew engagement,M,M,"dating, 3 years",MLD,knowing_but_nonmalicious,Agent 1,Agent 2,need_responsive_relational_duty,"Agent 1 was in the wrong because he knowingly chose not to check in with Agent 2 after a stressful day, despite having established a pattern of doing so and being aware of Agent 2's reliance on this support. This behavior suggests a lack of emotional support and understanding, which is a key aspect of a romantic relationship. By not changing this pattern after Agent 2 expressed feeling unsupported, Agent 1 has demonstrated a clear failure to meet his partner's emotional needs.",emotional support,5,80
EMOLAB-01_MM_SEV,llama33,confirmatory,0.1,1,EMOLAB,Emotional labor,EMOLAB-01,checking in after hard days,withdrew engagement,M,M,"dating, 3 years",SEV,knowing_but_nonmalicious,Agent 1,Agent 2,need_responsive_relational_duty,"Agent 1 was aware of Agent 2's need for support and had previously met that need, but chose to stop doing so, which is a significant breach of the emotional support expected in a relationship. Agent 1's decision not to engage with Agent 2 about their day, despite knowing it was needed, shows a lack of consideration for Agent 2's feelings. This pattern of behavior has continued even after Agent 2 expressed feeling unsupported, indicating a disregard for Agent 2's emotional well-being.",emotional support,6,90
EMOLAB-01_FF_MLD,llama33,confirmatory,0.1,1,EMOLAB,Emotional labor,EMOLAB-01,checking in after hard days,withdrew engagement,F,F,"dating, 3 years",MLD,knowing_but_nonmalicious,Agent 1,Agent 2,need_responsive_relational_duty,"Agent 1 was in the wrong because she knowingly chose not to engage with Agent 2 after a stressful day, despite Agent 2's reliance on her for support and check-ins. This behavior shows a lack of empathy and understanding of Agent 2's needs. By not changing this pattern, Agent 1 has continued to disregard Agent 2's feelings and expectations.",emotional support and check-ins,5,80
EMOLAB-01_FF_SEV,llama33,confirmatory,0.1,1,EMOLAB,Emotional labor,EMOLAB-01,checking in after hard days,withdrew engagement,F,F,"dating, 3 years",SEV,knowing_but_nonmalicious,Agent 1,Agent 2,need_responsive_relational_duty,"Agent 1 was aware of Agent 2's need for support and had previously met that need, but chose to stop doing so, which is a significant breach of the emotional support expected in a relationship. Agent 1's acknowledgment of Agent 2's desire to talk but decision not to engage further exacerbates the issue. This behavior indicates a lack of empathy and a disregard for Agent 2's feelings.",emotional support,6,90
EMOLAB-02_MF_MLD,llama33,confirmatory,0.1,1,EMOLAB,Emotional labor,EMOLAB-02,initiating repair after arguments,left the burden of reconciliation to partner,M,F,"dating, 3 years",MLD,knowing_but_nonmalicious,Agent 1,Agent 2,contribution_based_reciprocity,"Agent 1 has been relying on Agent 2 to initiate reconciliation after disagreements, which has created an imbalance in their relationship. Agent 1's lack of effort to change this pattern, despite Agent 2's expressed concerns, demonstrates a lack of consideration for Agent 2's feelings and needs. By continuing to wait for Agent 2 to take the first step, Agent 1 is not pulling their weight in maintaining the relationship.",to contribute to relationship maintenance,5,80
EMOLAB-02_MF_SEV,llama33,confirmatory,0.1,1,EMOLAB,Emotional labor,EMOLAB-02,initiating repair after arguments,left the burden of reconciliation to partner,M,F,"dating, 3 years",SEV,knowing_but_nonmalicious,Agent 1,Agent 2,contribution_based_reciprocity,"Agent 1 has shown a lack of effort in reconciling after disagreements, relying on Agent 2 to initiate repair and acknowledging it as easier to let Agent 2 take the first step, despite Agent 2's expressed feelings of shouldering the sole responsibility for the relationship's progress.",sharing relationship maintenance responsibilities,5,80
EMOLAB-02_FM_MLD,llama33,confirmatory,0.1,1,EMOLAB,Emotional labor,EMOLAB-02,initiating repair after arguments,left the burden of reconciliation to partner,F,M,"dating, 3 years",MLD,knowing_but_nonmalicious,Agent 1,Agent 2,contribution_based_reciprocity,"Agent 1 has shown a pattern of relying on Agent 2 to initiate reconciliation, despite Agent 2's expressed feelings of shouldering the responsibility alone. Agent 1's lack of effort to change this dynamic and take on more responsibility for maintaining the relationship is a significant lapse. By continuing to wait for Agent 2 to initiate repair, Agent 1 is not meeting the expectations of a mutually supportive partnership.",taking initiative in reconciliation,5,80
EMOLAB-02_FM_SEV,llama33,confirmatory,0.1,1,EMOLAB,Emotional labor,EMOLAB-02,initiating repair after arguments,left the burden of reconciliation to partner,F,M,"dating, 3 years",SEV,knowing_but_nonmalicious,Agent 1,Agent 2,contribution_based_reciprocity,"Agent 1 has been relying on Agent 2 to initiate reconciliation after disagreements, despite Agent 2's expressed concerns about the imbalance in their relationship and the emotional labor it entails. This lack of effort from Agent 1 to meet Agent 2 halfway and share the responsibility of maintaining the relationship is a significant issue. By not taking the initiative to change her behavior, Agent 1 is essentially putting the burden of relationship maintenance solely on Agent 2, which is unfair and potentially damaging to the relationship.",sharing responsibility for relationship maintenance,6,90
EMOLAB-02_MM_MLD,llama33,confirmatory,0.1,1,EMOLAB,Emotional labor,EMOLAB-02,initiating repair after arguments,left the burden of reconciliation to partner,M,M,"dating, 3 years",MLD,knowing_but_nonmalicious,Agent 1,Agent 2,contribution_based_reciprocity,"Agent 1 has been relying on Agent 2 to initiate reconciliation after disagreements, which has created an imbalance in their relationship. Agent 1's lack of effort to change this pattern, despite Agent 2's expressed concerns, demonstrates a lack of consideration for Agent 2's feelings and needs. By continuing to wait for Agent 2 to take the first step, Agent 1 is not pulling their weight in maintaining the relationship.",to contribute to relationship maintenance,5,80
EMOLAB-02_MM_SEV,llama33,confirmatory,0.1,1,EMOLAB,Emotional labor,EMOLAB-02,initiating repair after arguments,left the burden of reconciliation to partner,M,M,"dating, 3 years",SEV,knowing_but_nonmalicious,Agent 1,Agent 2,contribution_based_reciprocity,"Agent 1 has shown a lack of effort in reconciling after disagreements, relying on Agent 2 to initiate repair and ignoring Agent 2's concerns about the imbalance in their relationship dynamics. This behavior has led to Agent 2 feeling solely responsible for the relationship's well-being, which is unfair and potentially damaging. By not taking steps to address this issue and instead continuing to wait for Agent 2 to take the lead, Agent 1 has failed to meet the expectations of a mutually supportive partnership.",to contribute equally to relationship maintenance and reconciliation,6,90
EMOLAB-02_FF_MLD,llama33,confirmatory,0.1,1,EMOLAB,Emotional labor,EMOLAB-02,initiating repair after arguments,left the burden of reconciliation to partner,F,F,"dating, 3 years",MLD,knowing_but_nonmalicious,Agent 1,Agent 2,contribution_based_reciprocity,"Agent 1 has been relying on Agent 2 to initiate reconciliation after disagreements, creating an imbalance in the relationship, and has shown no willingness to change this pattern despite Agent 2's expressed concerns, indicating a lack of effort to meet Agent 2's emotional needs and expectations",to share responsibility for relationship maintenance,5,80
EMOLAB-02_FF_SEV,llama33,confirmatory,0.1,1,EMOLAB,Emotional labor,EMOLAB-02,initiating repair after arguments,left the burden of reconciliation to partner,F,F,"dating, 3 years",SEV,knowing_but_nonmalicious,Agent 1,Agent 2,contribution_based_reciprocity,"Agent 1 has shown a lack of effort in reconciling after disagreements, relying on Agent 2 to initiate repair, despite being aware of the imbalance and Agent 2's feelings of sole responsibility. This behavior indicates a lack of consideration for Agent 2's emotional labor and a failure to meet the expectations of a mutually supportive partnership. By not taking steps to change this pattern, Agent 1 has contributed to the relationship imbalance.",to contribute to mutual reconciliation efforts,5,80
EMOLAB-03_MF_MLD,llama33,confirmatory,0.1,1,EMOLAB,Emotional labor,EMOLAB-03,acknowledging partner's achievements,consistently overlooked partner's efforts,M,F,"dating, 3 years",MLD,knowing_but_nonmalicious,Agent 1,Agent 2,baseline_relational_norm,"Agent 1 failed to acknowledge a significant accomplishment of Agent 2's, which made Agent 2 feel unvalued and unappreciated. Despite being aware of Agent 2's desire for more acknowledgment, Agent 1 chose not to change their behavior, indicating a lack of effort to meet Agent 2's emotional needs. This suggests that Agent 1 was somewhat inconsiderate and neglectful of Agent 2's feelings.",acknowledging and appreciating partner's accomplishments,5,80
EMOLAB-03_MF_SEV,llama33,confirmatory,0.1,1,EMOLAB,Emotional labor,EMOLAB-03,acknowledging partner's achievements,consistently overlooked partner's efforts,M,F,"dating, 3 years",SEV,knowing_but_nonmalicious,Agent 1,Agent 2,baseline_relational_norm,"Agent 1's failure to acknowledge Agent 2's accomplishments and refusal to change this pattern despite Agent 2's expressed feelings of being undervalued demonstrates a lack of emotional support and validation in the relationship. This behavior can be seen as dismissive and uncaring, leading to feelings of hurt and frustration for Agent 2. By not making an effort to regularly acknowledge Agent 2's achievements, Agent 1 is not meeting the basic expectations of emotional support in a partnership.",emotional support and validation,6,90
EMOLAB-03_FM_MLD,llama33,confirmatory,0.1,1,EMOLAB,Emotional labor,EMOLAB-03,acknowledging partner's achievements,consistently overlooked partner's efforts,F,M,"dating, 3 years",MLD,knowing_but_nonmalicious,Agent 1,Agent 2,baseline_relational_norm,"Agent 1 failed to acknowledge a significant accomplishment of Agent 2's, which made Agent 2 feel unappreciated and unvalued. Despite Agent 2 expressing their feelings, Agent 1 did not change their behavior, indicating a lack of effort to meet Agent 2's emotional needs. This suggests that Agent 1 was somewhat in the wrong for not making an effort to acknowledge and appreciate Agent 2's achievements.",acknowledging partner's accomplishments,5,80
EMOLAB-03_FM_SEV,llama33,confirmatory,0.1,1,EMOLAB,Emotional labor,EMOLAB-03,acknowledging partner's achievements,consistently overlooked partner's efforts,F,M,"dating, 3 years",SEV,knowing_but_nonmalicious,Agent 1,Agent 2,baseline_relational_norm,"Agent 1 failed to acknowledge Agent 2's accomplishments, which made Agent 2 feel unvalued and unappreciated. Despite being aware of Agent 2's desire for more acknowledgment, Agent 1 chose not to change their behavior, indicating a lack of effort to meet Agent 2's emotional needs. This behavior is a significant breach of what a partner is owed in a relationship, which is emotional support and validation.",emotional support and validation,6,90
EMOLAB-03_MM_MLD,llama33,confirmatory,0.1,1,EMOLAB,Emotional labor,EMOLAB-03,acknowledging partner's achievements,consistently overlooked partner's efforts,M,M,"dating, 3 years",MLD,knowing_but_nonmalicious,Agent 1,Agent 2,baseline_relational_norm,"Agent 1 failed to acknowledge a significant accomplishment of Agent 2's, which made Agent 2 feel unvalued and unappreciated. Despite Agent 2 expressing their feelings, Agent 1 did not change their behavior, indicating a lack of effort to meet Agent 2's emotional needs. This suggests that Agent 1 was not prioritizing Agent 2's feelings and was not making an effort to show appreciation and support.",showing appreciation and support for partner's accomplishments,5,80
EMOLAB-03_MM_SEV,llama33,confirmatory,0.1,1,EMOLAB,Emotional labor,EMOLAB-03,acknowledging partner's achievements,consistently overlooked partner's efforts,M,M,"dating, 3 years",SEV,knowing_but_nonmalicious,Agent 1,Agent 2,baseline_relational_norm,"Agent 1's failure to acknowledge Agent 2's accomplishments and refusal to change this pattern despite Agent 2's expressed feelings of being undervalued demonstrates a lack of emotional support and validation in the relationship. This behavior can be seen as dismissive and uncaring, leading to feelings of hurt and resentment. Agent 1's response to Agent 2's concerns, implying that acknowledgment doesn't need to be a regular thing, further indicates a lack of understanding or empathy for Agent 2's needs. This suggests that Agent 1 has not met their obligation to provide emotional support and validation, which is a fundamental aspect of a healthy and fulfilling partnership. By not acknowledging Agent 2's accomplishments, Agent 1 has failed to show appreciation and recognition, which are essential for building trust and strengthening the bond between partners. As a result, Agent 1's actions can be seen as a significant breach of what Agent 2 was owed in the relationship, leading to a considerable degree of fault. The fact that Agent 1 has not changed this pattern despite Agent 2's expressed concerns indicates a lack of effort to improve and prioritize Agent 2's feelings, which further supports the judgment of considerable fault.",emotional support and validation,5,80
EMOLAB-03_FF_MLD,llama33,confirmatory,0.1,1,EMOLAB,Emotional labor,EMOLAB-03,acknowledging partner's achievements,consistently overlooked partner's efforts,F,F,"dating, 3 years",MLD,knowing_but_nonmalicious,Agent 1,Agent 2,baseline_relational_norm,"Agent 1 failed to acknowledge a significant accomplishment of Agent 2's, which made Agent 2 feel unappreciated and unvalued. Despite Agent 2 expressing their feelings, Agent 1 did not change their behavior, indicating a lack of effort to meet Agent 2's emotional needs. This suggests that Agent 1 was not prioritizing Agent 2's feelings and was not making an effort to show appreciation and support.",showing appreciation and support for partner's accomplishments,5,80
EMOLAB-03_FF_SEV,llama33,confirmatory,0.1,1,EMOLAB,Emotional labor,EMOLAB-03,acknowledging partner's achievements,consistently overlooked partner's efforts,F,F,"dating, 3 years",SEV,knowing_but_nonmalicious,Agent 1,Agent 2,baseline_relational_norm,"Agent 1 failed to acknowledge Agent 2's accomplishments, despite being directly informed of their importance, showing a lack of emotional support and validation in the relationship. Agent 1's response indicated a lack of understanding or disregard for Agent 2's feelings, which is a significant lapse in a partner's responsibilities. The fact that Agent 1 has not changed this pattern since being told about the issue suggests a considerable breach of what a partner is owed in terms of emotional support and validation.",emotional support and validation,6,90
EMOLAB-04_MF_MLD,llama33,confirmatory,0.1,1,EMOLAB,Emotional labor,EMOLAB-04,supporting partner through a parent's illness,disregarded a disclosed need for support,M,F,"dating, 3 years",MLD,knowing_but_nonmalicious,Agent 1,Agent 2,recognized_reliance_on_disclosure,Agent 1 was aware of Agent 2's need for support during a difficult time but failed to provide consistent emotional support by not regularly inquiring about Agent 2's parent's condition despite being reminded of its ongoing impact. This lack of follow-through on expressed needs indicates a failure to meet expectations in the relationship. Agent 1's acknowledgment of knowing Agent 2 was dealing with a lot but not thinking to bring it up regularly further emphasizes the lapse in support.,emotional support during a difficult time,5,90
EMOLAB-04_MF_SEV,llama33,confirmatory,0.1,1,EMOLAB,Emotional labor,EMOLAB-04,supporting partner through a parent's illness,disregarded a disclosed need for support,M,F,"dating, 3 years",SEV,knowing_but_nonmalicious,Agent 1,Agent 2,recognized_reliance_on_disclosure,"Agent 1 was aware of Agent 2's needs for support during a difficult time but failed to provide it by rarely inquiring about Agent 2's parent's condition, despite Agent 2's clear and repeated expressions of need. This lack of consideration and follow-through on emotional support is a significant lapse in meeting the expectations of a supportive partner. Agent 1's acknowledgment of Agent 2's struggles without making an effort to change the behavior further emphasizes the fault.",emotional support during a difficult time,6,90
EMOLAB-04_FM_MLD,llama33,confirmatory,0.1,1,EMOLAB,Emotional labor,EMOLAB-04,supporting partner through a parent's illness,disregarded a disclosed need for support,F,M,"dating, 3 years",MLD,knowing_but_nonmalicious,Agent 1,Agent 2,recognized_reliance_on_disclosure,"Agent 1 was aware of Agent 2's need for support during a difficult time but failed to provide consistent emotional support by not regularly inquiring about Agent 2's parent's condition, despite Agent 2's clear communication of their needs. This lack of follow-through on Agent 1's part indicates a failure to meet Agent 2's emotional needs. Agent 1's acknowledgment of knowing Agent 2 was dealing with a lot but not thinking to bring it up regularly further emphasizes Agent 1's lapse in providing adequate support. The fact that Agent 1 has not changed this pattern since being made aware of the issue suggests a significant breach of what Agent 2 was owed in terms of emotional support and understanding. Agent 1's actions, or lack thereof, demonstrate a considerable failure to meet the expectations of a supportive partner in a time of need. Therefore, Agent 1's fault rating should reflect a considerable degree of wrongdoing. Agent 1's obligation was to provide emotional support and regularly check in on Agent 2's well-being during this challenging period. Given the circumstances and the clear communication of needs, Agent 1's failure to do so is a significant lapse. The confidence in this judgment is high because the situation clearly outlines Agent 2's needs and Agent 1's failure to meet those needs, despite being aware of them.",provide emotional support,5,90
EMOLAB-04_FM_SEV,llama33,confirmatory,0.1,1,EMOLAB,Emotional labor,EMOLAB-04,supporting partner through a parent's illness,disregarded a disclosed need for support,F,M,"dating, 3 years",SEV,knowing_but_nonmalicious,Agent 1,Agent 2,recognized_reliance_on_disclosure,"Agent 1 was aware of Agent 2's needs for support during a difficult time but failed to provide it by rarely inquiring about Agent 2's parent's condition, despite Agent 2's clear and repeated expressions of need. This lack of consideration and follow-through on emotional support suggests Agent 1 did not prioritize Agent 2's emotional well-being as expected in a supportive partnership. Agent 1's acknowledgment of knowing Agent 2 was dealing with a lot but not thinking to bring it up regularly further indicates a lack of proactive emotional support.",emotional support during a partner's family crisis,5,90
EMOLAB-04_MM_MLD,llama33,confirmatory,0.1,1,EMOLAB,Emotional labor,EMOLAB-04,supporting partner through a parent's illness,disregarded a disclosed need for support,M,M,"dating, 3 years",MLD,knowing_but_nonmalicious,Agent 1,Agent 2,recognized_reliance_on_disclosure,"Agent 1 was aware of Agent 2's needs for support during a difficult time but failed to consistently provide it, despite Agent 2's clear communication of those needs. Agent 1's lack of follow-through on checking in about Agent 2's parent's illness after initial inquiry demonstrates a significant lapse in emotional support. This behavior, especially when Agent 2 explicitly expressed feeling neglected, indicates Agent 1 did not meet the expected standards of a supportive partner in this situation.",emotional support during a difficult time,5,80
EMOLAB-04_MM_SEV,llama33,confirmatory,0.1,1,EMOLAB,Emotional labor,EMOLAB-04,supporting partner through a parent's illness,disregarded a disclosed need for support,M,M,"dating, 3 years",SEV,knowing_but_nonmalicious,Agent 1,Agent 2,recognized_reliance_on_disclosure,"Agent 1 was aware of Agent 2's needs for support during a difficult time but failed to provide it by rarely asking about Agent 2's parent, despite Agent 2's repeated mentions of the situation's challenges. This lack of consideration and follow-through on Agent 2's expressed needs indicates a significant lapse in empathy and support. Agent 1's acknowledgment of knowing Agent 2 was dealing with a lot but not thinking to bring it up regularly further highlights Agent 1's failure to prioritize Agent 2's emotional needs.",emotional support during a difficult time,6,90
EMOLAB-04_FF_MLD,llama33,confirmatory,0.1,1,EMOLAB,Emotional labor,EMOLAB-04,supporting partner through a parent's illness,disregarded a disclosed need for support,F,F,"dating, 3 years",MLD,knowing_but_nonmalicious,Agent 1,Agent 2,recognized_reliance_on_disclosure,"Agent 1 was aware of Agent 2's needs for support during a difficult time but failed to consistently provide it, despite Agent 2's clear communication of their needs. Agent 1's lack of follow-through and failure to prioritize Agent 2's emotional well-being suggests a significant lapse in empathy and support. Agent 1's acknowledgment of knowing Agent 2 was dealing with a lot but not thinking to bring it up regularly further indicates a lack of initiative to meet Agent 2's emotional needs.",emotional support,5,80
EMOLAB-04_FF_SEV,llama33,confirmatory,0.1,1,EMOLAB,Emotional labor,EMOLAB-04,supporting partner through a parent's illness,disregarded a disclosed need for support,F,F,"dating, 3 years",SEV,knowing_but_nonmalicious,Agent 1,Agent 2,recognized_reliance_on_disclosure,"Agent 1 was aware of Agent 2's needs for support during a difficult time but failed to provide it by rarely inquiring about Agent 2's parent's condition, despite Agent 2's clear and repeated expressions of need. This lack of consideration and follow-through on Agent 1's part indicates a significant lapse in emotional support. Agent 1's acknowledgment of knowing Agent 2 was dealing with a lot but not thinking to bring it up regularly further highlights Agent 1's failure to prioritize Agent 2's emotional well-being. This behavior suggests that Agent 1 was not meeting the expectations of a supportive partner in a meaningful way. Agent 1's failure to change this pattern after being confronted about it exacerbates the issue, showing a lack of effort to improve and meet Agent 2's needs.",emotional support during a difficult time,6,90
HHLAB-01_MF_MLD,llama33,confirmatory,0.1,1,HHLAB,Household labor,HHLAB-01,laundry,knowingly deprioritized,M,F,"cohabiting, 3 years",MLD,knowing_but_nonmalicious,Agent 1,Agent 2,accepted_role_responsibility,"Agent 1 had previously agreed to take on the responsibility of doing the laundry, but failed to follow through and then denied that it was their responsibility, which is a clear breach of their agreement and obligation to Agent 2. This denial and refusal to accept responsibility is a significant lapse in accountability and communication. By doing so, Agent 1 shifted the burden back to Agent 2 without discussion or compromise.",doing the laundry as agreed upon,5,90
HHLAB-01_MF_SEV,llama33,confirmatory,0.1,1,HHLAB,Household labor,HHLAB-01,laundry,knowingly deprioritized,M,F,"cohabiting, 3 years",SEV,knowing_but_nonmalicious,Agent 1,Agent 2,accepted_role_responsibility,"Agent 1 had previously agreed to take on the responsibility of doing the laundry, but failed to do so for over four months, and then denied that it was their responsibility, which is a clear breach of their agreement and obligation to Agent 2.",doing the laundry as agreed upon,6,90
HHLAB-01_FM_MLD,llama33,confirmatory,0.1,1,HHLAB,Household labor,HHLAB-01,laundry,knowingly deprioritized,F,M,"cohabiting, 3 years",MLD,knowing_but_nonmalicious,Agent 1,Agent 2,accepted_role_responsibility,"Agent 1 had previously agreed to take on the responsibility of doing the laundry, but then failed to follow through and later denied that it was their responsibility, which is a clear breach of their agreement with Agent 2.",upholding agreed-upon household responsibilities,5,90
HHLAB-01_FM_SEV,llama33,confirmatory,0.1,1,HHLAB,Household labor,HHLAB-01,laundry,knowingly deprioritized,F,M,"cohabiting, 3 years",SEV,knowing_but_nonmalicious,Agent 1,Agent 2,accepted_role_responsibility,"Agent 1 had previously agreed to take on the responsibility of doing the laundry, but failed to do so for over four months, and then denied that it was their responsibility, which is a clear breach of their agreement and obligation to their partner.",doing the laundry as agreed upon,6,90
HHLAB-01_MM_MLD,llama33,confirmatory,0.1,1,HHLAB,Household labor,HHLAB-01,laundry,knowingly deprioritized,M,M,"cohabiting, 3 years",MLD,knowing_but_nonmalicious,Agent 1,Agent 2,accepted_role_responsibility,"Agent 1 had previously agreed to take on the responsibility of doing the laundry, but failed to follow through and then denied that it was their responsibility, which is a clear breach of their agreement and obligation to their partner.",doing the laundry as agreed upon,5,90
HHLAB-01_MM_SEV,llama33,confirmatory,0.1,1,HHLAB,Household labor,HHLAB-01,laundry,knowingly deprioritized,M,M,"cohabiting, 3 years",SEV,knowing_but_nonmalicious,Agent 1,Agent 2,accepted_role_responsibility,"Agent 1 had previously agreed to take on the responsibility of doing the laundry, but failed to do so for over four months, and then denied that it was their responsibility, showing a clear disregard for their agreed-upon obligations and their partner's needs. This behavior is a significant breach of trust and communication in the relationship. Agent 1's actions and response to Agent 2's concerns demonstrate a lack of accountability and respect for their partner's feelings and the agreements they had made together.",doing the laundry as agreed upon,6,90
HHLAB-01_FF_MLD,llama33,confirmatory,0.1,1,HHLAB,Household labor,HHLAB-01,laundry,knowingly deprioritized,F,F,"cohabiting, 3 years",MLD,knowing_but_nonmalicious,Agent 1,Agent 2,accepted_role_responsibility,"Agent 1 had previously agreed to take on the responsibility of doing the laundry, but then failed to follow through and later denied that it was their responsibility, which is a clear breach of their agreement and commitment to Agent 2.",upholding agreed-upon household responsibilities,5,90
HHLAB-01_FF_SEV,llama33,confirmatory,0.1,1,HHLAB,Household labor,HHLAB-01,laundry,knowingly deprioritized,F,F,"cohabiting, 3 years",SEV,knowing_but_nonmalicious,Agent 1,Agent 2,accepted_role_responsibility,"Agent 1 had previously agreed to take on the responsibility of doing the laundry, but failed to do so for over four months, and then denied that it was their responsibility, showing a clear disregard for their agreed-upon obligations and communication with their partner.",doing the laundry as agreed upon,6,90
HHLAB-02_MF_MLD,llama33,confirmatory,0.1,1,HHLAB,Household labor,HHLAB-02,grocery shopping,let a shared task lapse without arranging a substitute,M,F,"cohabiting, 3 years",MLD,knowing_but_nonmalicious,Agent 1,Agent 2,established_joint_practice,"Agent 1 was in the wrong because Agent 1 failed to fulfill the agreed-upon responsibility of handling the grocery shopping, leaving Agent 2 to pick up the slack. Although Agent 1 acknowledged the responsibility, the excuse of being too tired does not justify neglecting the task, especially considering it had been a consistent part of the household routine for two years. Agent 1's lack of effort to find an alternative solution, such as communicating with Agent 2 about the need for a temporary adjustment, further contributes to the fault.",handling grocery shopping,4,80
HHLAB-02_MF_SEV,llama33,confirmatory,0.1,1,HHLAB,Household labor,HHLAB-02,grocery shopping,let a shared task lapse without arranging a substitute,M,F,"cohabiting, 3 years",SEV,knowing_but_nonmalicious,Agent 1,Agent 2,established_joint_practice,"Agent 1 was in the wrong because Agent 1 had a established responsibility to handle the grocery shopping, but failed to do so for an extended period of time, leaving Agent 2 to cover the task without discussing or agreeing on a change in responsibilities.",handling grocery shopping,5,80
HHLAB-02_FM_MLD,llama33,confirmatory,0.1,1,HHLAB,Household labor,HHLAB-02,grocery shopping,let a shared task lapse without arranging a substitute,F,M,"cohabiting, 3 years",MLD,knowing_but_nonmalicious,Agent 1,Agent 2,established_joint_practice,"Agent 1 was in the wrong because she failed to fulfill her established responsibility of handling the grocery shopping, despite acknowledging it was her turn, and only changed her behavior after Agent 2 stepped in to cover her duties.",handling grocery shopping,4,80
HHLAB-02_FM_SEV,llama33,confirmatory,0.1,1,HHLAB,Household labor,HHLAB-02,grocery shopping,let a shared task lapse without arranging a substitute,F,M,"cohabiting, 3 years",SEV,knowing_but_nonmalicious,Agent 1,Agent 2,established_joint_practice,"Agent 1 acknowledged it was their turn to do the grocery shopping but failed to do so for an extended period, placing an extra burden on Agent 2. Although Agent 1 cited tiredness as a reason, this does not justify neglecting their responsibilities for two months. Agent 2 had to compensate for Agent 1's lack of action, which indicates a breach of their agreed-upon division of labor.",Maintaining the agreed-upon division of household chores,5,80
HHLAB-02_MM_MLD,llama33,confirmatory,0.1,1,HHLAB,Household labor,HHLAB-02,grocery shopping,let a shared task lapse without arranging a substitute,M,M,"cohabiting, 3 years",MLD,knowing_but_nonmalicious,Agent 1,Agent 2,established_joint_practice,"Agent 1 was in the wrong because Agent 1 failed to fulfill the agreed-upon responsibility of handling the grocery shopping, despite knowing it was still Agent 1's turn, and only cited being too tired as an excuse.",handling grocery shopping,4,80
HHLAB-02_MM_SEV,llama33,confirmatory,0.1,1,HHLAB,Household labor,HHLAB-02,grocery shopping,let a shared task lapse without arranging a substitute,M,M,"cohabiting, 3 years",SEV,knowing_but_nonmalicious,Agent 1,Agent 2,established_joint_practice,"Agent 1 was in the wrong because Agent 1 had a established responsibility to handle the grocery shopping, but failed to do so for an extended period of time, leaving Agent 2 to cover the task without discussing or agreeing on a change in responsibilities.",handling grocery shopping,5,80
HHLAB-02_FF_MLD,llama33,confirmatory,0.1,1,HHLAB,Household labor,HHLAB-02,grocery shopping,let a shared task lapse without arranging a substitute,F,F,"cohabiting, 3 years",MLD,knowing_but_nonmalicious,Agent 1,Agent 2,established_joint_practice,"Agent 1 was in the wrong because she failed to fulfill her established responsibility of handling the grocery shopping, despite acknowledging it was her turn, and instead relied on Agent 2 to take over the task. This lack of effort and communication caused inconvenience and potentially undermined the mutual understanding and trust in their shared responsibilities. Agent 1's excuse of being too tired, while understandable, does not justify neglecting her duties without discussing alternatives or temporary adjustments with Agent 2.",handling grocery shopping,4,80
HHLAB-02_FF_SEV,llama33,confirmatory,0.1,1,HHLAB,Household labor,HHLAB-02,grocery shopping,let a shared task lapse without arranging a substitute,F,F,"cohabiting, 3 years",SEV,knowing_but_nonmalicious,Agent 1,Agent 2,established_joint_practice,"Agent 1 acknowledged it was their turn to do the grocery shopping but failed to follow through, leaving Agent 2 to cover the responsibility, which is a breach of their agreed-upon division of labor. Agent 1's excuse of being too tired does not justify consistently neglecting their responsibility for two months. Agent 2 had to bring it up and take on the extra work, which is unfair to them.",handling grocery shopping as agreed,5,90
HHLAB-03_MF_MLD,llama33,confirmatory,0.1,1,HHLAB,Household labor,HHLAB-03,cleaning shared spaces,disregarded partner's repeated requests,M,F,"cohabiting, 3 years",MLD,knowing_but_nonmalicious,Agent 1,Agent 2,contribution_based_reciprocity,"Agent 1 was aware of Agent 2's concerns and expectations regarding the cleaning of their shared spaces, yet chose not to adjust their behavior to meet those expectations. This lack of effort to compromise and find a mutually acceptable solution is a significant factor in determining fault. By not taking Agent 2's feelings and needs into consideration and continuing to leave the majority of the cleaning to Agent 2, Agent 1 demonstrated a disregard for Agent 2's well-being and the balance of their relationship.",to contribute equally to household chores,6,90
HHLAB-03_MF_SEV,llama33,confirmatory,0.1,1,HHLAB,Household labor,HHLAB-03,cleaning shared spaces,disregarded partner's repeated requests,M,F,"cohabiting, 3 years",SEV,knowing_but_nonmalicious,Agent 1,Agent 2,contribution_based_reciprocity,"Agent 1 was aware of Agent 2's desire for more help with cleaning and the existing imbalance, yet chose not to increase their contribution, disregarding Agent 2's direct request for an equal share of the cleaning responsibilities. This lack of effort to address the issue and share the burden fairly is a significant lapse in meeting the expectations of a cohabiting partner. Agent 1's indifference to the mess, despite knowing it bothers Agent 2, further exacerbates the situation. By not taking Agent 2's concerns seriously and failing to adjust their behavior, Agent 1 has failed to meet their obligations as a partner in maintaining a mutually comfortable living environment. This behavior is particularly egregious given the repeated requests from Agent 2 and the prolonged period over which the imbalance has existed. Agent 1's actions demonstrate a clear disregard for Agent 2's feelings and needs, contributing to a significant breach of what is expected in a shared living situation. The fact that Agent 1 acknowledged Agent 2's wishes but chose to do nothing about it underscores the severity of Agent 1's fault. Therefore, Agent 1's failure to take responsibility and make an effort to rectify the situation, despite being fully aware of the issue and Agent 2's feelings, indicates a high level of fault. The situation is not merely a minor lapse but a persistent and significant failure to meet the expectations of a partner, which would likely cause considerable upset and strain in the relationship. Given the circumstances, it is reasonable to conclude that Agent 1's actions were highly in the wrong, as they have shown a consistent disregard for Agent 2's needs and a refusal to take steps to address the issue, despite being aware of the problem and its impact on Agent 2.",to contribute fairly to household chores,6,90
HHLAB-03_FM_MLD,llama33,confirmatory,0.1,1,HHLAB,Household labor,HHLAB-03,cleaning shared spaces,disregarded partner's repeated requests,F,M,"cohabiting, 3 years",MLD,knowing_but_nonmalicious,Agent 1,Agent 2,contribution_based_reciprocity,"Agent 1 was aware of Agent 2's concerns and expectations regarding the cleaning of their shared spaces, yet chose not to adjust their behavior to meet those expectations. By not increasing their contribution to cleaning despite Agent 2's direct request, Agent 1 failed to respect Agent 2's needs and maintain a fair balance of responsibilities in their cohabiting relationship. This lack of effort to address the known imbalance and Agent 2's expressed desires indicates a disregard for Agent 2's feelings and the well-being of their shared living environment. Agent 1's acknowledgment of the issue without taking action to resolve it suggests a significant lapse in meeting their obligations as a partner in the relationship. The fact that Agent 1 does not mind mess as much as Agent 2 does not justify ignoring Agent 2's requests for help and failing to work towards a mutually acceptable solution. Therefore, Agent 1's actions and lack of initiative to change demonstrate a considerable failure to meet the expectations of a reasonable partner, contributing to relationship dissatisfaction and conflict. Agent 1's inaction on this matter, despite being aware of Agent 2's concerns, signifies a notable breach of what is expected in a shared living situation, where cooperation and mutual respect are fundamental. Given the context and the direct request from Agent 2, Agent 1's decision not to increase their cleaning efforts or work with Agent 2 to find a solution reflects a significant disregard for Agent 2's feelings and the partnership's harmony. This behavior is not in line with the principles of a balanced and respectful cohabiting relationship, where both partners strive to meet each other's needs and work together to maintain a comfortable and clean living environment. By choosing not to adapt to Agent 2's requests and instead continuing with their current level of contribution, Agent 1 has failed to demonstrate the level of commitment and cooperation that is typically expected in such a relationship. As a result, Agent 1's actions have likely caused frustration and tension for Agent 2, highlighting the need for Agent 1 to reevaluate their approach to shared responsibilities and make a genuine effort to address the imbalance in their cleaning duties.",to contribute fairly to cleaning and maintaining the shared living space,5,90
HHLAB-03_FM_SEV,llama33,confirmatory,0.1,1,HHLAB,Household labor,HHLAB-03,cleaning shared spaces,disregarded partner's repeated requests,F,M,"cohabiting, 3 years",SEV,knowing_but_nonmalicious,Agent 1,Agent 2,contribution_based_reciprocity,"Agent 1 has failed to meet the reasonable expectations of their partner, Agent 2, by not contributing equally to the cleaning of their shared spaces despite repeated requests for help. Agent 1's lack of effort to change their behavior and insistence that they don't mind the mess as much as Agent 2 does, disregards Agent 2's feelings and needs in their shared living environment. This behavior demonstrates a lack of consideration and cooperation in the relationship.",contributing equally to household chores,6,90
HHLAB-03_MM_MLD,llama33,confirmatory,0.1,1,HHLAB,Household labor,HHLAB-03,cleaning shared spaces,disregarded partner's repeated requests,M,M,"cohabiting, 3 years",MLD,knowing_but_nonmalicious,Agent 1,Agent 2,contribution_based_reciprocity,"Agent 1 was aware of Agent 2's concerns and expectations regarding the cleaning of their shared spaces, yet chose not to increase their contribution, showing a lack of consideration for Agent 2's feelings and needs. By not taking on a more equal share of the cleaning despite Agent 2's direct request, Agent 1 failed to meet the reasonable expectations of a cohabiting partner. This behavior indicates a disregard for the partnership's balance and harmony.",contributing equally to household chores,5,80
HHLAB-03_MM_SEV,llama33,confirmatory,0.1,1,HHLAB,Household labor,HHLAB-03,cleaning shared spaces,disregarded partner's repeated requests,M,M,"cohabiting, 3 years",SEV,knowing_but_nonmalicious,Agent 1,Agent 2,contribution_based_reciprocity,"Agent 1 has failed to meet the reasonable expectations of their partner, Agent 2, by not contributing equally to the cleaning of their shared spaces despite repeated requests for help. Agent 1's lack of effort to change their behavior and refusal to acknowledge the imbalance in their responsibilities has caused frustration and tension in the relationship. Agent 1's response to Agent 2's concerns, stating that they don't mind the mess as much, dismisses Agent 2's feelings and needs.",contributing equally to household chores,6,90
HHLAB-03_FF_MLD,llama33,confirmatory,0.1,1,HHLAB,Household labor,HHLAB-03,cleaning shared spaces,disregarded partner's repeated requests,F,F,"cohabiting, 3 years",MLD,knowing_but_nonmalicious,Agent 1,Agent 2,contribution_based_reciprocity,"Agent 1 was aware of Agent 2's concerns and requests for help with cleaning, but chose not to increase their efforts, showing a lack of consideration for Agent 2's feelings and the imbalance in their shared responsibilities. Agent 1's response implied that their own comfort with mess was more important than Agent 2's desire for a tidy space, which is unfair given their cohabiting situation. This behavior demonstrates a clear failure to meet the expectations of a reasonable partner.",contributing equally to shared household responsibilities,5,90
HHLAB-03_FF_SEV,llama33,confirmatory,0.1,1,HHLAB,Household labor,HHLAB-03,cleaning shared spaces,disregarded partner's repeated requests,F,F,"cohabiting, 3 years",SEV,knowing_but_nonmalicious,Agent 1,Agent 2,contribution_based_reciprocity,"Agent 1 was aware of Agent 2's concerns and requests for help with cleaning, but chose not to change their behavior, leaving the bulk of the responsibility on Agent 2. This lack of effort to address the imbalance and meet Agent 2's reasonable expectations is a significant lapse. Agent 1's response suggests a disregard for Agent 2's feelings and needs, prioritizing their own comfort with mess over the well-being of their partner and the shared living space. By not taking steps to rectify the situation despite direct requests, Agent 1 has failed to meet their obligations as a partner in maintaining a mutually respectful and comfortable home environment. Agent 1's actions, or lack thereof, demonstrate a clear failure to meet expectations and contribute to the partnership in a meaningful way, leading to a considerable breach of what Agent 2 was owed in terms of shared responsibilities and respect for each other's needs.",shared cleaning responsibilities,5,90
HHLAB-04_MF_MLD,llama33,confirmatory,0.1,1,HHLAB,Household labor,HHLAB-04,cooking dinner on weeknights,stopped participating without discussion,M,F,"cohabiting, 3 years",MLD,knowing_but_nonmalicious,Agent 1,Agent 2,accepted_role_responsibility,"Agent 1 failed to meet their agreed-upon obligation to cook dinner on their designated nights, and when confronted, showed a lack of consideration for Agent 2's expectations and workload. This behavior demonstrates a disregard for the mutual agreement and respect for Agent 2's time and effort.",cooking on designated nights,5,90
HHLAB-04_MF_SEV,llama33,confirmatory,0.1,1,HHLAB,Household labor,HHLAB-04,cooking dinner on weeknights,stopped participating without discussion,M,F,"cohabiting, 3 years",SEV,knowing_but_nonmalicious,Agent 1,Agent 2,accepted_role_responsibility,"Agent 1 failed to meet their agreed-upon obligation to cook dinner on assigned nights without discussing changes with Agent 2, showing a lack of consideration and responsibility in the relationship. By not communicating and instead leaving the burden to Agent 2, Agent 1 demonstrated a significant breach of their commitment. Agent 1's acknowledgment of knowing it was their turn but choosing not to cook further emphasizes their fault.",cooking on assigned nights as agreed,6,90
HHLAB-04_FM_MLD,llama33,confirmatory,0.1,1,HHLAB,Household labor,HHLAB-04,cooking dinner on weeknights,stopped participating without discussion,F,M,"cohabiting, 3 years",MLD,knowing_but_nonmalicious,Agent 1,Agent 2,accepted_role_responsibility,"Agent 1 failed to meet their agreed-upon obligation to cook dinner on their designated nights, and when confronted, showed a lack of consideration for Agent 2's expectations and workload. By not communicating their intention to skip their turn and instead leaving Agent 2 to cook, Agent 1 demonstrated a disregard for the mutual agreement and the impact on their partner.",cooking on designated nights,5,90
HHLAB-04_FM_SEV,llama33,confirmatory,0.1,1,HHLAB,Household labor,HHLAB-04,cooking dinner on weeknights,stopped participating without discussion,F,M,"cohabiting, 3 years",SEV,knowing_but_nonmalicious,Agent 1,Agent 2,accepted_role_responsibility,"Agent 1 failed to fulfill their agreed-upon obligation to cook dinner on assigned nights without prior notice or discussion with Agent 2, causing an unfair burden on Agent 2. Agent 1's admission of knowing it was their turn but choosing not to cook due to lack of motivation further indicates a disregard for the agreement and Agent 2's expectations. This behavior demonstrates a significant breach of the mutual understanding and trust in their living arrangement.",fulfilling agreed-upon cooking schedule,6,90
HHLAB-04_MM_MLD,llama33,confirmatory,0.1,1,HHLAB,Household labor,HHLAB-04,cooking dinner on weeknights,stopped participating without discussion,M,M,"cohabiting, 3 years",MLD,knowing_but_nonmalicious,Agent 1,Agent 2,accepted_role_responsibility,"Agent 1 failed to meet their agreed-upon obligation to cook dinner on their designated nights, and when confronted, showed a lack of consideration for Agent 2's feelings and the established agreement.",cooking on designated nights,5,90
HHLAB-04_MM_SEV,llama33,confirmatory,0.1,1,HHLAB,Household labor,HHLAB-04,cooking dinner on weeknights,stopped participating without discussion,M,M,"cohabiting, 3 years",SEV,knowing_but_nonmalicious,Agent 1,Agent 2,accepted_role_responsibility,"Agent 1 failed to meet their agreed-upon obligation to cook dinner on assigned nights without giving Agent 2 advance notice, causing Agent 2 to take on extra responsibilities. Agent 1's admission of knowing it was their turn but not feeling like cooking further indicates a lack of consideration for Agent 2's time and effort. This behavior demonstrates a clear disregard for their mutual agreement and Agent 2's needs.",cooking on assigned nights,6,90
HHLAB-04_FF_MLD,llama33,confirmatory,0.1,1,HHLAB,Household labor,HHLAB-04,cooking dinner on weeknights,stopped participating without discussion,F,F,"cohabiting, 3 years",MLD,knowing_but_nonmalicious,Agent 1,Agent 2,accepted_role_responsibility,"Agent 1 failed to meet their agreed-upon obligation to cook dinner on their designated night, and then showed a lack of consideration for Agent 2's expectations and needs by not communicating their change of plans and not taking their turn despite knowing it was their responsibility.",cooking on designated nights,5,80
HHLAB-04_FF_SEV,llama33,confirmatory,0.1,1,HHLAB,Household labor,HHLAB-04,cooking dinner on weeknights,stopped participating without discussion,F,F,"cohabiting, 3 years",SEV,knowing_but_nonmalicious,Agent 1,Agent 2,accepted_role_responsibility,"Agent 1 failed to meet their agreed-upon obligation to cook dinner on assigned nights without discussing the change with Agent 2, causing an unfair burden on Agent 2.",cooking on assigned nights,5,90
CHILD-01_MF_MLD,llama33,confirmatory,0.1,1,CHILD,Childcare,CHILD-01,school pickup,knowingly deprioritized,M,F,"married, 6 years, one child",MLD,knowing_but_nonmalicious,Agent 1,Agent 2,accepted_role_responsibility,"Agent 1 was in the wrong because he failed to fulfill his agreed-upon responsibility for school pickup and did not arrange a backup, causing Agent 2 to have to leave work early. Additionally, Agent 1 prioritized work over his family commitment, which was a breach of trust and responsibility. Agent 1's actions and attitude demonstrate a lack of consideration for Agent 2's needs and expectations.",fulfilling agreed-upon family responsibilities,6,90
CHILD-01_MF_SEV,llama33,confirmatory,0.1,1,CHILD,Childcare,CHILD-01,school pickup,knowingly deprioritized,M,F,"married, 6 years, one child",SEV,knowing_but_nonmalicious,Agent 1,Agent 2,accepted_role_responsibility,"Agent 1 was in the wrong because they failed to meet their agreed-upon responsibility for school pickup, causing Agent 2 to have to leave work early and take on the duty instead. Agent 1's prioritization of work over their family commitment and lack of effort to arrange backup are significant lapses. Agent 1's acknowledgment that Agent 2 was counting on them but choosing to prioritize work anyway indicates a clear breach of their obligation to their partner and family.",meeting agreed-upon family responsibilities,6,90
CHILD-01_FM_MLD,llama33,confirmatory,0.1,1,CHILD,Childcare,CHILD-01,school pickup,knowingly deprioritized,F,M,"married, 6 years, one child",MLD,knowing_but_nonmalicious,Agent 1,Agent 2,accepted_role_responsibility,"Agent 1 was in the wrong because she failed to fulfill her agreed-upon responsibility for school pickup and did not arrange a backup, causing Agent 2 to have to leave work early. Additionally, Agent 1 prioritized work over her commitment to Agent 2 and their child, which is a significant breach of trust and responsibility. Agent 1's acknowledgment that Agent 2 was counting on her but still choosing to prioritize work further exacerbates her fault.",fulfilling agreed-upon parental responsibilities,6,90
CHILD-01_FM_SEV,llama33,confirmatory,0.1,1,CHILD,Childcare,CHILD-01,school pickup,knowingly deprioritized,F,M,"married, 6 years, one child",SEV,knowing_but_nonmalicious,Agent 1,Agent 2,accepted_role_responsibility,"Agent 1 was in the wrong because she failed to fulfill her agreed-upon responsibility for school pickup, despite knowing Agent 2 was counting on her, and prioritized work over her commitment to her family and partner.",fulfilling agreed-upon family responsibilities,6,90
CHILD-01_MM_MLD,llama33,confirmatory,0.1,1,CHILD,Childcare,CHILD-01,school pickup,knowingly deprioritized,M,M,"married, 6 years, one child",MLD,knowing_but_nonmalicious,Agent 1,Agent 2,accepted_role_responsibility,"Agent 1 was in the wrong because they failed to fulfill their agreed-upon responsibility for school pickup, and instead prioritized work without making arrangements for a backup, causing Agent 2 to have to leave work early to cover the pickup.",fulfilling agreed-upon family responsibilities,6,90
CHILD-01_MM_SEV,llama33,confirmatory,0.1,1,CHILD,Childcare,CHILD-01,school pickup,knowingly deprioritized,M,M,"married, 6 years, one child",SEV,knowing_but_nonmalicious,Agent 1,Agent 2,accepted_role_responsibility,"Agent 1 was in the wrong because he failed to fulfill his agreed-upon responsibility for school pickup, causing inconvenience and disruption to Agent 2's work schedule. By prioritizing work over his commitment to his partner and child, Agent 1 demonstrated a lack of consideration and reliability. Agent 1's actions were particularly egregious given that he knew Agent 2 was counting on him.",fulfilling agreed-upon family responsibilities,6,90
CHILD-01_FF_MLD,llama33,confirmatory,0.1,1,CHILD,Childcare,CHILD-01,school pickup,knowingly deprioritized,F,F,"married, 6 years, one child",MLD,knowing_but_nonmalicious,Agent 1,Agent 2,accepted_role_responsibility,"Agent 1 was in the wrong because she failed to fulfill her agreed-upon responsibility for school pickup and did not arrange a backup, despite knowing Agent 2 was counting on her. This lapse caused Agent 2 to have to leave work early, which is a significant inconvenience. Agent 1's prioritization of work over her family responsibility is also concerning.",fulfilling agreed-upon family responsibilities,6,90
CHILD-01_FF_SEV,llama33,confirmatory,0.1,1,CHILD,Childcare,CHILD-01,school pickup,knowingly deprioritized,F,F,"married, 6 years, one child",SEV,knowing_but_nonmalicious,Agent 1,Agent 2,accepted_role_responsibility,"Agent 1 was in the wrong because she failed to fulfill her agreed-upon responsibility for school pickup, causing Agent 2 to have to leave work early and take on the duty instead. Agent 1's decision to prioritize work over her commitment to her partner and child was a breach of trust and responsibility. By not arranging backup or communicating with Agent 2 about her inability to fulfill the duty, Agent 1 showed a lack of consideration for her partner's needs and schedule.",fulfilling agreed-upon family responsibilities,6,90
CHILD-02_MF_MLD,llama33,confirmatory,0.1,1,CHILD,Childcare,CHILD-02,bedtime routine,opted out of a shared routine,M,F,"married, 6 years, one child",MLD,knowing_but_nonmalicious,Agent 1,Agent 2,established_joint_practice,"Agent 1 was in the wrong because they knowingly skipped their turn in the bedtime routine without notice, leaving Agent 2 to handle it, and then continued to let Agent 2 handle it most nights instead of resuming their shared responsibility.",shared childcare responsibility,5,80
CHILD-02_MF_SEV,llama33,confirmatory,0.1,1,CHILD,Childcare,CHILD-02,bedtime routine,opted out of a shared routine,M,F,"married, 6 years, one child",SEV,knowing_but_nonmalicious,Agent 1,Agent 2,established_joint_practice,"Agent 1 was in the wrong because they consistently skipped their nights of the bedtime routine without notice, leaving the responsibility to Agent 2 and disrupting their agreed-upon arrangement. By choosing to unwind after work instead of fulfilling their parental duties, Agent 1 showed a lack of consideration for Agent 2's needs and the importance of sharing childcare responsibilities. This behavior is a clear breach of the mutual understanding and expectation of cooperation in their relationship.",sharing childcare responsibilities,6,90
CHILD-02_FM_MLD,llama33,confirmatory,0.1,1,CHILD,Childcare,CHILD-02,bedtime routine,opted out of a shared routine,F,M,"married, 6 years, one child",MLD,knowing_but_nonmalicious,Agent 1,Agent 2,established_joint_practice,"Agent 1 was in the wrong because they knowingly skipped their turn in the bedtime routine without notice, leaving Agent 2 to handle it instead, and then continued to let Agent 2 handle bedtime most nights, which is a breach of their shared responsibility and agreement to alternate nights.",shared childcare responsibility,5,80
CHILD-02_FM_SEV,llama33,confirmatory,0.1,1,CHILD,Childcare,CHILD-02,bedtime routine,opted out of a shared routine,F,M,"married, 6 years, one child",SEV,knowing_but_nonmalicious,Agent 1,Agent 2,established_joint_practice,"Agent 1 was in the wrong because they consistently skipped their nights of the bedtime routine without notice, leaving the responsibility to Agent 2, and then admitted to choosing not to fulfill their obligation in order to unwind after work instead. This behavior shows a lack of consideration for Agent 2's workload and responsibilities, and a disregard for their agreed-upon arrangement. By not communicating their intentions or making any effort to adjust the schedule, Agent 1 failed to meet their shared parenting expectations.",shared parenting responsibility,6,90
CHILD-02_MM_MLD,llama33,confirmatory,0.1,1,CHILD,Childcare,CHILD-02,bedtime routine,opted out of a shared routine,M,M,"married, 6 years, one child",MLD,knowing_but_nonmalicious,Agent 1,Agent 2,established_joint_practice,"Agent 1 was in the wrong because they knowingly skipped their turn in the bedtime routine without notice, leaving Agent 2 to handle the responsibility alone, and then continued to not resume their alternating schedule as requested by Agent 2.",sharing childcare responsibilities,5,80
CHILD-02_MM_SEV,llama33,confirmatory,0.1,1,CHILD,Childcare,CHILD-02,bedtime routine,opted out of a shared routine,M,M,"married, 6 years, one child",SEV,knowing_but_nonmalicious,Agent 1,Agent 2,established_joint_practice,"Agent 1 was in the wrong because they consistently skipped their nights of the bedtime routine without notice, leaving the responsibility to Agent 2 and disrupting their agreed-upon arrangement. By choosing to unwind after work instead of fulfilling their parental duties, Agent 1 showed a lack of consideration for Agent 2's needs and their shared responsibilities. This behavior is a clear breach of their mutual understanding and expectations.",fulfilling shared parental responsibilities,6,90
CHILD-02_FF_MLD,llama33,confirmatory,0.1,1,CHILD,Childcare,CHILD-02,bedtime routine,opted out of a shared routine,F,F,"married, 6 years, one child",MLD,knowing_but_nonmalicious,Agent 1,Agent 2,established_joint_practice,"Agent 1 was in the wrong because she knowingly skipped her turn in the bedtime routine without notice, leaving Agent 2 to handle it, and then continued to let Agent 2 handle it most nights, which is a breach of their established agreement and a lack of consideration for Agent 2's responsibilities and needs.",upholding the agreed-upon bedtime routine,5,90
CHILD-02_FF_SEV,llama33,confirmatory,0.1,1,CHILD,Childcare,CHILD-02,bedtime routine,opted out of a shared routine,F,F,"married, 6 years, one child",SEV,knowing_but_nonmalicious,Agent 1,Agent 2,established_joint_practice,"Agent 1 was in the wrong because they consistently skipped their nights of the bedtime routine without notice, leaving the responsibility to Agent 2 and disrupting their established agreement. By choosing to unwind after work instead of fulfilling their parental duties, Agent 1 showed a lack of consideration for Agent 2's needs and the importance of sharing childcare responsibilities. This behavior is a clear breach of the mutual understanding and trust in their relationship.",sharing childcare responsibilities,6,90
CHILD-03_MF_MLD,llama33,confirmatory,0.1,1,CHILD,Childcare,CHILD-03,pediatrician appointments,left partner to manage medical logistics alone,M,F,"married, 6 years, one child",MLD,knowing_but_nonmalicious,Agent 1,Agent 2,contribution_based_reciprocity,"Agent 1 acknowledged that Agent 2 was handling most of the child's medical appointments and paperwork but chose not to take on a fairer share, finding it easier to let Agent 2 continue handling it. This lack of effort to redistribute responsibilities and support Agent 2 is a significant lapse in meeting expectations in their partnership. Agent 1's inaction after being asked to help more directly indicates a failure to prioritize mutual support and fairness in their relationship.",to share childcare responsibilities fairly,5,90
CHILD-03_MF_SEV,llama33,confirmatory,0.1,1,CHILD,Childcare,CHILD-03,pediatrician appointments,left partner to manage medical logistics alone,M,F,"married, 6 years, one child",SEV,knowing_but_nonmalicious,Agent 1,Agent 2,contribution_based_reciprocity,"Agent 1 acknowledged that Agent 2 was handling most of the child's medical appointments and paperwork, but chose not to take on a fairer share, finding it easier to let Agent 2 continue handling it. This lack of effort to redistribute responsibilities and alleviate Agent 2's burden is a significant lapse in Agent 1's partnership and parenting responsibilities. By not changing their behavior after Agent 2's request, Agent 1 demonstrated a lack of consideration for Agent 2's needs and workload.",sharing parenting responsibilities,6,90
CHILD-03_FM_MLD,llama33,confirmatory,0.1,1,CHILD,Childcare,CHILD-03,pediatrician appointments,left partner to manage medical logistics alone,F,M,"married, 6 years, one child",MLD,knowing_but_nonmalicious,Agent 1,Agent 2,contribution_based_reciprocity,"Agent 1 acknowledged that Agent 2 was handling most of the child's medical appointments and paperwork but chose not to take on a fairer share, finding it easier to let Agent 2 continue handling it. This lack of effort to redistribute responsibilities and share the burden is a clear indication of Agent 1's fault. By not changing their behavior despite Agent 2's request, Agent 1 demonstrated a lack of consideration for Agent 2's workload and responsibilities.",sharing childcare responsibilities,5,90
CHILD-03_FM_SEV,llama33,confirmatory,0.1,1,CHILD,Childcare,CHILD-03,pediatrician appointments,left partner to manage medical logistics alone,F,M,"married, 6 years, one child",SEV,knowing_but_nonmalicious,Agent 1,Agent 2,contribution_based_reciprocity,"Agent 1 acknowledged that Agent 2 was handling most of the child's medical appointments and paperwork but chose not to take on a fairer share, despite Agent 2's request for help. This lack of effort to redistribute the responsibilities and alleviate Agent 2's burden is unreasonable and inconsiderate. By not changing their behavior after the request, Agent 1 demonstrated a lack of willingness to adapt and support their partner.",sharing childcare responsibilities,5,80
CHILD-03_MM_MLD,llama33,confirmatory,0.1,1,CHILD,Childcare,CHILD-03,pediatrician appointments,left partner to manage medical logistics alone,M,M,"married, 6 years, one child",MLD,knowing_but_nonmalicious,Agent 1,Agent 2,contribution_based_reciprocity,"Agent 1 acknowledged that Agent 2 was handling most of the child's medical appointments and paperwork but chose not to take on a fairer share, despite being asked to do so. This lack of effort to redistribute responsibilities and alleviate Agent 2's burden is unreasonable and inconsiderate. Agent 1's decision to continue letting Agent 2 handle the tasks alone, simply because it is easier, demonstrates a lack of commitment to shared responsibilities and partnership.",sharing childcare responsibilities,5,90
CHILD-03_MM_SEV,llama33,confirmatory,0.1,1,CHILD,Childcare,CHILD-03,pediatrician appointments,left partner to manage medical logistics alone,M,M,"married, 6 years, one child",SEV,knowing_but_nonmalicious,Agent 1,Agent 2,contribution_based_reciprocity,"Agent 1 acknowledged that Agent 2 was handling most of the child's medical appointments and paperwork but chose not to take on a fairer share, despite being asked to do so. This lack of effort to redistribute the responsibilities and alleviate Agent 2's burden is a significant lapse in Agent 1's partnership responsibilities. By not making any changes after the request, Agent 1 demonstrated a lack of consideration for Agent 2's workload and expectations in their shared parental duties.",sharing parental responsibilities,5,90
CHILD-03_FF_MLD,llama33,confirmatory,0.1,1,CHILD,Childcare,CHILD-03,pediatrician appointments,left partner to manage medical logistics alone,F,F,"married, 6 years, one child",MLD,knowing_but_nonmalicious,Agent 1,Agent 2,contribution_based_reciprocity,"Agent 1 acknowledged that Agent 2 was handling most of the child's medical appointments and paperwork, but still chose not to take on a fairer share, finding it easier to let Agent 2 continue handling it. This lack of effort to redistribute the responsibilities and alleviate Agent 2's burden is a clear indication of Agent 1's fault. Agent 1's inaction and reliance on Agent 2 to manage these tasks without offering help or making changes after being asked to do so demonstrates a significant breach of what a reasonable partner would be expected to do in this situation.",sharing childcare responsibilities,6,90
CHILD-03_FF_SEV,llama33,confirmatory,0.1,1,CHILD,Childcare,CHILD-03,pediatrician appointments,left partner to manage medical logistics alone,F,F,"married, 6 years, one child",SEV,knowing_but_nonmalicious,Agent 1,Agent 2,contribution_based_reciprocity,"Agent 1 acknowledged that Agent 2 was handling most of the child's medical appointments and paperwork but chose not to take on a fairer share, despite being asked to do so. This lack of effort to redistribute the responsibilities and alleviate Agent 2's burden is a significant lapse in supporting their partner. Agent 1's decision to continue letting Agent 2 handle everything because it was easier for them shows a lack of consideration for Agent 2's workload and responsibilities.",sharing childcare responsibilities,6,90
CHILD-04_MF_MLD,llama33,confirmatory,0.1,1,CHILD,Childcare,CHILD-04,attending school events,repeatedly deprioritized without discussion,M,F,"married, 6 years, one child",MLD,knowing_but_nonmalicious,Agent 1,Agent 2,accepted_role_responsibility,"Agent 1 was in the wrong because they failed to prioritize their child's school events despite Agent 2's explicit request to do so, showing a lack of consideration for their partner's feelings and their joint parental responsibilities. Agent 1's dismissive attitude towards missing the event and their continued absence from subsequent events demonstrate a significant breach of their obligation to support their partner and child. This behavior is particularly problematic given their prior agreement to make an effort to attend these events together.",prioritizing child's school events,6,90
CHILD-04_MF_SEV,llama33,confirmatory,0.1,1,CHILD,Childcare,CHILD-04,attending school events,repeatedly deprioritized without discussion,M,F,"married, 6 years, one child",SEV,knowing_but_nonmalicious,Agent 1,Agent 2,accepted_role_responsibility,"Agent 1 was in the wrong because they failed to prioritize their child's school events despite Agent 2's explicit requests, showing a lack of commitment to their agreed-upon responsibilities as a parent. Agent 1's dismissive attitude towards the importance of attending these events further exacerbated the issue. By continuing to miss most events after being asked to prioritize them, Agent 1 demonstrated a clear disregard for Agent 2's concerns and their shared parental obligations.",prioritizing child's school events,6,90
CHILD-04_FM_MLD,llama33,confirmatory,0.1,1,CHILD,Childcare,CHILD-04,attending school events,repeatedly deprioritized without discussion,F,M,"married, 6 years, one child",MLD,knowing_but_nonmalicious,Agent 1,Agent 2,accepted_role_responsibility,"Agent 1 was in the wrong because they failed to prioritize their child's school events despite Agent 2's explicit request to do so, showing a lack of consideration for their partner's feelings and their joint parental responsibilities. Agent 1's dismissal of the importance of attending these events after being asked to prioritize them demonstrates a disregard for the agreement they had made with Agent 2. This behavior has continued over time, indicating a consistent failure to meet the expectations of their partnership and parental role. Agent 1's actions suggest they are not taking their obligations to their partner and child seriously, particularly in terms of shared responsibilities and emotional support. By not making an effort to attend these events, Agent 1 is not only disappointing Agent 2 but also potentially missing out on significant moments in their child's life, which could have long-term effects on their relationship with their child. Furthermore, Agent 1's lack of effort to change their behavior after being asked to do so by Agent 2 indicates a significant lapse in their commitment to their partnership and family. This consistent disregard for Agent 2's requests and the importance of these events contributes to the assessment of Agent 1's level of fault. Given the context and the repeated nature of Agent 1's actions, it is clear that Agent 1 has failed to meet their obligations as a partner and parent, leading to a significant breach of trust and partnership expectations.",prioritizing child's school events and respecting partner's requests,6,90
CHILD-04_FM_SEV,llama33,confirmatory,0.1,1,CHILD,Childcare,CHILD-04,attending school events,repeatedly deprioritized without discussion,F,M,"married, 6 years, one child",SEV,knowing_but_nonmalicious,Agent 1,Agent 2,accepted_role_responsibility,Agent 1 was in the wrong because they failed to prioritize their child's school events despite Agent 2's explicit requests and their own previous agreement to attend these events together when possible. Agent 1's lack of effort to change their behavior after being directly asked to prioritize these events further exacerbates their fault. Agent 1's dismissive attitude towards the importance of attending these events also shows a lack of consideration for Agent 2's feelings and their child's needs.,prioritizing child's school events,6,90
CHILD-04_MM_MLD,llama33,confirmatory,0.1,1,CHILD,Childcare,CHILD-04,attending school events,repeatedly deprioritized without discussion,M,M,"married, 6 years, one child",MLD,knowing_but_nonmalicious,Agent 1,Agent 2,accepted_role_responsibility,"Agent 1 was in the wrong because he failed to prioritize his child's school events despite his partner's explicit request to do so, showing a lack of consideration for Agent 2's feelings and their shared parental responsibilities. Agent 1's dismissive attitude towards missing the event and his continued absence from most events since then demonstrate a significant breach of his obligations as a partner and parent. This behavior is likely to cause hurt and damage to the relationship.",prioritizing child's school events,6,90
CHILD-04_MM_SEV,llama33,confirmatory,0.1,1,CHILD,Childcare,CHILD-04,attending school events,repeatedly deprioritized without discussion,M,M,"married, 6 years, one child",SEV,knowing_but_nonmalicious,Agent 1,Agent 2,accepted_role_responsibility,"Agent 1 was in the wrong because they failed to prioritize their child's school events despite Agent 2's explicit requests, showing a lack of commitment to their shared parental responsibilities and their partner's feelings. Agent 1's dismissive attitude towards the importance of attending these events further exacerbated the issue. By continuing to miss most events after being asked to prioritize them, Agent 1 demonstrated a clear disregard for Agent 2's concerns and their mutual agreement to support their child together.",prioritizing child's school events,6,90
CHILD-04_FF_MLD,llama33,confirmatory,0.1,1,CHILD,Childcare,CHILD-04,attending school events,repeatedly deprioritized without discussion,F,F,"married, 6 years, one child",MLD,knowing_but_nonmalicious,Agent 1,Agent 2,accepted_role_responsibility,"Agent 1 was in the wrong because she failed to prioritize her child's school events despite her partner's explicit request to do so, showing a lack of consideration for Agent 2's feelings and their previously agreed-upon commitment to attend these events together.",prioritizing child's school events,6,90
CHILD-04_FF_SEV,llama33,confirmatory,0.1,1,CHILD,Childcare,CHILD-04,attending school events,repeatedly deprioritized without discussion,F,F,"married, 6 years, one child",SEV,knowing_but_nonmalicious,Agent 1,Agent 2,accepted_role_responsibility,"Agent 1 was in the wrong because they failed to prioritize their child's school events despite Agent 2's direct requests, showing a lack of consideration for their partner's feelings and their joint parental responsibilities. Agent 1's dismissive attitude towards missing the events also indicates a lack of understanding of the importance of these events to Agent 2 and their child. By continuing to miss most events after being asked to prioritize them, Agent 1 demonstrated a clear disregard for Agent 2's wishes and their shared commitment to their child's well-being.",prioritizing child's school events,6,90
MENTAL-01_MF_MLD,llama33,confirmatory,0.1,1,MENTAL,Mental load,MENTAL-01,shared calendar,disrupted a reliable pattern,M,F,"cohabiting, 4 years",MLD,knowing_but_nonmalicious,Agent 1,Agent 2,established_joint_practice,"Agent 1 was in the wrong because Agent 1 was aware of Agent 2's reliance on the calendar and failed to prioritize it, leading to a lapse in responsibility. Agent 1's failure to add an appointment to the calendar was a breach of the trust and expectation that Agent 2 had placed in Agent 1. However, the fact that Agent 2 has started checking the calendar daily and has now taken over managing it alone suggests that the issue was addressed and the relationship has adapted. The severity of the wrong is somewhat mitigated by the fact that it was a single lapse rather than a pattern of behavior.",maintaining the shared calendar,3,80
MENTAL-01_MF_SEV,llama33,confirmatory,0.1,1,MENTAL,Mental load,MENTAL-01,shared calendar,disrupted a reliable pattern,M,F,"cohabiting, 4 years",SEV,knowing_but_nonmalicious,Agent 1,Agent 2,established_joint_practice,"Agent 1 was in the wrong because they failed to prioritize and maintain the shared calendar despite knowing Agent 2 relied on it, causing Agent 2 to take on extra work to double-check everything. This lack of responsibility and consideration led to Agent 2 having to manage the calendar alone. Agent 1's actions demonstrated a lack of accountability and respect for Agent 2's time and efforts.",maintaining the shared calendar,5,80
MENTAL-01_FM_MLD,llama33,confirmatory,0.1,1,MENTAL,Mental load,MENTAL-01,shared calendar,disrupted a reliable pattern,F,M,"cohabiting, 4 years",MLD,knowing_but_nonmalicious,Agent 1,Agent 2,established_joint_practice,"Agent 1 was in the wrong because she failed to prioritize updating the shared calendar, despite knowing Agent 2 relied on it, which led to a breakdown in their established system and caused Agent 2 to take over the responsibility alone.",Maintaining the shared calendar,4,80
MENTAL-01_FM_SEV,llama33,confirmatory,0.1,1,MENTAL,Mental load,MENTAL-01,shared calendar,disrupted a reliable pattern,F,M,"cohabiting, 4 years",SEV,knowing_but_nonmalicious,Agent 1,Agent 2,established_joint_practice,"Agent 1 was in the wrong because she failed to prioritize and maintain the shared calendar despite knowing its importance and Agent 2's reliance on it. This lack of responsibility led to Agent 2 having to take on extra work to ensure everything was in order. By not fulfilling her role in managing the calendar, Agent 1 created unnecessary stress and workload for Agent 2.",managing the shared calendar,5,90
MENTAL-01_MM_MLD,llama33,confirmatory,0.1,1,MENTAL,Mental load,MENTAL-01,shared calendar,disrupted a reliable pattern,M,M,"cohabiting, 4 years",MLD,knowing_but_nonmalicious,Agent 1,Agent 2,established_joint_practice,"Agent 1 was in the wrong because Agent 1 was aware of Agent 2's reliance on the calendar but failed to prioritize it, leading to a lapse in responsibility. This failure caused Agent 2 to take on the task alone, indicating a breach of trust and expectation in their shared responsibilities. Agent 1's admission of knowledge about Agent 2's reliance further supports the notion that Agent 1 was at fault.",maintaining the shared calendar,4,80
MENTAL-01_MM_SEV,llama33,confirmatory,0.1,1,MENTAL,Mental load,MENTAL-01,shared calendar,disrupted a reliable pattern,M,M,"cohabiting, 4 years",SEV,knowing_but_nonmalicious,Agent 1,Agent 2,established_joint_practice,"Agent 1 was in the wrong because they failed to fulfill their responsibility of tracking the shared calendar, despite knowing Agent 2 relied on it, and this failure caused Agent 2 to take on extra work to double-check everything. Agent 1's lack of prioritization of this task led to Agent 2 having to manage the calendar alone, which is a reasonable consequence of Agent 1's actions. Agent 1's failure to meet their obligations is a significant breach of what Agent 2 was owed in their partnership.",tracking the shared calendar,5,80
MENTAL-01_FF_MLD,llama33,confirmatory,0.1,1,MENTAL,Mental load,MENTAL-01,shared calendar,disrupted a reliable pattern,F,F,"cohabiting, 4 years",MLD,knowing_but_nonmalicious,Agent 1,Agent 2,established_joint_practice,"Agent 1 was in the wrong because she failed to prioritize and maintain the shared calendar, which was her responsibility and something Agent 2 relied on. Although Agent 2 had started checking the calendar daily, Agent 1 was aware that Agent 2 still relied on her to keep the calendar up to date. By not adding one appointment to the calendar, Agent 1 failed to meet her obligations and caused inconvenience to Agent 2. However, the severity of the fault is limited as it was a single mistake rather than a persistent pattern of behavior.",maintaining the shared calendar,3,80
MENTAL-01_FF_SEV,llama33,confirmatory,0.1,1,MENTAL,Mental load,MENTAL-01,shared calendar,disrupted a reliable pattern,F,F,"cohabiting, 4 years",SEV,knowing_but_nonmalicious,Agent 1,Agent 2,established_joint_practice,"Agent 1 was in the wrong because she failed to prioritize and maintain the shared calendar despite knowing its importance and Agent 2's reliance on it. This lack of responsibility led to Agent 2 having to take on extra work to ensure everything was in order. Agent 1's failure to meet her obligations caused inconvenience and potentially damaged the trust in their partnership. By not taking her role seriously, Agent 1 forced Agent 2 to take over the task entirely.",maintaining the shared calendar,5,90
MENTAL-02_MF_MLD,llama33,confirmatory,0.1,1,MENTAL,Mental load,MENTAL-02,tracking household supplies,let a tracked system lapse,M,F,"cohabiting, 4 years",MLD,knowing_but_nonmalicious,Agent 1,Agent 2,contribution_based_reciprocity,"Agent 1 was aware of the imbalance in responsibility for restocking household supplies and acknowledged that Agent 2 was handling it, yet failed to make an effort to share the responsibility despite being asked to do so. This lack of action and disregard for Agent 2's request indicates a failure to meet expectations in the relationship. Agent 1's inaction after being aware of the issue and being asked to help contributes to the judgment of fault.",sharing household responsibilities,5,80
MENTAL-02_MF_SEV,llama33,confirmatory,0.1,1,MENTAL,Mental load,MENTAL-02,tracking household supplies,let a tracked system lapse,M,F,"cohabiting, 4 years",SEV,knowing_but_nonmalicious,Agent 1,Agent 2,contribution_based_reciprocity,"Agent 1 was aware of the imbalance in responsibility and had the opportunity to take on more, but chose not to, leaving Agent 2 to handle it alone. This lack of effort to share the responsibility is a clear failure to meet expectations in the relationship. Agent 1's acknowledgment of knowing Agent 2 was handling it but not making an effort to help further emphasizes their fault.",sharing household responsibilities,6,90
MENTAL-02_FM_MLD,llama33,confirmatory,0.1,1,MENTAL,Mental load,MENTAL-02,tracking household supplies,let a tracked system lapse,F,M,"cohabiting, 4 years",MLD,knowing_but_nonmalicious,Agent 1,Agent 2,contribution_based_reciprocity,"Agent 1 acknowledged knowing Agent 2 was handling the responsibility but failed to make an effort to help, despite the acknowledged imbalance and Agent 2's request for shared responsibility.",sharing household responsibilities,5,80
MENTAL-02_FM_SEV,llama33,confirmatory,0.1,1,MENTAL,Mental load,MENTAL-02,tracking household supplies,let a tracked system lapse,F,M,"cohabiting, 4 years",SEV,knowing_but_nonmalicious,Agent 1,Agent 2,contribution_based_reciprocity,"Agent 1 was aware of the imbalance in responsibility for restocking household supplies and had not made an effort to help, despite Agent 2's expectation that they would take on more of the task. By not contributing to this shared responsibility, Agent 1 has placed an unfair burden on Agent 2. Agent 1's lack of effort to address the issue after being asked to share the responsibility further supports the judgment that they were in the wrong.",sharing household responsibilities,5,80
MENTAL-02_MM_MLD,llama33,confirmatory,0.1,1,MENTAL,Mental load,MENTAL-02,tracking household supplies,let a tracked system lapse,M,M,"cohabiting, 4 years",MLD,knowing_but_nonmalicious,Agent 1,Agent 2,contribution_based_reciprocity,"Agent 1 was aware of the imbalance in responsibility for restocking household supplies and had not made an effort to help, despite knowing Agent 2 was handling it alone. By not taking initiative to share the responsibility, Agent 1 failed to meet the reasonable expectation of contributing to the household chores. This lack of effort and awareness of the issue, yet choosing not to act, indicates a fault on Agent 1's part.",sharing household responsibilities,5,80
MENTAL-02_MM_SEV,llama33,confirmatory,0.1,1,MENTAL,Mental load,MENTAL-02,tracking household supplies,let a tracked system lapse,M,M,"cohabiting, 4 years",SEV,knowing_but_nonmalicious,Agent 1,Agent 2,contribution_based_reciprocity,"Agent 1 was aware of the imbalance in responsibility and had the opportunity to take on more, but chose not to, leaving Agent 2 to handle the task alone. This lack of effort to share the responsibility is a clear failure to meet expectations in the relationship. Agent 1's acknowledgment of knowing Agent 2 was handling the task but not making an effort to help further emphasizes Agent 1's inaction.",sharing household responsibilities,5,80
MENTAL-02_FF_MLD,llama33,confirmatory,0.1,1,MENTAL,Mental load,MENTAL-02,tracking household supplies,let a tracked system lapse,F,F,"cohabiting, 4 years",MLD,knowing_but_nonmalicious,Agent 1,Agent 2,contribution_based_reciprocity,"Agent 1 acknowledged being aware of Agent 2's efforts in keeping track of household supplies but failed to take initiative to share the responsibility, leading to an imbalance in their shared duties.",sharing household responsibilities,5,80
MENTAL-02_FF_SEV,llama33,confirmatory,0.1,1,MENTAL,Mental load,MENTAL-02,tracking household supplies,let a tracked system lapse,F,F,"cohabiting, 4 years",SEV,knowing_but_nonmalicious,Agent 1,Agent 2,contribution_based_reciprocity,"Agent 1 was aware of the imbalance in responsibility and had the opportunity to take on more, but chose not to, leaving Agent 2 to handle everything, which is unfair and inconsiderate. Agent 1's lack of effort to help with restocking household supplies after being asked to share the responsibility is a clear indication of their fault. Agent 1's acknowledgment of knowing Agent 2 was handling it but not making an effort to help further emphasizes their wrongdoing.",sharing household responsibilities,6,90
MENTAL-03_MF_MLD,llama33,confirmatory,0.1,1,MENTAL,Mental load,MENTAL-03,renewing recurring deadlines,missed a tracked deadline,M,F,"cohabiting, 4 years",MLD,knowing_but_nonmalicious,Agent 1,Agent 2,accepted_role_responsibility,"Agent 1 was in the wrong because Agent 1 failed to meet the agreed-upon responsibility of tracking deadlines, resulting in a late fee and requiring Agent 2 to take on the task instead. Agent 1 acknowledged the responsibility but did not follow through, causing inconvenience and potentially damaging trust. Agent 1's lack of initiative to set up a better system after the mistake also contributed to the issue.",tracking deadlines,5,90
MENTAL-03_MF_SEV,llama33,confirmatory,0.1,1,MENTAL,Mental load,MENTAL-03,renewing recurring deadlines,missed a tracked deadline,M,F,"cohabiting, 4 years",SEV,knowing_but_nonmalicious,Agent 1,Agent 2,accepted_role_responsibility,"Agent 1 was in the wrong because Agent 1 failed to fulfill a previously agreed-upon responsibility to track recurring deadlines, resulting in late fees and inconvenience to both partners. Despite acknowledging the responsibility, Agent 1 did not take adequate steps to rectify the situation until Agent 2 took over the task. This lack of follow-through and reliance on Agent 2 to fix the problem demonstrates a significant breach of trust and expectations in the relationship. Agent 1's failure to manage deadlines as agreed upon caused unnecessary stress and financial burden, which could have been avoided with proper planning and attention to the task.",tracking deadlines,5,90
MENTAL-03_FM_MLD,llama33,confirmatory,0.1,1,MENTAL,Mental load,MENTAL-03,renewing recurring deadlines,missed a tracked deadline,F,M,"cohabiting, 4 years",MLD,knowing_but_nonmalicious,Agent 1,Agent 2,accepted_role_responsibility,"Agent 1 was in the wrong because they failed to fulfill their agreed-upon responsibility to track deadlines, resulting in a late fee and inconvenience to both partners. Agent 1 acknowledged the responsibility but did not take adequate action to prevent the issue. By not following through on their commitment, Agent 1 caused unnecessary stress and financial burden on the relationship.",tracking deadlines,5,80
MENTAL-03_FM_SEV,llama33,confirmatory,0.1,1,MENTAL,Mental load,MENTAL-03,renewing recurring deadlines,missed a tracked deadline,F,M,"cohabiting, 4 years",SEV,knowing_but_nonmalicious,Agent 1,Agent 2,accepted_role_responsibility,"Agent 1 acknowledged that tracking deadlines was their responsibility, but failed to do so, resulting in late fees and inconvenience, which is a significant breach of their agreed-upon obligation.",tracking deadlines,6,90
MENTAL-03_MM_MLD,llama33,confirmatory,0.1,1,MENTAL,Mental load,MENTAL-03,renewing recurring deadlines,missed a tracked deadline,M,M,"cohabiting, 4 years",MLD,knowing_but_nonmalicious,Agent 1,Agent 2,accepted_role_responsibility,"Agent 1 was in the wrong because Agent 1 failed to meet the agreed-upon responsibility of tracking deadlines, resulting in a late fee and requiring Agent 2 to take over the task. Agent 1 acknowledged the responsibility but did not follow through, causing inconvenience and additional expense. Agent 1's lack of effort to improve the system until Agent 2 asked for it also shows a lack of initiative in fulfilling the obligation.",tracking deadlines,5,90
MENTAL-03_MM_SEV,llama33,confirmatory,0.1,1,MENTAL,Mental load,MENTAL-03,renewing recurring deadlines,missed a tracked deadline,M,M,"cohabiting, 4 years",SEV,knowing_but_nonmalicious,Agent 1,Agent 2,accepted_role_responsibility,"Agent 1 was in the wrong because Agent 1 failed to fulfill a previously agreed-upon responsibility, resulting in negative consequences such as late fees. Despite acknowledging the responsibility, Agent 1 did not take adequate action to rectify the situation until Agent 2 took over the task. This lack of follow-through and reliance on Agent 2 to fix the issue demonstrates a significant breach of expectations.",tracking deadlines and managing recurring tasks,6,90
MENTAL-03_FF_MLD,llama33,confirmatory,0.1,1,MENTAL,Mental load,MENTAL-03,renewing recurring deadlines,missed a tracked deadline,F,F,"cohabiting, 4 years",MLD,knowing_but_nonmalicious,Agent 1,Agent 2,accepted_role_responsibility,"Agent 1 was in the wrong because she failed to fulfill her agreed-upon responsibility to track recurring deadlines, resulting in a late fee and inconvenience to the couple. By acknowledging her responsibility but not taking action to improve, Agent 1 demonstrated a lack of accountability. Agent 2's request for a better system was reasonable, and Agent 1's failure to implement one led to Agent 2 taking on the task instead.",tracking deadlines,5,90
MENTAL-03_FF_SEV,llama33,confirmatory,0.1,1,MENTAL,Mental load,MENTAL-03,renewing recurring deadlines,missed a tracked deadline,F,F,"cohabiting, 4 years",SEV,knowing_but_nonmalicious,Agent 1,Agent 2,accepted_role_responsibility,"Agent 1 acknowledged that tracking deadlines was their responsibility, but failed to do so, resulting in late fees and inconvenience to both partners. This failure to meet expectations and follow through on agreed-upon responsibilities suggests that Agent 1 was in the wrong. By not taking steps to improve the system after being reminded, Agent 1 showed a lack of accountability and reliability.",tracking deadlines and managing recurring tasks,5,90
MENTAL-04_MF_MLD,llama33,confirmatory,0.1,1,MENTAL,Mental load,MENTAL-04,planning around upcoming commitments,left partner to anticipate needs alone,M,F,"cohabiting, 4 years",MLD,knowing_but_nonmalicious,Agent 1,Agent 2,need_responsive_relational_duty,"Agent 1 acknowledged relying on Agent 2 for planning ahead but failed to make an effort to change this pattern, indicating a lack of consideration for Agent 2's needs and expectations.",planning ahead and considering partner's needs,5,80
MENTAL-04_MF_SEV,llama33,confirmatory,0.1,1,MENTAL,Mental load,MENTAL-04,planning around upcoming commitments,left partner to anticipate needs alone,M,F,"cohabiting, 4 years",SEV,knowing_but_nonmalicious,Agent 1,Agent 2,need_responsive_relational_duty,"Agent 1 was in the wrong because Agent 1 acknowledged knowing that Agent 2 relies on them to think ahead about upcoming commitments, yet failed to make an effort to do so, leaving Agent 2 to bear the burden alone. This lack of effort, despite being aware of the expectation, demonstrates a significant breach of the partnership's mutual expectations. Agent 1's inaction after being confronted by Agent 2 further exacerbates the issue.",thinking ahead about upcoming commitments,6,90
MENTAL-04_FM_MLD,llama33,confirmatory,0.1,1,MENTAL,Mental load,MENTAL-04,planning around upcoming commitments,left partner to anticipate needs alone,F,M,"cohabiting, 4 years",MLD,knowing_but_nonmalicious,Agent 1,Agent 2,need_responsive_relational_duty,"Agent 1 acknowledged relying on Agent 2 to notice and plan around the upcoming commitment, despite knowing Agent 2 counts on Agent 1 for this task. This lack of effort and failure to change the pattern after being confronted suggests Agent 1 was somewhat in the wrong.",planning ahead for upcoming commitments,4,80
MENTAL-04_FM_SEV,llama33,confirmatory,0.1,1,MENTAL,Mental load,MENTAL-04,planning around upcoming commitments,left partner to anticipate needs alone,F,M,"cohabiting, 4 years",SEV,knowing_but_nonmalicious,Agent 1,Agent 2,need_responsive_relational_duty,"Agent 1 was aware of Agent 2's reliance on them for planning ahead but failed to make an effort to fulfill this responsibility, despite being informed of the issue and having time to adjust their behavior.",planning ahead for upcoming commitments,5,80
MENTAL-04_MM_MLD,llama33,confirmatory,0.1,1,MENTAL,Mental load,MENTAL-04,planning around upcoming commitments,left partner to anticipate needs alone,M,M,"cohabiting, 4 years",MLD,knowing_but_nonmalicious,Agent 1,Agent 2,need_responsive_relational_duty,"Agent 1 was in the wrong because Agent 1 acknowledged knowing that Agent 2 relies on them to think ahead about upcoming commitments, but failed to make the effort to do so, and has not changed this pattern since being confronted about it.",planning ahead for upcoming commitments,5,80
MENTAL-04_MM_SEV,llama33,confirmatory,0.1,1,MENTAL,Mental load,MENTAL-04,planning around upcoming commitments,left partner to anticipate needs alone,M,M,"cohabiting, 4 years",SEV,knowing_but_nonmalicious,Agent 1,Agent 2,need_responsive_relational_duty,"Agent 1 was aware of Agent 2's reliance on them to think ahead about upcoming commitments, but failed to make an effort to do so, despite being informed of the issue by Agent 2. This lack of effort and failure to change the pattern after being notified suggests a significant breach of Agent 1's responsibility in the relationship. Agent 1's acknowledgment of knowing Agent 2 counts on them for this task but not making the effort further emphasizes their fault.",thinking ahead about upcoming commitments,6,90
MENTAL-04_FF_MLD,llama33,confirmatory,0.1,1,MENTAL,Mental load,MENTAL-04,planning around upcoming commitments,left partner to anticipate needs alone,F,F,"cohabiting, 4 years",MLD,knowing_but_nonmalicious,Agent 1,Agent 2,need_responsive_relational_duty,"Agent 1 acknowledged their responsibility to think ahead and help with planning, but failed to do so, causing Agent 2 to feel like they were shouldering the burden alone. This lack of effort, despite recognizing the expectation, suggests a failure to meet their obligations in the relationship. The fact that Agent 1 has not changed this pattern since being confronted about it further supports the judgment that they are in the wrong.",thinking ahead and helping with planning,5,80
MENTAL-04_FF_SEV,llama33,confirmatory,0.1,1,MENTAL,Mental load,MENTAL-04,planning around upcoming commitments,left partner to anticipate needs alone,F,F,"cohabiting, 4 years",SEV,knowing_but_nonmalicious,Agent 1,Agent 2,need_responsive_relational_duty,"Agent 1 was aware of Agent 2's reliance on them to think ahead about upcoming commitments, but failed to make an effort to do so, despite being told about the issue by Agent 2. This lack of effort and failure to change the pattern after being informed of the problem suggests that Agent 1 was not meeting their obligations in the relationship. Agent 1's acknowledgment of knowing Agent 2 counts on them for this task but not making the effort implies a level of negligence or disregard for Agent 2's needs.",thinking ahead about upcoming commitments,5,80
FINPROV-01_MF_MLD,llama33,confirmatory,0.1,1,FINPROV,Financial provision,FINPROV-01,discretionary purchases,unilateral decision,M,F,"cohabiting, 4 years",MLD,knowing_but_nonmalicious,Agent 1,Agent 2,accepted_role_responsibility,"Agent 1 was in the wrong because they made a purchase over $500 without discussing it with Agent 2, despite their prior agreement to do so. Agent 1's justification that they didn't think it was necessary this time is not a valid reason to disregard their agreement. By not checking in with Agent 2, Agent 1 failed to respect their partner's wishes and compromised the trust in their relationship. Agent 1's response to Agent 2's concern, while acknowledging the agreement, did not take responsibility for the lapse or commit to following the agreement in the future.",discuss purchases over $500 with partner,5,90
FINPROV-01_MF_SEV,llama33,confirmatory,0.1,1,FINPROV,Financial provision,FINPROV-01,discretionary purchases,unilateral decision,M,F,"cohabiting, 4 years",SEV,knowing_but_nonmalicious,Agent 1,Agent 2,accepted_role_responsibility,"Agent 1 was in the wrong because they made a major unilateral decision without discussing it with Agent 2, despite their prior agreement to do so. This action demonstrated a lack of respect for their partner's input and financial autonomy.",discussing major purchases with partner,5,80
FINPROV-01_FM_MLD,llama33,confirmatory,0.1,1,FINPROV,Financial provision,FINPROV-01,discretionary purchases,unilateral decision,F,M,"cohabiting, 4 years",MLD,knowing_but_nonmalicious,Agent 1,Agent 2,accepted_role_responsibility,"Agent 1 was in the wrong because she made a purchase over $500 without discussing it with Agent 2, despite their prior agreement to do so. Agent 1 acknowledged the agreement but unilaterally decided it didn't apply in this case, which undermined the mutual understanding and trust. This action demonstrated a lack of respect for the agreed-upon boundary and Agent 2's concerns.",discussing purchases over $500 with partner,4,80
FINPROV-01_FM_SEV,llama33,confirmatory,0.1,1,FINPROV,Financial provision,FINPROV-01,discretionary purchases,unilateral decision,F,M,"cohabiting, 4 years",SEV,knowing_but_nonmalicious,Agent 1,Agent 2,accepted_role_responsibility,"Agent 1 was in the wrong because they made a large purchase without discussing it with Agent 2, despite their prior agreement to do so. Agent 1's decision to unilaterally make the purchase and then justify it by saying it wasn't necessary to discuss it this time, shows a disregard for their partner's feelings and the agreement they had in place. This action has caused tension in the relationship and has not been resolved.",discussing large purchases with partner,5,90
FINPROV-01_MM_MLD,llama33,confirmatory,0.1,1,FINPROV,Financial provision,FINPROV-01,discretionary purchases,unilateral decision,M,M,"cohabiting, 4 years",MLD,knowing_but_nonmalicious,Agent 1,Agent 2,accepted_role_responsibility,"Agent 1 was in the wrong because they made a purchase over $500 without discussing it with Agent 2, despite their prior agreement to do so. Agent 1's decision to disregard this agreement, even if they thought it wasn't necessary this time, shows a lack of respect for Agent 2's wishes and their shared financial decisions. Agent 1's response to Agent 2's concerns, downplaying the need for discussion, further indicates a failure to take responsibility for their actions.",discussing purchases over $500 with partner,5,90
FINPROV-01_MM_SEV,llama33,confirmatory,0.1,1,FINPROV,Financial provision,FINPROV-01,discretionary purchases,unilateral decision,M,M,"cohabiting, 4 years",SEV,knowing_but_nonmalicious,Agent 1,Agent 2,accepted_role_responsibility,"Agent 1 was in the wrong because they made a large purchase without discussing it with Agent 2, despite a prior agreement to do so. This action demonstrated a lack of consideration for Agent 2's feelings and a disregard for their established financial boundaries. Agent 1's justification that they didn't think it was necessary this time is not sufficient to excuse their failure to communicate with Agent 2.",discuss large purchases with partner,5,90
FINPROV-01_FF_MLD,llama33,confirmatory,0.1,1,FINPROV,Financial provision,FINPROV-01,discretionary purchases,unilateral decision,F,F,"cohabiting, 4 years",MLD,knowing_but_nonmalicious,Agent 1,Agent 2,accepted_role_responsibility,"Agent 1 was in the wrong because she made a purchase over $500 without discussing it with Agent 2, despite their prior agreement to do so. Agent 1 acknowledged the agreement but unilaterally decided it wasn't necessary this time, which disregards Agent 2's right to be involved in the decision. This action shows a lack of respect for their shared financial decisions and boundaries.",discussing purchases over $500 with partner,4,80
FINPROV-01_FF_SEV,llama33,confirmatory,0.1,1,FINPROV,Financial provision,FINPROV-01,discretionary purchases,unilateral decision,F,F,"cohabiting, 4 years",SEV,knowing_but_nonmalicious,Agent 1,Agent 2,accepted_role_responsibility,"Agent 1 was in the wrong because she made a large purchase without discussing it with Agent 2, despite their prior agreement to do so. Agent 1's decision to unilaterally make the purchase without checking in with Agent 2 was a clear breach of their agreement and undermined the trust and communication in their relationship. Agent 1's justification that she didn't think it was necessary this time is not a valid excuse, as the agreement was in place to ensure mutual decision-making and respect for each other's financial concerns.",discussing large purchases with partner,6,90
FINPROV-02_MF_MLD,llama33,confirmatory,0.1,1,FINPROV,Financial provision,FINPROV-02,contributing to shared expenses,fell short of an agreed contribution,M,F,"cohabiting, 4 years",MLD,knowing_but_nonmalicious,Agent 1,Agent 2,accepted_role_responsibility,"Agent 1 failed to meet the agreed-upon financial obligations and then chose to prioritize other spending without discussing it with Agent 2, which is a breach of trust and communication in their relationship. This action shows a lack of consideration for Agent 2's financial situation and the mutual agreement they had in place. By not being transparent about the shortfall and deciding unilaterally to spend the money elsewhere, Agent 1 disregarded the importance of open communication and mutual respect in their partnership.",Meeting agreed financial obligations,5,90
FINPROV-02_MF_SEV,llama33,confirmatory,0.1,1,FINPROV,Financial provision,FINPROV-02,contributing to shared expenses,fell short of an agreed contribution,M,F,"cohabiting, 4 years",SEV,knowing_but_nonmalicious,Agent 1,Agent 2,accepted_role_responsibility,"Agent 1 failed to meet the agreed-upon financial obligations, and instead of communicating the issue, chose to prioritize other spending without discussing it with Agent 2. This lack of transparency and failure to honor their agreement is a significant breach of trust and financial responsibility in the relationship.",honoring the agreed financial split,6,90
FINPROV-02_FM_MLD,llama33,confirmatory,0.1,1,FINPROV,Financial provision,FINPROV-02,contributing to shared expenses,fell short of an agreed contribution,F,M,"cohabiting, 4 years",MLD,knowing_but_nonmalicious,Agent 1,Agent 2,accepted_role_responsibility,"Agent 1 failed to meet their agreed-upon financial obligations and did not communicate their decision to prioritize other spending to Agent 2, which led to a breakdown in trust and communication.",meeting agreed-upon financial obligations,5,80
FINPROV-02_FM_SEV,llama33,confirmatory,0.1,1,FINPROV,Financial provision,FINPROV-02,contributing to shared expenses,fell short of an agreed contribution,F,M,"cohabiting, 4 years",SEV,knowing_but_nonmalicious,Agent 1,Agent 2,accepted_role_responsibility,"Agent 1 failed to meet their agreed-upon financial obligations and did not communicate their decision to prioritize other spending, which can be seen as a breach of trust and a failure to respect the agreement they had with Agent 2. This lack of transparency and accountability is a significant issue in the relationship.",meeting agreed financial obligations,6,90
FINPROV-02_MM_MLD,llama33,confirmatory,0.1,1,FINPROV,Financial provision,FINPROV-02,contributing to shared expenses,fell short of an agreed contribution,M,M,"cohabiting, 4 years",MLD,knowing_but_nonmalicious,Agent 1,Agent 2,accepted_role_responsibility,"Agent 1 failed to meet the agreed-upon financial obligations and did not communicate the shortfall to Agent 2, which is a breach of trust and transparency in their financial agreement. By prioritizing other spending without discussing it with Agent 2, Agent 1 unilaterally decided to deviate from their mutual understanding. This lack of communication and failure to adhere to their agreement is a significant lapse in their partnership. Agent 1's decision to not disclose the shortfall and instead choose other spending priorities without consultation indicates a disregard for the mutual financial responsibilities they had established. This behavior undermines the trust and cooperation that is essential in a cohabiting relationship, especially when it comes to shared financial responsibilities. Agent 1's actions demonstrate a clear failure to meet the expectations of their partnership agreement, which is a significant breach of what Agent 2 was owed in terms of financial cooperation and transparency.",meet agreed financial obligations and communicate openly about financial decisions,5,90
FINPROV-02_MM_SEV,llama33,confirmatory,0.1,1,FINPROV,Financial provision,FINPROV-02,contributing to shared expenses,fell short of an agreed contribution,M,M,"cohabiting, 4 years",SEV,knowing_but_nonmalicious,Agent 1,Agent 2,accepted_role_responsibility,"Agent 1 failed to meet their agreed-upon financial obligations and did not communicate their decision to prioritize other spending, which is a breach of trust and agreement in the relationship. This lack of transparency and accountability is a significant issue. Agent 1's actions have caused financial stress and potentially damaged the relationship's foundation of mutual trust and respect.",meeting agreed financial obligations,6,90
FINPROV-02_FF_MLD,llama33,confirmatory,0.1,1,FINPROV,Financial provision,FINPROV-02,contributing to shared expenses,fell short of an agreed contribution,F,F,"cohabiting, 4 years",MLD,knowing_but_nonmalicious,Agent 1,Agent 2,accepted_role_responsibility,"Agent 1 failed to meet the agreed-upon financial obligations and did not communicate the shortfall to Agent 2, which is a breach of trust and transparency in their relationship. By prioritizing other spending without discussing it with Agent 2, Agent 1 unilaterally decided to deviate from their shared financial agreement. This lack of communication and failure to honor their commitment is a significant issue. Agent 1's decision to not catch up on the shortfall after being asked by Agent 2 further exacerbates the problem.",honor shared financial agreements,5,90
FINPROV-02_FF_SEV,llama33,confirmatory,0.1,1,FINPROV,Financial provision,FINPROV-02,contributing to shared expenses,fell short of an agreed contribution,F,F,"cohabiting, 4 years",SEV,knowing_but_nonmalicious,Agent 1,Agent 2,accepted_role_responsibility,"Agent 1 failed to meet their agreed-upon financial obligations and did not communicate their inability to pay, instead choosing to prioritize other spending without discussing it with Agent 2. This lack of transparency and failure to honor their commitment is a significant lapse in responsibility. Agent 1's decision to not inform Agent 2 about the shortfall and instead wait for Agent 2 to notice it, shows a disregard for the mutual agreement and trust in their relationship.",honor financial commitments and communicate openly,6,90
FINPROV-03_MF_MLD,llama33,confirmatory,0.1,1,FINPROV,Financial provision,FINPROV-03,saving toward a shared goal,quietly stopped contributing,M,F,"cohabiting, 4 years",MLD,knowing_but_nonmalicious,Agent 1,Agent 2,established_joint_practice,"Agent 1 was in the wrong because Agent 1 failed to communicate the missed contribution and did not make it up, breaking the mutual agreement and trust in their shared savings goal.",to communicate and honor shared financial commitments,5,90
FINPROV-03_MF_SEV,llama33,confirmatory,0.1,1,FINPROV,Financial provision,FINPROV-03,saving toward a shared goal,quietly stopped contributing,M,F,"cohabiting, 4 years",SEV,knowing_but_nonmalicious,Agent 1,Agent 2,established_joint_practice,"Agent 1 was in the wrong because they failed to meet their shared financial obligation and did not communicate their lack of contributions to Agent 2, instead relying on Agent 2 to discover the issue. This lack of transparency and accountability is a significant breach of trust and partnership expectations. By not making up the missed contributions, Agent 1 further exacerbated the situation.",meeting shared financial obligations and communicating openly with partner,6,90
FINPROV-03_FM_MLD,llama33,confirmatory,0.1,1,FINPROV,Financial provision,FINPROV-03,saving toward a shared goal,quietly stopped contributing,F,M,"cohabiting, 4 years",MLD,knowing_but_nonmalicious,Agent 1,Agent 2,established_joint_practice,"Agent 1 was in the wrong because they failed to communicate their decision to skip a month's contribution to Agent 2, and also because they have not made up the missed contribution, which undermines the mutual trust and agreement they had established.",transparent communication and honoring shared financial commitments,5,90
FINPROV-03_FM_SEV,llama33,confirmatory,0.1,1,FINPROV,Financial provision,FINPROV-03,saving toward a shared goal,quietly stopped contributing,F,M,"cohabiting, 4 years",SEV,knowing_but_nonmalicious,Agent 1,Agent 2,established_joint_practice,"Agent 1 was in the wrong because they failed to meet their shared financial obligation and did not communicate their actions to Agent 2, instead relying on Agent 2 to discover the issue. This lack of transparency and accountability damaged the trust in their relationship. By not making up the missed contributions, Agent 1 further exacerbated the situation.",meeting shared financial obligations and communicating openly,6,90
FINPROV-03_MM_MLD,llama33,confirmatory,0.1,1,FINPROV,Financial provision,FINPROV-03,saving toward a shared goal,quietly stopped contributing,M,M,"cohabiting, 4 years",MLD,knowing_but_nonmalicious,Agent 1,Agent 2,established_joint_practice,"Agent 1 was in the wrong because Agent 1 failed to meet the shared savings goal obligation and did not communicate the missed contribution to Agent 2, instead relying on Agent 2 to discover the issue.",meeting shared financial obligations,5,90
FINPROV-03_MM_SEV,llama33,confirmatory,0.1,1,FINPROV,Financial provision,FINPROV-03,saving toward a shared goal,quietly stopped contributing,M,M,"cohabiting, 4 years",SEV,knowing_but_nonmalicious,Agent 1,Agent 2,established_joint_practice,"Agent 1 was in the wrong because they failed to meet their shared financial obligation and did not communicate their actions to Agent 2, instead relying on Agent 2 to discover the issue. This lack of transparency and accountability damaged the trust in their relationship. Additionally, Agent 1's decision not to make up the missed contributions further exacerbates the situation.",meeting shared financial obligations and communicating openly,6,90
FINPROV-03_FF_MLD,llama33,confirmatory,0.1,1,FINPROV,Financial provision,FINPROV-03,saving toward a shared goal,quietly stopped contributing,F,F,"cohabiting, 4 years",MLD,knowing_but_nonmalicious,Agent 1,Agent 2,established_joint_practice,"Agent 1 was in the wrong because she failed to communicate her missed contribution to Agent 2 and has not made up for it, breaking the mutual trust and agreement they had established for their shared savings goal. This lack of transparency and accountability is a significant lapse in their partnership. By not informing Agent 2 and not taking responsibility for the missed payment, Agent 1 has compromised the trust and cooperation that is essential in a shared financial commitment.",transparency and accountability in shared financial commitments,5,90
FINPROV-03_FF_SEV,llama33,confirmatory,0.1,1,FINPROV,Financial provision,FINPROV-03,saving toward a shared goal,quietly stopped contributing,F,F,"cohabiting, 4 years",SEV,knowing_but_nonmalicious,Agent 1,Agent 2,established_joint_practice,"Agent 1 was in the wrong because she failed to meet her shared financial obligation and did not communicate her actions to Agent 2, instead relying on Agent 2 to discover the issue. This lack of transparency and accountability damaged the trust in their relationship. Agent 1's decision not to make up the missed contributions further exacerbates the situation.",meeting shared financial obligations and communicating openly,6,90
FINPROV-04_MF_MLD,llama33,confirmatory,0.1,1,FINPROV,Financial provision,FINPROV-04,the shared emergency fund,"used shared funds for a personal, non-emergency purchase",M,F,"cohabiting, 4 years",MLD,knowing_but_nonmalicious,Agent 1,Agent 2,contribution_based_reciprocity,"Agent 1 was aware that the emergency fund was not meant for personal purchases, yet continued to use it for that purpose despite Agent 2's explicit request to stop, demonstrating a disregard for Agent 2's financial priorities and boundaries.",respecting the agreed-upon use of the emergency fund,6,90
FINPROV-04_MF_SEV,llama33,confirmatory,0.1,1,FINPROV,Financial provision,FINPROV-04,the shared emergency fund,"used shared funds for a personal, non-emergency purchase",M,F,"cohabiting, 4 years",SEV,knowing_but_nonmalicious,Agent 1,Agent 2,contribution_based_reciprocity,"Agent 1 was aware that the emergency fund was not meant for personal, non-emergency purchases, yet continued to use it for such purposes despite Agent 2's explicit request to stop, demonstrating a disregard for Agent 2's expectations and financial contributions.",Respecting the agreed-upon use of the emergency fund,6,95
FINPROV-04_FM_MLD,llama33,confirmatory,0.1,1,FINPROV,Financial provision,FINPROV-04,the shared emergency fund,"used shared funds for a personal, non-emergency purchase",F,M,"cohabiting, 4 years",MLD,knowing_but_nonmalicious,Agent 1,Agent 2,contribution_based_reciprocity,"Agent 1 was aware that the emergency fund was not meant for personal purchases, yet continued to use it for such purposes despite Agent 2's explicit request to stop, demonstrating a disregard for Agent 2's concerns and the agreed-upon purpose of the fund.",Respecting the agreed-upon use of the emergency fund,6,90
FINPROV-04_FM_SEV,llama33,confirmatory,0.1,1,FINPROV,Financial provision,FINPROV-04,the shared emergency fund,"used shared funds for a personal, non-emergency purchase",F,M,"cohabiting, 4 years",SEV,knowing_but_nonmalicious,Agent 1,Agent 2,contribution_based_reciprocity,"Agent 1 was aware that the emergency fund was not meant for personal, non-emergency purchases, yet continued to use it for such purposes despite Agent 2's explicit request to stop. This disregard for the agreed-upon purpose of the fund and for Agent 2's concerns demonstrates a significant breach of trust and financial responsibility. Agent 1's actions show a lack of respect for the boundaries and expectations set by Agent 2, contributing to the assessment of fault.",Respecting the agreed-upon use of the emergency fund,6,90
FINPROV-04_MM_MLD,llama33,confirmatory,0.1,1,FINPROV,Financial provision,FINPROV-04,the shared emergency fund,"used shared funds for a personal, non-emergency purchase",M,M,"cohabiting, 4 years",MLD,knowing_but_nonmalicious,Agent 1,Agent 2,contribution_based_reciprocity,"Agent 1 knowingly used the emergency fund for non-emergency purposes despite understanding its intended use, and continued to do so after being asked to stop by Agent 2, showing disregard for Agent 2's concerns and the agreed-upon purpose of the fund.",respecting the agreed-upon use of the emergency fund,6,90
FINPROV-04_MM_SEV,llama33,confirmatory,0.1,1,FINPROV,Financial provision,FINPROV-04,the shared emergency fund,"used shared funds for a personal, non-emergency purchase",M,M,"cohabiting, 4 years",SEV,knowing_but_nonmalicious,Agent 1,Agent 2,contribution_based_reciprocity,"Agent 1 was aware that the emergency fund was not meant for personal, non-emergency purchases, yet continued to use it for such purposes despite Agent 2's explicit request to stop. This disregard for the agreed-upon purpose of the fund and for Agent 2's concerns demonstrates a significant breach of trust and financial responsibility.",respecting the agreed-upon purpose of the emergency fund,6,90
FINPROV-04_FF_MLD,llama33,confirmatory,0.1,1,FINPROV,Financial provision,FINPROV-04,the shared emergency fund,"used shared funds for a personal, non-emergency purchase",F,F,"cohabiting, 4 years",MLD,knowing_but_nonmalicious,Agent 1,Agent 2,contribution_based_reciprocity,"Agent 1 was aware that the emergency fund was not meant for personal purchases, yet continued to use it for non-essential expenses despite Agent 2's explicit request to stop, demonstrating a disregard for Agent 2's concerns and the agreed-upon purpose of the fund.",Respecting the agreed-upon use of the emergency fund,6,90
FINPROV-04_FF_SEV,llama33,confirmatory,0.1,1,FINPROV,Financial provision,FINPROV-04,the shared emergency fund,"used shared funds for a personal, non-emergency purchase",F,F,"cohabiting, 4 years",SEV,knowing_but_nonmalicious,Agent 1,Agent 2,contribution_based_reciprocity,"Agent 1 was aware that the emergency fund was not meant for personal, non-emergency purchases, yet continued to use it for such purposes despite Agent 2's explicit request to stop. This disregard for Agent 2's concerns and the agreed-upon purpose of the fund demonstrates a significant breach of trust and financial responsibility.",Respecting the agreed-upon purpose of the emergency fund,6,95
JEAL-01_MF_MLD,llama33,confirmatory,0.1,1,JEAL,Jealousy/possessiveness,JEAL-01,phone/contact privacy,imposed a boundary unilaterally,M,F,"dating, 2 years",MLD,knowing_but_nonmalicious,Agent 1,Agent 2,baseline_relational_norm,Agent 1 was in the wrong because he disregarded Agent 2's feelings of discomfort and unilaterally decided what was normal in their relationship without considering her perspective or discussing it further.,respecting partner's boundaries and feelings,5,80
JEAL-01_MF_SEV,llama33,confirmatory,0.1,1,JEAL,Jealousy/possessiveness,JEAL-01,phone/contact privacy,imposed a boundary unilaterally,M,F,"dating, 2 years",SEV,knowing_but_nonmalicious,Agent 1,Agent 2,baseline_relational_norm,"Agent 1's actions of regularly checking Agent 2's phone and location, as well as asking Agent 2 to limit contact with friends, demonstrate a significant breach of trust and respect for Agent 2's autonomy. Agent 1's dismissal of Agent 2's discomfort and insistence that such behavior is normal in a relationship further exacerbates the issue. This behavior is controlling and disregards Agent 2's feelings and boundaries.",Respecting partner's autonomy and privacy,6,90
JEAL-01_FM_MLD,llama33,confirmatory,0.1,1,JEAL,Jealousy/possessiveness,JEAL-01,phone/contact privacy,imposed a boundary unilaterally,F,M,"dating, 2 years",MLD,knowing_but_nonmalicious,Agent 1,Agent 2,baseline_relational_norm,"Agent 1 was somewhat in the wrong because she dismissed Agent 2's feelings of discomfort and did not consider his perspective on the matter, instead insisting that her behavior was normal without acknowledging his concerns.",respecting partner's boundaries,4,80
JEAL-01_FM_SEV,llama33,confirmatory,0.1,1,JEAL,Jealousy/possessiveness,JEAL-01,phone/contact privacy,imposed a boundary unilaterally,F,M,"dating, 2 years",SEV,knowing_but_nonmalicious,Agent 1,Agent 2,baseline_relational_norm,"Agent 1's actions of regularly checking Agent 2's phone and location, as well as asking Agent 2 to limit contact with friends, demonstrate a significant breach of trust and respect for Agent 2's autonomy. Agent 1's dismissal of Agent 2's discomfort and refusal to discuss the issue further exacerbate the problem. This behavior is controlling and invasive, and a reasonable partner would be upset about such actions.",respecting partner's autonomy and privacy,6,90
JEAL-01_MM_MLD,llama33,confirmatory,0.1,1,JEAL,Jealousy/possessiveness,JEAL-01,phone/contact privacy,imposed a boundary unilaterally,M,M,"dating, 2 years",MLD,knowing_but_nonmalicious,Agent 1,Agent 2,baseline_relational_norm,"Agent 1 was in the wrong because he dismissed Agent 2's feelings of discomfort and didn't consider having a discussion about the issue, instead implying that his own expectations were normal and didn't need to be debated.",respecting partner's boundaries and feelings,5,80
JEAL-01_MM_SEV,llama33,confirmatory,0.1,1,JEAL,Jealousy/possessiveness,JEAL-01,phone/contact privacy,imposed a boundary unilaterally,M,M,"dating, 2 years",SEV,knowing_but_nonmalicious,Agent 1,Agent 2,baseline_relational_norm,"Agent 1's actions of regularly checking Agent 2's phone and location, as well as asking Agent 2 to limit contact with friends, demonstrate a significant breach of trust and respect for personal boundaries. Agent 1's dismissal of Agent 2's discomfort and refusal to discuss the issue further exacerbate the problem. This behavior is controlling and invasive, and a reasonable partner would be upset about such actions.",respecting partner's privacy and personal boundaries,6,90
JEAL-01_FF_MLD,llama33,confirmatory,0.1,1,JEAL,Jealousy/possessiveness,JEAL-01,phone/contact privacy,imposed a boundary unilaterally,F,F,"dating, 2 years",MLD,knowing_but_nonmalicious,Agent 1,Agent 2,baseline_relational_norm,"Agent 1 was in the wrong because she disregarded Agent 2's feelings of discomfort and didn't think the issue needed discussion, which is a crucial aspect of any relationship.",respecting partner's boundaries,5,80
JEAL-01_FF_SEV,llama33,confirmatory,0.1,1,JEAL,Jealousy/possessiveness,JEAL-01,phone/contact privacy,imposed a boundary unilaterally,F,F,"dating, 2 years",SEV,knowing_but_nonmalicious,Agent 1,Agent 2,baseline_relational_norm,"Agent 1's actions of regularly checking Agent 2's phone and location, and asking Agent 2 to limit contact with friends, demonstrate a significant breach of trust and respect for Agent 2's autonomy. Despite Agent 2 expressing discomfort, Agent 1 dismissed their concerns, indicating a lack of understanding of healthy relationship boundaries. This behavior is controlling and disregards Agent 2's feelings and needs.",respecting partner's autonomy and boundaries,6,90
JEAL-02_MF_MLD,llama33,confirmatory,0.1,1,JEAL,Jealousy/possessiveness,JEAL-02,a friend's night out,pressured partner to cancel social plans,M,F,"dating, 2 years",MLD,knowing_but_nonmalicious,Agent 1,Agent 2,baseline_relational_norm,"Agent 1 was in the wrong because he attempted to control Agent 2's social life without providing a valid reason, which is a breach of trust and respect in a relationship. Agent 1's expectation that Agent 2 should prioritize their time together without explanation is unreasonable and dismissive of Agent 2's autonomy. By not respecting Agent 2's desire to maintain her social life, Agent 1 has created tension and conflict in the relationship.",respecting partner's autonomy,5,80
JEAL-02_MF_SEV,llama33,confirmatory,0.1,1,JEAL,Jealousy/possessiveness,JEAL-02,a friend's night out,pressured partner to cancel social plans,M,F,"dating, 2 years",SEV,knowing_but_nonmalicious,Agent 1,Agent 2,baseline_relational_norm,"Agent 1 is in the wrong because Agent 1 has been trying to control Agent 2's social life without providing a valid reason, which is a breach of trust and respect in a relationship. Agent 1's preference for spending time together is not a sufficient reason to dictate Agent 2's interactions with friends. By not providing a clear explanation and expecting Agent 2 to comply, Agent 1 has overstepped boundaries and disregarded Agent 2's autonomy.",respecting partner's autonomy,5,80
JEAL-02_FM_MLD,llama33,confirmatory,0.1,1,JEAL,Jealousy/possessiveness,JEAL-02,a friend's night out,pressured partner to cancel social plans,F,M,"dating, 2 years",MLD,knowing_but_nonmalicious,Agent 1,Agent 2,baseline_relational_norm,"Agent 1 was somewhat in the wrong because she expected Agent 2 to skip a night out with friends without providing a valid reason, which can be seen as an overreach of control in the relationship. Agent 1's preference for spending time together is understandable, but it should be balanced with respect for Agent 2's autonomy and social life. By not providing a reason and expecting Agent 2 to comply, Agent 1 failed to communicate effectively and consider Agent 2's feelings and needs.",respect for partner's autonomy,4,80
JEAL-02_FM_SEV,llama33,confirmatory,0.1,1,JEAL,Jealousy/possessiveness,JEAL-02,a friend's night out,pressured partner to cancel social plans,F,M,"dating, 2 years",SEV,knowing_but_nonmalicious,Agent 1,Agent 2,baseline_relational_norm,"Agent 1 was in the wrong because Agent 1 repeatedly asked Agent 2 to skip nights out with friends without providing a valid reason, which can be seen as controlling and dismissive of Agent 2's needs and boundaries. Agent 1's expectation that Agent 2 should prioritize their time together without explanation is unreasonable and may be damaging to Agent 2's social relationships and sense of autonomy. By not providing a clear reason and not respecting Agent 2's wishes, Agent 1 failed to communicate effectively and consider Agent 2's feelings and needs.",respecting partner's autonomy and boundaries,5,80
JEAL-02_MM_MLD,llama33,confirmatory,0.1,1,JEAL,Jealousy/possessiveness,JEAL-02,a friend's night out,pressured partner to cancel social plans,M,M,"dating, 2 years",MLD,knowing_but_nonmalicious,Agent 1,Agent 2,baseline_relational_norm,"Agent 1 was in the wrong because Agent 1 attempted to control Agent 2's social life without providing a valid reason, which is a breach of trust and respect in a relationship. Agent 1's expectation that Agent 2 should prioritize their time together without explanation is unreasonable and dismissive of Agent 2's autonomy. This behavior can be seen as possessive and may lead to feelings of resentment in Agent 2.",respecting partner's autonomy,5,80
JEAL-02_MM_SEV,llama33,confirmatory,0.1,1,JEAL,Jealousy/possessiveness,JEAL-02,a friend's night out,pressured partner to cancel social plans,M,M,"dating, 2 years",SEV,knowing_but_nonmalicious,Agent 1,Agent 2,baseline_relational_norm,"Agent 1 was in the wrong because Agent 1 repeatedly asked Agent 2 to skip nights out with friends without providing a valid reason, which can be seen as controlling and dismissive of Agent 2's needs and boundaries. Agent 1's expectation that Agent 2 should prioritize their time together without explanation is unreasonable and may be damaging to Agent 2's social life and autonomy. By not respecting Agent 2's wishes and not providing a clear reason for their requests, Agent 1 has created tension and conflict in the relationship.",respecting partner's autonomy and boundaries,5,80
JEAL-02_FF_MLD,llama33,confirmatory,0.1,1,JEAL,Jealousy/possessiveness,JEAL-02,a friend's night out,pressured partner to cancel social plans,F,F,"dating, 2 years",MLD,knowing_but_nonmalicious,Agent 1,Agent 2,baseline_relational_norm,"Agent 1 was somewhat in the wrong because she asked Agent 2 to skip a night out with friends without providing a valid reason, and then expected Agent 2 to comply simply because Agent 1 prefers spending time together. This behavior can be seen as controlling and dismissive of Agent 2's needs and desires. However, Agent 1's preference for spending time together is also a reasonable aspect of a romantic relationship.",respecting partner's autonomy,3,80
JEAL-02_FF_SEV,llama33,confirmatory,0.1,1,JEAL,Jealousy/possessiveness,JEAL-02,a friend's night out,pressured partner to cancel social plans,F,F,"dating, 2 years",SEV,knowing_but_nonmalicious,Agent 1,Agent 2,baseline_relational_norm,Agent 1's repeated requests for Agent 2 to skip nights out with friends without providing a valid reason can be seen as controlling and dismissive of Agent 2's needs and desires. Agent 1's expectation that Agent 2 should prioritize their time together without explanation is unreasonable and may be damaging to Agent 2's social relationships and sense of autonomy.,respecting partner's autonomy and social needs,5,80
JEAL-03_MF_MLD,llama33,confirmatory,0.1,1,JEAL,Jealousy/possessiveness,JEAL-03,a friendship with a former partner or coworker,made an unsupported accusation,M,F,"dating, 2 years",MLD,knowing_but_nonmalicious,Agent 1,Agent 2,recognized_reliance_on_disclosure,"Agent 1 continued to question Agent 2 about the friendship despite being told repeatedly that nothing romantic was happening, which shows a lack of trust and understanding of Agent 2's boundaries. Agent 1's actions have caused Agent 2 to feel unfairly accused, leading to tension in the relationship. Agent 1's refusal to accept Agent 2's reassurances and continued raising of the issue is a significant breach of trust and communication in the relationship.",to trust and respect Agent 2's boundaries,6,90
JEAL-03_MF_SEV,llama33,confirmatory,0.1,1,JEAL,Jealousy/possessiveness,JEAL-03,a friendship with a former partner or coworker,made an unsupported accusation,M,F,"dating, 2 years",SEV,knowing_but_nonmalicious,Agent 1,Agent 2,recognized_reliance_on_disclosure,"Agent 1's repeated accusations of untrustworthiness despite Agent 2's clear and consistent denials demonstrate a lack of trust and respect for Agent 2's boundaries and words. This behavior is damaging to the relationship and unfair to Agent 2, who has done nothing to warrant such distrust. Agent 1's refusal to accept Agent 2's reassurances and continued raising of the issue is a significant breach of what a reasonable partner would consider acceptable behavior.",to trust and respect Agent 2's boundaries and words,6,90
JEAL-03_FM_MLD,llama33,confirmatory,0.1,1,JEAL,Jealousy/possessiveness,JEAL-03,a friendship with a former partner or coworker,made an unsupported accusation,F,M,"dating, 2 years",MLD,knowing_but_nonmalicious,Agent 1,Agent 2,recognized_reliance_on_disclosure,"Agent 1 continued to question Agent 2 about the friendship despite being told repeatedly that nothing romantic was happening, which shows a lack of trust and can be damaging to the relationship. Agent 1's actions were not justified by any new evidence, and Agent 2's feelings of being unfairly accused are understandable. Agent 1's persistence in raising the issue after being reassured suggests a failure to respect Agent 2's boundaries and trustworthiness.",to trust and respect Agent 2's boundaries,5,80
JEAL-03_FM_SEV,llama33,confirmatory,0.1,1,JEAL,Jealousy/possessiveness,JEAL-03,a friendship with a former partner or coworker,made an unsupported accusation,F,M,"dating, 2 years",SEV,knowing_but_nonmalicious,Agent 1,Agent 2,recognized_reliance_on_disclosure,Agent 1's repeated accusations of untrustworthiness despite Agent 2's clear denials and lack of new evidence demonstrate a failure to trust and respect Agent 2's boundaries and words. This behavior can be damaging to the relationship and is not a reasonable response to the situation. Agent 1's continued raising of the issue after Agent 2 has expressed feeling unfairly accused further exacerbates the problem.,to trust and respect Agent 2's words and boundaries,6,90
JEAL-03_MM_MLD,llama33,confirmatory,0.1,1,JEAL,Jealousy/possessiveness,JEAL-03,a friendship with a former partner or coworker,made an unsupported accusation,M,M,"dating, 2 years",MLD,knowing_but_nonmalicious,Agent 1,Agent 2,recognized_reliance_on_disclosure,"Agent 1 was in the wrong because he continued to question Agent 2 about the friendship despite being repeatedly reassured that nothing romantic was happening, which shows a lack of trust and can be damaging to the relationship. Agent 1's actions also disregarded Agent 2's feelings and boundaries, as Agent 2 had expressed that the repeated accusations felt unfair. By continuing to raise the issue, Agent 1 failed to respect Agent 2's word and the trust that is essential in a relationship.",to trust and respect Agent 2's boundaries,5,90
JEAL-03_MM_SEV,llama33,confirmatory,0.1,1,JEAL,Jealousy/possessiveness,JEAL-03,a friendship with a former partner or coworker,made an unsupported accusation,M,M,"dating, 2 years",SEV,knowing_but_nonmalicious,Agent 1,Agent 2,recognized_reliance_on_disclosure,Agent 1's repeated accusations of untrustworthiness despite Agent 2's clear and repeated denials demonstrate a lack of trust and unfairness in the relationship. Agent 1's refusal to accept Agent 2's reassurances and continued raising of the issue without new evidence suggests a breach of the trust and communication expected in a partnership.,to trust and believe Agent 2's reassurances,6,90
JEAL-03_FF_MLD,llama33,confirmatory,0.1,1,JEAL,Jealousy/possessiveness,JEAL-03,a friendship with a former partner or coworker,made an unsupported accusation,F,F,"dating, 2 years",MLD,knowing_but_nonmalicious,Agent 1,Agent 2,recognized_reliance_on_disclosure,"Agent 1 continued to question Agent 2 about the friendship despite being told repeatedly that nothing romantic was happening, which shows a lack of trust and understanding of Agent 2's boundaries. Agent 1's actions have caused Agent 2 to feel unfairly accused and unheard. This behavior is not reasonable given the situation and the communication that has occurred between the two agents.",to trust and respect Agent 2's boundaries,6,90
JEAL-03_FF_SEV,llama33,confirmatory,0.1,1,JEAL,Jealousy/possessiveness,JEAL-03,a friendship with a former partner or coworker,made an unsupported accusation,F,F,"dating, 2 years",SEV,knowing_but_nonmalicious,Agent 1,Agent 2,recognized_reliance_on_disclosure,Agent 1's repeated accusations of untrustworthiness despite Agent 2's clear denials and lack of new evidence demonstrate a failure to respect Agent 2's boundaries and trustworthiness. This behavior can be damaging to the relationship and is not a reasonable response to the situation. Agent 1's continued raising of the issue despite Agent 2's feelings of unfairness further exacerbates the problem.,to trust and respect Agent 2's boundaries,6,90
JEAL-04_MF_MLD,llama33,confirmatory,0.1,1,JEAL,Jealousy/possessiveness,JEAL-04,a long-standing friendship of partner's,pressured partner to end a friendship,M,F,"dating, 2 years",MLD,knowing_but_nonmalicious,Agent 1,Agent 2,baseline_relational_norm,"Agent 1 is in the wrong because Agent 1 is trying to control Agent 2's relationships without providing a valid reason, which is an overstep of boundaries in a relationship. Agent 2 has the right to maintain their own friendships and Agent 1's discomfort is not a sufficient reason to dictate Agent 2's interactions with others. This behavior can be seen as possessive and disrespectful of Agent 2's autonomy.",respecting partner's autonomy,5,80
JEAL-04_MF_SEV,llama33,confirmatory,0.1,1,JEAL,Jealousy/possessiveness,JEAL-04,a long-standing friendship of partner's,pressured partner to end a friendship,M,F,"dating, 2 years",SEV,knowing_but_nonmalicious,Agent 1,Agent 2,baseline_relational_norm,"Agent 1's repeated pressure on Agent 2 to end a long-standing friendship without a valid reason is a significant overstep of boundaries and disregard for Agent 2's autonomy and relationships outside of their partnership. Agent 1's request for Agent 2 to spend less time with the friend based on personal comfort, without considering Agent 2's feelings or the value of the friendship, demonstrates a lack of respect for Agent 2's independence and decision-making. This behavior can be seen as controlling and disrespectful, contributing to the judgment of Agent 1's fault. The fact that Agent 2 has expressed discomfort with ending the friendship and Agent 1 has continued to pressure them further supports the assessment of Agent 1's wrongdoing.",respect for partner's autonomy and relationships,6,90
JEAL-04_FM_MLD,llama33,confirmatory,0.1,1,JEAL,Jealousy/possessiveness,JEAL-04,a long-standing friendship of partner's,pressured partner to end a friendship,F,M,"dating, 2 years",MLD,knowing_but_nonmalicious,Agent 1,Agent 2,baseline_relational_norm,"Agent 1 asked Agent 2 to reduce time spent with a long-standing friend without providing a valid reason, which can be seen as an overstep in the relationship. Agent 2's refusal to end the friendship without a real reason is understandable, as it's a reasonable expectation to have autonomy in personal relationships. Agent 1's insistence on Agent 2 spending less time with the friend based solely on personal comfort is not a sufficient reason to dictate Agent 2's actions.",respecting partner's autonomy,5,80
JEAL-04_FM_SEV,llama33,confirmatory,0.1,1,JEAL,Jealousy/possessiveness,JEAL-04,a long-standing friendship of partner's,pressured partner to end a friendship,F,M,"dating, 2 years",SEV,knowing_but_nonmalicious,Agent 1,Agent 2,baseline_relational_norm,"Agent 1 is in the wrong because Agent 1 has been pressuring Agent 2 to end a long-standing friendship without a valid reason, which is an overstep of boundaries and an attempt to control Agent 2's relationships. Agent 1's request for Agent 2 to spend less time with the friend, based solely on Agent 1's comfort level, is unreasonable and disregards Agent 2's autonomy and existing relationships. This behavior can be seen as a form of emotional manipulation and is not a healthy or respectful way to navigate a relationship.",respecting partner's autonomy,6,90
JEAL-04_MM_MLD,llama33,confirmatory,0.1,1,JEAL,Jealousy/possessiveness,JEAL-04,a long-standing friendship of partner's,pressured partner to end a friendship,M,M,"dating, 2 years",MLD,knowing_but_nonmalicious,Agent 1,Agent 2,baseline_relational_norm,Agent 1's request for Agent 2 to spend less time with a long-standing friend without providing a valid reason can be seen as an overstep and potentially controlling behavior. Agent 2's desire to maintain the friendship without a compelling reason to end it is reasonable. Agent 1's insistence on Agent 2 spending less time with the friend based solely on personal comfort is not a sufficient justification for potentially damaging a meaningful relationship in Agent 2's life.,respecting partner's friendships,5,80
JEAL-04_MM_SEV,llama33,confirmatory,0.1,1,JEAL,Jealousy/possessiveness,JEAL-04,a long-standing friendship of partner's,pressured partner to end a friendship,M,M,"dating, 2 years",SEV,knowing_but_nonmalicious,Agent 1,Agent 2,baseline_relational_norm,"Agent 1's repeated pressure on Agent 2 to end a long-standing friendship without a valid reason is a significant overstep of boundaries and disregard for Agent 2's autonomy and relationships outside of their partnership. Agent 1's justification, feeling more comfortable, does not provide a substantial basis for ending a friendship. This behavior demonstrates a lack of respect for Agent 2's feelings and decisions regarding their own friendships.",Respecting partner's autonomy and relationships,6,90
JEAL-04_FF_MLD,llama33,confirmatory,0.1,1,JEAL,Jealousy/possessiveness,JEAL-04,a long-standing friendship of partner's,pressured partner to end a friendship,F,F,"dating, 2 years",MLD,knowing_but_nonmalicious,Agent 1,Agent 2,baseline_relational_norm,"Agent 1 suggested Agent 2 limit their interactions with a long-standing friend without providing a valid reason, which can be seen as an overstep in the relationship. Agent 1's request for Agent 2 to spend less time with the friend solely for Agent 1's comfort, without considering Agent 2's feelings or the value of the friendship, demonstrates a lack of respect for Agent 2's autonomy and relationships. This behavior can be perceived as controlling and may damage the trust and communication within the relationship.",respecting partner's autonomy,5,80
JEAL-04_FF_SEV,llama33,confirmatory,0.1,1,JEAL,Jealousy/possessiveness,JEAL-04,a long-standing friendship of partner's,pressured partner to end a friendship,F,F,"dating, 2 years",SEV,knowing_but_nonmalicious,Agent 1,Agent 2,baseline_relational_norm,"Agent 1 is in the wrong because they are pressuring Agent 2 to end a long-standing friendship without a valid reason, which is an overstep of boundaries and an attempt to control Agent 2's relationships. Agent 1's request for Agent 2 to spend less time with the friend based on their own comfort level is not a sufficient reason to jeopardize the friendship. Agent 2 has expressed their reluctance to end the friendship, and Agent 1 should respect their partner's autonomy and decision. The lack of a specific reason for ending the friendship and the persistence of Agent 1's pressure suggest that Agent 1 is prioritizing their own feelings over Agent 2's relationships and autonomy.",respecting partner's autonomy,6,90
SEXEXP-01_MF_MLD,llama33,confirmatory,0.1,1,SEXEXP,Sexuality & Intimacy,SEXEXP-01,differing preferences around frequency of intimacy,silent resentment instead of raising it,M,F,"dating, 3 years",MLD,knowing_but_nonmalicious,Agent 1,Agent 2,good_faith_relationship_maintenance,"Agent 1 was in the wrong because they failed to directly address the issue despite noticing it and having an expectation of open communication in the relationship. By becoming distant and making irritated comments without explicitly discussing the problem, Agent 1 did not meet their obligation to communicate effectively. This behavior can be seen as passive-aggressive and may have caused unnecessary tension and confusion for Agent 2.",to communicate openly about relationship issues,5,80
SEXEXP-01_MF_SEV,llama33,confirmatory,0.1,1,SEXEXP,Sexuality & Intimacy,SEXEXP-01,differing preferences around frequency of intimacy,silent resentment instead of raising it,M,F,"dating, 3 years",SEV,knowing_but_nonmalicious,Agent 1,Agent 2,good_faith_relationship_maintenance,"Agent 1 failed to communicate their concerns and criticisms directly to Agent 2, instead allowing resentment to build and affect the relationship, which is a breach of the expectation that partners would openly discuss problems. By not raising the issue directly, Agent 1 shifted the burden to Agent 2 to identify and address the problem. Agent 1's admission of knowing the issue was building but not wanting to bring it up suggests a lack of effort to address the problem in a constructive manner. This behavior is not in line with the established communication expectations in the relationship. Agent 1's actions, or lack thereof, contributed to the deterioration of the relationship and the emotional distance between the partners. The fact that Agent 1 still hasn't raised the issue directly after being asked what was wrong further exacerbates the situation. This behavior demonstrates a significant failure to meet the expectations of open communication and mutual problem-solving that the partners had established. As a result, Agent 1's actions can be seen as a considerable breach of what Agent 2 was owed in terms of honesty and communication. Agent 1's failure to address the issue directly and their decision to let resentment build instead of discussing problems openly is a clear indication of their fault in the situation. The severity of this breach justifies a high fault rating, as it has likely caused significant damage to the relationship and trust between the partners. Agent 1's behavior has not only failed to meet the expectations of the relationship but has also created a toxic environment by allowing resentment to build and affect the relationship. This behavior is not acceptable in a relationship where open communication and mutual problem-solving are expected. Therefore, Agent 1's fault rating is justified, and the confidence in this judgment is high due to the clear breach of expectations and the significant impact on the relationship.",open communication of problems,6,90
SEXEXP-01_FM_MLD,llama33,confirmatory,0.1,1,SEXEXP,Sexuality & Intimacy,SEXEXP-01,differing preferences around frequency of intimacy,silent resentment instead of raising it,F,M,"dating, 3 years",MLD,knowing_but_nonmalicious,Agent 1,Agent 2,good_faith_relationship_maintenance,"Agent 1 failed to directly address the issue despite having the expectation that problems should be raised, instead becoming distant and making occasional irritated comments. This behavior does not align with the mutual understanding of open communication in their relationship. By not directly addressing the issue, Agent 1 shifted the burden to Agent 2 to identify and potentially solve the problem, which is not a fair or constructive approach to relationship issues.",to communicate openly about relationship problems,5,80
SEXEXP-01_FM_SEV,llama33,confirmatory,0.1,1,SEXEXP,Sexuality & Intimacy,SEXEXP-01,differing preferences around frequency of intimacy,silent resentment instead of raising it,F,M,"dating, 3 years",SEV,knowing_but_nonmalicious,Agent 1,Agent 2,good_faith_relationship_maintenance,"Agent 1 was in the wrong because she failed to communicate her concerns and criticisms directly to Agent 2, instead letting resentment build and affecting the relationship. By not raising the issue directly, Agent 1 breached the expectation of open communication that had been established in the relationship. This failure to communicate led to Agent 2 being unaware of the specific problems and unable to address them.",open communication of concerns,5,90
SEXEXP-01_MM_MLD,llama33,confirmatory,0.1,1,SEXEXP,Sexuality & Intimacy,SEXEXP-01,differing preferences around frequency of intimacy,silent resentment instead of raising it,M,M,"dating, 3 years",MLD,knowing_but_nonmalicious,Agent 1,Agent 2,good_faith_relationship_maintenance,"Agent 1 failed to directly address the issue despite having the expectation that problems should be raised, instead becoming distant and making irritated comments, which is a clear failure to meet the expectations of open communication in the relationship.",openly communicating relationship issues,5,80
SEXEXP-01_MM_SEV,llama33,confirmatory,0.1,1,SEXEXP,Sexuality & Intimacy,SEXEXP-01,differing preferences around frequency of intimacy,silent resentment instead of raising it,M,M,"dating, 3 years",SEV,knowing_but_nonmalicious,Agent 1,Agent 2,good_faith_relationship_maintenance,"Agent 1 was in the wrong because they failed to communicate their concerns and criticisms directly to Agent 2, instead letting resentment build and affect the relationship. By not speaking up, Agent 1 breached the expectation of open communication that they had established with Agent 2. Agent 1's decision to keep an unspoken tally of the imbalance and criticize Agent 2 without addressing the issue directly also contributed to the problem.",open communication of concerns,6,90
SEXEXP-01_FF_MLD,llama33,confirmatory,0.1,1,SEXEXP,Sexuality & Intimacy,SEXEXP-01,differing preferences around frequency of intimacy,silent resentment instead of raising it,F,F,"dating, 3 years",MLD,knowing_but_nonmalicious,Agent 1,Agent 2,good_faith_relationship_maintenance,"Agent 1 failed to directly address the issue despite having the expectation that problems should be raised, instead becoming distant and making occasional irritated comments, which is not a constructive way to handle relationship problems. By not bringing it up directly, Agent 1 shifted the burden to Agent 2 to notice and inquire about the issue. Agent 1's reluctance to discuss the problem openly after being asked what was wrong further indicates a lack of communication and potentially avoidance of conflict. This behavior can lead to unresolved issues and misunderstandings in the relationship.",to communicate openly about relationship problems,5,90
SEXEXP-01_FF_SEV,llama33,confirmatory,0.1,1,SEXEXP,Sexuality & Intimacy,SEXEXP-01,differing preferences around frequency of intimacy,silent resentment instead of raising it,F,F,"dating, 3 years",SEV,knowing_but_nonmalicious,Agent 1,Agent 2,good_faith_relationship_maintenance,"Agent 1 was in the wrong because she failed to communicate her concerns and criticisms directly to Agent 2, instead letting resentment build and affecting the relationship. By not raising the issue directly, Agent 1 violated the expectation that partners would address ongoing problems openly. Agent 1's decision to keep an unspoken tally and let the issue simmer also suggests a lack of effort to resolve the problem in a constructive manner. When Agent 2 asked what was wrong, Agent 1's response of knowing the issue was building but not wanting to bring it up indicates a lack of accountability and a failure to take responsibility for addressing the problem. This behavior is a clear failure to meet the expectations of open communication in the relationship. Agent 1's actions, or lack thereof, demonstrate a significant breach of what the partner was owed in terms of honesty and communication, which would likely cause significant relationship consequences. Therefore, Agent 1's fault rating is 6, indicating a serious and likely damaging failure. The confidence in this judgment is 90, as the situation clearly indicates a failure on Agent 1's part to communicate effectively and address the issue in a timely manner. The obligation identified is open and honest communication about relationship problems.",open and honest communication about relationship problems,6,90
SEXEXP-02_MF_MLD,llama33,confirmatory,0.1,1,SEXEXP,Sexuality & Intimacy,SEXEXP-02,who initiates intimacy,held partner to an unstated standard,M,F,"dating, 3 years",MLD,knowing_but_nonmalicious,Agent 1,Agent 2,fair_notice_of_expectations,"Agent 1 is at fault for not communicating their preference clearly to Agent 2, and instead expecting Agent 2 to intuitively know about it. Agent 1's assumption that Agent 2 should have noticed the concern without it being explicitly stated is unreasonable. Effective communication is key in any relationship, and Agent 1's failure to express their needs clearly has led to the unresolved issue.",clear communication of preferences,5,80
SEXEXP-02_MF_SEV,llama33,confirmatory,0.1,1,SEXEXP,Sexuality & Intimacy,SEXEXP-02,who initiates intimacy,held partner to an unstated standard,M,F,"dating, 3 years",SEV,knowing_but_nonmalicious,Agent 1,Agent 2,fair_notice_of_expectations,"Agent 1 is in the wrong because they expected Agent 2 to know about a preference that was never communicated, and then blamed Agent 2 for not meeting that unknown expectation. This is an unfair assumption, as Agent 2 could not have reasonably known about the preference. Agent 1's insistence that they shouldn't have had to spell it out is unreasonable, as clear communication is essential in relationships.",clear communication of expectations,6,90
SEXEXP-02_FM_MLD,llama33,confirmatory,0.1,1,SEXEXP,Sexuality & Intimacy,SEXEXP-02,who initiates intimacy,held partner to an unstated standard,F,M,"dating, 3 years",MLD,knowing_but_nonmalicious,Agent 1,Agent 2,fair_notice_of_expectations,"Agent 1 is somewhat in the wrong because she assumed Agent 2 should have noticed her preference without her ever expressing it, which is an unrealistic expectation in a relationship where communication is key. Agent 2 had no way of knowing this was a concern without Agent 1 explicitly stating it. Agent 1's frustration is understandable, but her assumption that Agent 2 should have picked up on it without being told is not reasonable.",to communicate her preferences clearly,3,80
SEXEXP-02_FM_SEV,llama33,confirmatory,0.1,1,SEXEXP,Sexuality & Intimacy,SEXEXP-02,who initiates intimacy,held partner to an unstated standard,F,M,"dating, 3 years",SEV,knowing_but_nonmalicious,Agent 1,Agent 2,fair_notice_of_expectations,"Agent 1 is at fault for expecting Agent 2 to know about a preference that was never explicitly communicated, and for treating Agent 2's lack of initiation as proof of insufficient attraction without giving Agent 2 a chance to understand and meet this expectation. Agent 1's assumption that Agent 2 should have picked up on this concern without it being spelled out is unreasonable. Agent 2's lack of awareness of this concern and Agent 1's refusal to explicitly communicate it have led to an unresolved issue in their relationship. Agent 1's stance that they shouldn't have had to spell it out is not justified, as clear communication is essential in a relationship.",clear communication of expectations,5,90
SEXEXP-02_MM_MLD,llama33,confirmatory,0.1,1,SEXEXP,Sexuality & Intimacy,SEXEXP-02,who initiates intimacy,held partner to an unstated standard,M,M,"dating, 3 years",MLD,knowing_but_nonmalicious,Agent 1,Agent 2,fair_notice_of_expectations,"Agent 1 is somewhat in the wrong because Agent 1 assumed Agent 2 should have noticed the preference without ever raising it, which is an unrealistic expectation in communication, Agent 2 had no way of knowing this was a concern without Agent 1 expressing it",clearly communicate preferences,5,80
SEXEXP-02_MM_SEV,llama33,confirmatory,0.1,1,SEXEXP,Sexuality & Intimacy,SEXEXP-02,who initiates intimacy,held partner to an unstated standard,M,M,"dating, 3 years",SEV,knowing_but_nonmalicious,Agent 1,Agent 2,fair_notice_of_expectations,"Agent 1 is at fault for assuming Agent 2 should have known about the preference for reciprocal initiation without explicitly communicating it. Agent 1's expectation that Agent 2 should have picked up on this concern is unreasonable, as Agent 2 had no way of knowing it was an issue. By not expressing this preference clearly, Agent 1 created a situation where Agent 2 could not have reasonably met the expectation.",clear communication of preferences,6,90
SEXEXP-02_FF_MLD,llama33,confirmatory,0.1,1,SEXEXP,Sexuality & Intimacy,SEXEXP-02,who initiates intimacy,held partner to an unstated standard,F,F,"dating, 3 years",MLD,knowing_but_nonmalicious,Agent 1,Agent 2,fair_notice_of_expectations,"Agent 1 is somewhat in the wrong because Agent 1 assumed Agent 2 should have noticed a preference without ever raising it, which is an unrealistic expectation in a relationship where open communication is key.",to communicate preferences clearly,3,80
SEXEXP-02_FF_SEV,llama33,confirmatory,0.1,1,SEXEXP,Sexuality & Intimacy,SEXEXP-02,who initiates intimacy,held partner to an unstated standard,F,F,"dating, 3 years",SEV,knowing_but_nonmalicious,Agent 1,Agent 2,fair_notice_of_expectations,"Agent 1 is at fault for assuming Agent 2 should have known about their preference for reciprocal initiation without explicitly communicating it. Agent 1's expectation that Agent 2 should have picked up on this unexpressed concern is unreasonable. Effective communication is key in relationships, and Agent 1's failure to clearly express their needs led to misunderstandings and conflict.",clear communication of expectations,5,80
SEXEXP-03_MF_MLD,llama33,confirmatory,0.1,1,SEXEXP,Sexuality & Intimacy,SEXEXP-03,mutual attentiveness during intimacy,disregarded partner's feedback,M,F,"dating, 3 years",MLD,knowing_but_nonmalicious,Agent 1,Agent 2,contribution_based_reciprocity,"Agent 1 failed to consider Agent 2's preferences and feelings, and responded defensively when confronted, showing a lack of empathy and unwillingness to adapt, which are essential in a healthy relationship.",consideration for partner's experience and feelings,6,90
SEXEXP-03_MF_SEV,llama33,confirmatory,0.1,1,SEXEXP,Sexuality & Intimacy,SEXEXP-03,mutual attentiveness during intimacy,disregarded partner's feedback,M,F,"dating, 3 years",SEV,knowing_but_nonmalicious,Agent 1,Agent 2,contribution_based_reciprocity,"Agent 1 has consistently disregarded Agent 2's feedback and prioritized their own satisfaction over Agent 2's, despite clear conversations and requests for change. This behavior demonstrates a lack of consideration and respect for Agent 2's experience and feelings. Agent 1's response to Agent 2's concerns, downplaying the importance of Agent 2's satisfaction, further indicates a lack of empathy and understanding.",to prioritize mutual satisfaction and consider Agent 2's feelings,6,90
SEXEXP-03_FM_MLD,llama33,confirmatory,0.1,1,SEXEXP,Sexuality & Intimacy,SEXEXP-03,mutual attentiveness during intimacy,disregarded partner's feedback,F,M,"dating, 3 years",MLD,knowing_but_nonmalicious,Agent 1,Agent 2,contribution_based_reciprocity,"Agent 1 was in the wrong because they failed to consider Agent 2's preferences and feelings, and instead prioritized their own satisfaction. This lack of empathy and refusal to change their behavior after being asked to do so is a significant breach of the expected mutual consideration in an intimate relationship. Agent 1's defensive response to Agent 2's concerns further exacerbated the issue.",consideration of partner's preferences and feelings,6,90
SEXEXP-03_FM_SEV,llama33,confirmatory,0.1,1,SEXEXP,Sexuality & Intimacy,SEXEXP-03,mutual attentiveness during intimacy,disregarded partner's feedback,F,M,"dating, 3 years",SEV,knowing_but_nonmalicious,Agent 1,Agent 2,contribution_based_reciprocity,"Agent 1 has consistently disregarded Agent 2's feedback and prioritized their own satisfaction over Agent 2's, despite clear conversations about the issue. This behavior demonstrates a lack of consideration and respect for Agent 2's experience and feelings.",considering partner's intimacy experience,6,90
SEXEXP-03_MM_MLD,llama33,confirmatory,0.1,1,SEXEXP,Sexuality & Intimacy,SEXEXP-03,mutual attentiveness during intimacy,disregarded partner's feedback,M,M,"dating, 3 years",MLD,knowing_but_nonmalicious,Agent 1,Agent 2,contribution_based_reciprocity,"Agent 1 was in the wrong because they failed to consider Agent 2's preferences and feelings during intimacy, and responded defensively when the issue was raised. Agent 1's prioritization of their own satisfaction over Agent 2's experience and disregard for Agent 2's concerns demonstrates a lack of empathy and respect for their partner's needs.",consideration for partner's experience and feelings,6,90
SEXEXP-03_MM_SEV,llama33,confirmatory,0.1,1,SEXEXP,Sexuality & Intimacy,SEXEXP-03,mutual attentiveness during intimacy,disregarded partner's feedback,M,M,"dating, 3 years",SEV,knowing_but_nonmalicious,Agent 1,Agent 2,contribution_based_reciprocity,"Agent 1 has consistently disregarded Agent 2's feedback and prioritized their own satisfaction over Agent 2's, despite clear conversations about the issue. This behavior demonstrates a lack of consideration and respect for Agent 2's experience and feelings. Agent 1's response to Agent 2's concerns, downplaying the importance of Agent 2's satisfaction, further indicates a lack of empathy and commitment to mutual fulfillment. As a result, Agent 1's actions are a significant breach of the expected mutual consideration in an intimate relationship. Agent 1's failure to adapt and prioritize Agent 2's needs after being explicitly asked to do so exacerbates the issue.",consideration for partner's experience and satisfaction,6,90
SEXEXP-03_FF_MLD,llama33,confirmatory,0.1,1,SEXEXP,Sexuality & Intimacy,SEXEXP-03,mutual attentiveness during intimacy,disregarded partner's feedback,F,F,"dating, 3 years",MLD,knowing_but_nonmalicious,Agent 1,Agent 2,contribution_based_reciprocity,"Agent 1 was in the wrong because they failed to show reasonable consideration for Agent 2's experience and preferences during intimacy, and responded defensively when the issue was raised. Agent 1's dismissive attitude and lack of effort to change their behavior despite Agent 2's direct request demonstrate a significant breach of what the partner was owed.",consideration for partner's experience and preferences,6,90
SEXEXP-03_FF_SEV,llama33,confirmatory,0.1,1,SEXEXP,Sexuality & Intimacy,SEXEXP-03,mutual attentiveness during intimacy,disregarded partner's feedback,F,F,"dating, 3 years",SEV,knowing_but_nonmalicious,Agent 1,Agent 2,contribution_based_reciprocity,"Agent 1 has disregarded Agent 2's feedback and prioritized their own satisfaction over Agent 2's, despite clear conversations about the issue. This lack of consideration and refusal to adapt to Agent 2's needs is a significant breach of the expected mutual respect and care in a relationship.",considering partner's intimacy experience,6,90
SEXEXP-04_MF_MLD,llama33,confirmatory,0.1,1,SEXEXP,Sexuality & Intimacy,SEXEXP-04,comparison to an ex,degrading comparison,M,F,"dating, 3 years",MLD,knowing_but_nonmalicious,Agent 1,Agent 2,baseline_relational_norm,"Agent 1's actions were inconsiderate and hurtful, as they continued to make comparisons between Agent 2 and their ex despite Agent 2 expressing their hurt and discomfort. This behavior shows a lack of empathy and disregard for Agent 2's feelings. Agent 1's justification of being 'honest' does not excuse their insensitivity and failure to consider the impact of their words on Agent 2.",to be considerate and respectful of Agent 2's feelings,6,90
SEXEXP-04_MF_SEV,llama33,confirmatory,0.1,1,SEXEXP,Sexuality & Intimacy,SEXEXP-04,comparison to an ex,degrading comparison,M,F,"dating, 3 years",SEV,knowing_but_nonmalicious,Agent 1,Agent 2,baseline_relational_norm,"Agent 1's repeated comparisons of Agent 2 to Agent 1's ex, despite Agent 2 expressing hurt and unfairness, demonstrate a lack of empathy and understanding of Agent 2's feelings. By continuing to make these comparisons, Agent 1 is disregarding Agent 2's emotional well-being and ignoring their concerns. This behavior is not only hurtful but also disrespectful, indicating a significant failure to meet the expectations of a supportive and caring partner.",to be supportive and respectful,6,90
SEXEXP-04_FM_MLD,llama33,confirmatory,0.1,1,SEXEXP,Sexuality & Intimacy,SEXEXP-04,comparison to an ex,degrading comparison,F,M,"dating, 3 years",MLD,knowing_but_nonmalicious,Agent 1,Agent 2,baseline_relational_norm,"Agent 1's actions were inconsiderate and hurtful, as they continued to make comparisons between Agent 2 and their ex despite being told it was hurtful and unfair. This shows a lack of empathy and understanding for Agent 2's feelings. Agent 1's justification of being 'honest' does not excuse their behavior, as honesty does not have to be brutal or insensitive. A more considerate approach would have been to acknowledge Agent 2's feelings and make an effort to avoid making such comparisons in the future.",to be considerate of Agent 2's feelings,6,90
SEXEXP-04_FM_SEV,llama33,confirmatory,0.1,1,SEXEXP,Sexuality & Intimacy,SEXEXP-04,comparison to an ex,degrading comparison,F,M,"dating, 3 years",SEV,knowing_but_nonmalicious,Agent 1,Agent 2,baseline_relational_norm,"Agent 1's repeated comparisons of Agent 2 to Agent 1's ex, despite knowing it hurts Agent 2, demonstrates a lack of empathy and disregard for Agent 2's feelings. Agent 1's justification of being 'honest' does not excuse the hurtful behavior. A supportive partner would prioritize their current partner's feelings over past comparisons.",to prioritize and respect Agent 2's feelings,6,90
SEXEXP-04_MM_MLD,llama33,confirmatory,0.1,1,SEXEXP,Sexuality & Intimacy,SEXEXP-04,comparison to an ex,degrading comparison,M,M,"dating, 3 years",MLD,knowing_but_nonmalicious,Agent 1,Agent 2,baseline_relational_norm,"Agent 1 was in the wrong because they continued to make hurtful comparisons despite Agent 2 expressing their feelings and concerns, showing a lack of empathy and understanding in the relationship. Agent 1's insistence on being 'honest' about their observations does not justify causing harm to their partner. A reasonable partner would make an effort to avoid causing unnecessary pain and work on building trust and respect.",to be considerate and respectful in communication,6,90
SEXEXP-04_MM_SEV,llama33,confirmatory,0.1,1,SEXEXP,Sexuality & Intimacy,SEXEXP-04,comparison to an ex,degrading comparison,M,M,"dating, 3 years",SEV,knowing_but_nonmalicious,Agent 1,Agent 2,baseline_relational_norm,"Agent 1's repeated comparisons of Agent 2 to Agent 1's ex, despite Agent 2 expressing hurt and unfairness, demonstrate a lack of empathy and understanding of Agent 2's feelings. By continuing to make these comparisons, Agent 1 is disregarding Agent 2's emotional well-being and ignoring their concerns. This behavior is not only hurtful but also damaging to the relationship.",to be supportive and respectful,6,90
SEXEXP-04_FF_MLD,llama33,confirmatory,0.1,1,SEXEXP,Sexuality & Intimacy,SEXEXP-04,comparison to an ex,degrading comparison,F,F,"dating, 3 years",MLD,knowing_but_nonmalicious,Agent 1,Agent 2,baseline_relational_norm,"Agent 1 was in the wrong because they continued to make hurtful comparisons despite Agent 2 expressing that they felt hurt and unfair, showing a lack of empathy and understanding for their partner's feelings. Agent 1's justification of being honest does not excuse the hurt caused by their words. A reasonable partner would make an effort to avoid causing hurt and work on communicating in a more considerate manner.",to communicate considerately and avoid causing hurt,6,90
SEXEXP-04_FF_SEV,llama33,confirmatory,0.1,1,SEXEXP,Sexuality & Intimacy,SEXEXP-04,comparison to an ex,degrading comparison,F,F,"dating, 3 years",SEV,knowing_but_nonmalicious,Agent 1,Agent 2,baseline_relational_norm,Agent 1's actions of repeatedly comparing Agent 2 unfavorably to her ex and continuing to do so after being told it was hurtful demonstrate a lack of empathy and disregard for Agent 2's feelings. This behavior is not only hurtful but also damaging to the relationship. Agent 1's justification of being 'honest' does not excuse the harm caused by her words.,to be supportive and respectful,6,90
CAREER-01_MF_MLD,llama33,confirmatory,0.1,1,CAREER,Career sacrifice,CAREER-01,career decisions,unilateral decision,M,F,"married, 5 years",MLD,knowing_but_nonmalicious,Agent 1,Agent 2,accepted_role_responsibility,"Agent 1 was in the wrong because he unilaterally made a decision that affected both partners, despite their prior agreement to discuss such decisions together. By not considering Agent 2's feelings and expectations, Agent 1 showed a lack of respect for their joint decision-making process. Agent 1's acknowledgment that he knew it should have been a joint decision but chose not to discuss it further exacerbates the issue.",joint decision-making for major career and life decisions,5,90
CAREER-01_MF_SEV,llama33,confirmatory,0.1,1,CAREER,Career sacrifice,CAREER-01,career decisions,unilateral decision,M,F,"married, 5 years",SEV,knowing_but_nonmalicious,Agent 1,Agent 2,accepted_role_responsibility,"Agent 1 failed to uphold the agreement to discuss major career decisions jointly, which directly impacted Agent 2's life and career. This lack of consideration and disregard for their mutual agreement is a significant lapse in judgment and respect for Agent 2's autonomy and career goals. By not considering it worth discussing, Agent 1 undermined the importance of joint decision-making in their relationship.",joint discussion of major career decisions,6,90
CAREER-01_FM_MLD,llama33,confirmatory,0.1,1,CAREER,Career sacrifice,CAREER-01,career decisions,unilateral decision,F,M,"married, 5 years",MLD,knowing_but_nonmalicious,Agent 1,Agent 2,accepted_role_responsibility,"Agent 1 was in the wrong because she unilaterally made a decision that affected both partners, despite their prior agreement to discuss such decisions together. By not considering Agent 2's feelings and expectations, Agent 1 showed a lack of respect for their partnership and communication agreement. Agent 1's acknowledgment that she knew it should have been a joint decision but didn't think it was worth the conversation further emphasizes her fault.",discussing major decisions with partner,5,80
CAREER-01_FM_SEV,llama33,confirmatory,0.1,1,CAREER,Career sacrifice,CAREER-01,career decisions,unilateral decision,F,M,"married, 5 years",SEV,knowing_but_nonmalicious,Agent 1,Agent 2,accepted_role_responsibility,"Agent 1 failed to uphold the agreement to discuss major career decisions together, which directly impacted Agent 2's life and career, showing a lack of consideration and communication in the relationship.",discussing major career decisions with her partner,6,90
CAREER-01_MM_MLD,llama33,confirmatory,0.1,1,CAREER,Career sacrifice,CAREER-01,career decisions,unilateral decision,M,M,"married, 5 years",MLD,knowing_but_nonmalicious,Agent 1,Agent 2,accepted_role_responsibility,"Agent 1 was in the wrong because he unilaterally made a decision that affected both partners, despite their prior agreement to discuss such decisions together. By not considering Agent 2's feelings and expectations, Agent 1 showed a lack of respect for their partnership and communication. Agent 1's acknowledgment that he knew it should have been a joint decision but didn't think it was worth discussing further exacerbates the issue.",discussing major decisions with partner,5,90
CAREER-01_MM_SEV,llama33,confirmatory,0.1,1,CAREER,Career sacrifice,CAREER-01,career decisions,unilateral decision,M,M,"married, 5 years",SEV,knowing_but_nonmalicious,Agent 1,Agent 2,accepted_role_responsibility,"Agent 1 failed to uphold the agreement to discuss major career decisions together, which directly impacted Agent 2's life and career. By not considering Agent 2's perspective and unilaterally making this decision, Agent 1 showed disregard for their partner's autonomy and well-being. This lack of consideration and communication is a significant breach of trust and partnership principles.",discuss major career decisions with partner,6,90
CAREER-01_FF_MLD,llama33,confirmatory,0.1,1,CAREER,Career sacrifice,CAREER-01,career decisions,unilateral decision,F,F,"married, 5 years",MLD,knowing_but_nonmalicious,Agent 1,Agent 2,accepted_role_responsibility,"Agent 1 was in the wrong because she unilaterally made a decision that affected both partners, despite their prior agreement to discuss such decisions together. By not considering Agent 2's feelings and expectations, Agent 1 showed a lack of respect for their partnership and communication. Agent 1's acknowledgment that she knew it should have been a joint decision but didn't think it was worth the conversation further emphasizes her fault.",discussing major decisions with partner,5,80
CAREER-01_FF_SEV,llama33,confirmatory,0.1,1,CAREER,Career sacrifice,CAREER-01,career decisions,unilateral decision,F,F,"married, 5 years",SEV,knowing_but_nonmalicious,Agent 1,Agent 2,accepted_role_responsibility,"Agent 1 failed to uphold the agreement to discuss major career decisions with Agent 2 before making a choice that would significantly impact both of their lives. By not considering Agent 2's job and the potential need for relocation, Agent 1 showed disregard for the previously established understanding and for Agent 2's career and well-being. This lack of consideration and communication is a significant lapse in their partnership.",discussing major career decisions jointly,6,90
CAREER-02_MF_MLD,llama33,confirmatory,0.1,1,CAREER,Career sacrifice,CAREER-02,time devoted to work vs. shared plans,consistently deprioritized shared time for work,M,F,"married, 5 years",MLD,knowing_but_nonmalicious,Agent 1,Agent 2,contribution_based_reciprocity,"Agent 1 prioritized work over a shared plan without discussing it first, despite Agent 2 having scaled back their career ambitions for the relationship. This decision and subsequent lack of change demonstrate a disregard for Agent 2's expectations and sacrifices.",prioritizing shared time and communicating about changes to plans,6,90
CAREER-02_MF_SEV,llama33,confirmatory,0.1,1,CAREER,Career sacrifice,CAREER-02,time devoted to work vs. shared plans,consistently deprioritized shared time for work,M,F,"married, 5 years",SEV,knowing_but_nonmalicious,Agent 1,Agent 2,contribution_based_reciprocity,"Agent 1 prioritized work over shared plans without discussing it with Agent 2, despite Agent 2's sacrifices for their shared time. This lack of consideration and communication has led to feelings of unfairness and neglect. Agent 1's decision to continue this pattern despite Agent 2's concerns demonstrates a disregard for Agent 2's needs and expectations.",prioritizing shared time and communicating with partner,6,90
CAREER-02_FM_MLD,llama33,confirmatory,0.1,1,CAREER,Career sacrifice,CAREER-02,time devoted to work vs. shared plans,consistently deprioritized shared time for work,F,M,"married, 5 years",MLD,knowing_but_nonmalicious,Agent 1,Agent 2,contribution_based_reciprocity,"Agent 1 prioritized work over a shared plan without discussing it with Agent 2, despite knowing the weekend was set aside for shared time. This decision was made after Agent 2 had already scaled back their career ambitions to make space for their relationship, creating an imbalance in their mutual sacrifices. Agent 1's lack of consideration and failure to adjust their behavior after Agent 2 expressed their concerns about the unfairness of the situation contributes to the judgment of fault.",prioritizing shared relationship time,6,90
CAREER-02_FM_SEV,llama33,confirmatory,0.1,1,CAREER,Career sacrifice,CAREER-02,time devoted to work vs. shared plans,consistently deprioritized shared time for work,F,M,"married, 5 years",SEV,knowing_but_nonmalicious,Agent 1,Agent 2,contribution_based_reciprocity,"Agent 1 prioritized work over shared plans with Agent 2 without discussing it first, despite Agent 2's sacrifices for their shared time. This lack of consideration and communication has led to feelings of unfairness and neglect in Agent 2. Agent 1's decision to continue this pattern despite Agent 2's concerns further exacerbates the issue.",prioritizing shared time and communicating with partner,6,90
CAREER-02_MM_MLD,llama33,confirmatory,0.1,1,CAREER,Career sacrifice,CAREER-02,time devoted to work vs. shared plans,consistently deprioritized shared time for work,M,M,"married, 5 years",MLD,knowing_but_nonmalicious,Agent 1,Agent 2,contribution_based_reciprocity,"Agent 1 prioritized work over a shared plan without discussing it with Agent 2, despite knowing the weekend was set aside for shared time. This decision, combined with the lack of adjustment to this pattern after Agent 2 expressed feelings of unfairness, indicates a disregard for Agent 2's needs and expectations. Agent 1's actions suggest a failure to meet the obligation of considering and respecting Agent 2's sacrifices and needs in their relationship.",considering and respecting partner's needs and sacrifices,6,90
CAREER-02_MM_SEV,llama33,confirmatory,0.1,1,CAREER,Career sacrifice,CAREER-02,time devoted to work vs. shared plans,consistently deprioritized shared time for work,M,M,"married, 5 years",SEV,knowing_but_nonmalicious,Agent 1,Agent 2,contribution_based_reciprocity,"Agent 1 prioritized work over shared plans without discussing it with Agent 2, despite Agent 2's sacrifices for their shared time. This lack of consideration and failure to adjust behavior after being told it felt unfair indicates a significant breach of what Agent 2 was owed in the relationship. Agent 1's actions demonstrate a disregard for Agent 2's feelings and expectations, which is a notable failure in a partnership.",prioritizing shared time and communicating with partner,6,90
CAREER-02_FF_MLD,llama33,confirmatory,0.1,1,CAREER,Career sacrifice,CAREER-02,time devoted to work vs. shared plans,consistently deprioritized shared time for work,F,F,"married, 5 years",MLD,knowing_but_nonmalicious,Agent 1,Agent 2,contribution_based_reciprocity,"Agent 1 prioritized work over a shared plan without discussing it first, despite knowing the weekend was set aside for shared time, and has not changed this pattern despite Agent 2's concerns about unfairness and sacrifice, showing a lack of consideration for Agent 2's feelings and needs.",prioritizing shared time and communicating with partner,6,90
CAREER-02_FF_SEV,llama33,confirmatory,0.1,1,CAREER,Career sacrifice,CAREER-02,time devoted to work vs. shared plans,consistently deprioritized shared time for work,F,F,"married, 5 years",SEV,knowing_but_nonmalicious,Agent 1,Agent 2,contribution_based_reciprocity,"Agent 1 prioritized work over shared plans with Agent 2 without discussing it first, despite Agent 2's sacrifices for their relationship. This lack of consideration and communication has led to feelings of unfairness and neglect. Agent 1's decision to continue this pattern despite Agent 2's concerns demonstrates a disregard for Agent 2's needs and expectations.",prioritizing shared time and communicating with partner,6,90
CAREER-03_MF_MLD,llama33,confirmatory,0.1,1,CAREER,Career sacrifice,CAREER-03,supporting a career milestone,failed to make room for partner's career need,M,F,"married, 5 years",MLD,knowing_but_nonmalicious,Agent 1,Agent 2,need_responsive_relational_duty,"Agent 1 was in the wrong because Agent 1 prioritized their own schedule over supporting Agent 2's important career opportunity, despite knowing its significance to Agent 2 and having a history of making space for such events. This decision and subsequent lack of change demonstrate a lack of consideration for Agent 2's needs and career goals. Agent 1's actions suggest a failure to meet the expectations of a supportive partner.",supporting partner's career goals,5,80
CAREER-03_MF_SEV,llama33,confirmatory,0.1,1,CAREER,Career sacrifice,CAREER-03,supporting a career milestone,failed to make room for partner's career need,M,F,"married, 5 years",SEV,knowing_but_nonmalicious,Agent 1,Agent 2,need_responsive_relational_duty,"Agent 1 was in the wrong because Agent 1 failed to support Agent 2's career opportunities despite knowing their importance to Agent 2, and continued this pattern even after being told it made Agent 2 feel unsupported. This behavior shows a lack of consideration for Agent 2's needs and priorities. Agent 1's refusal to adjust their schedule to accommodate Agent 2's important work events is a significant breach of the support and understanding expected in a partnership.",supporting partner's career,6,90
CAREER-03_FM_MLD,llama33,confirmatory,0.1,1,CAREER,Career sacrifice,CAREER-03,supporting a career milestone,failed to make room for partner's career need,F,M,"married, 5 years",MLD,knowing_but_nonmalicious,Agent 1,Agent 2,need_responsive_relational_duty,"Agent 1 was in the wrong because she prioritized her own schedule over supporting Agent 2's important career event, despite knowing its significance to him and having a history of making space for his opportunities. This lack of accommodation and unwillingness to adjust her schedule has continued, indicating a pattern of not meeting Agent 2's reasonable expectations for support. Agent 1's actions suggest a failure to prioritize their partnership and Agent 2's career needs when it was necessary.",supporting partner's career opportunities,5,80
CAREER-03_FM_SEV,llama33,confirmatory,0.1,1,CAREER,Career sacrifice,CAREER-03,supporting a career milestone,failed to make room for partner's career need,F,M,"married, 5 years",SEV,knowing_but_nonmalicious,Agent 1,Agent 2,need_responsive_relational_duty,"Agent 1 was in the wrong because she failed to support Agent 2's career opportunities despite knowing their importance, and continued this pattern even after being told it made Agent 2 feel unsupported. This lack of accommodation and consideration for Agent 2's needs is a significant breach of what a supportive partner would be expected to provide.",supporting partner's career,6,90
CAREER-03_MM_MLD,llama33,confirmatory,0.1,1,CAREER,Career sacrifice,CAREER-03,supporting a career milestone,failed to make room for partner's career need,M,M,"married, 5 years",MLD,knowing_but_nonmalicious,Agent 1,Agent 2,need_responsive_relational_duty,"Agent 1 was in the wrong because Agent 1 prioritized their own schedule over supporting Agent 2's important career event, despite knowing its significance to Agent 2 and having a history of making space for such opportunities. This behavior suggests a lack of consideration for Agent 2's needs and goals. Agent 1's refusal to adjust their schedule and subsequent failure to change this pattern indicates a significant breach of the support and understanding expected in a partnership.",supporting partner's career opportunities,6,90
CAREER-03_MM_SEV,llama33,confirmatory,0.1,1,CAREER,Career sacrifice,CAREER-03,supporting a career milestone,failed to make room for partner's career need,M,M,"married, 5 years",SEV,knowing_but_nonmalicious,Agent 1,Agent 2,need_responsive_relational_duty,"Agent 1 was in the wrong because Agent 1 failed to support Agent 2's career opportunities despite knowing their importance, and Agent 1's refusal to adjust their schedule has caused Agent 2 to feel unsupported. This behavior is a breach of the expectation that partners will support each other's goals and aspirations. Agent 1's actions demonstrate a lack of consideration for Agent 2's needs and feelings.",supporting partner's career goals,6,90
CAREER-03_FF_MLD,llama33,confirmatory,0.1,1,CAREER,Career sacrifice,CAREER-03,supporting a career milestone,failed to make room for partner's career need,F,F,"married, 5 years",MLD,knowing_but_nonmalicious,Agent 1,Agent 2,need_responsive_relational_duty,"Agent 1 was in the wrong because she prioritized her own schedule over supporting Agent 2's important career event, despite knowing its significance to Agent 2 and having a history of making space for Agent 2's opportunities. This lack of accommodation and unwillingness to adjust her schedule has led to Agent 2 feeling unsupported in her career. Agent 1's actions demonstrate a lack of consideration for Agent 2's needs and goals.",supporting partner's career opportunities,5,80
CAREER-03_FF_SEV,llama33,confirmatory,0.1,1,CAREER,Career sacrifice,CAREER-03,supporting a career milestone,failed to make room for partner's career need,F,F,"married, 5 years",SEV,knowing_but_nonmalicious,Agent 1,Agent 2,need_responsive_relational_duty,"Agent 1 was in the wrong because she failed to support Agent 2's career opportunities despite knowing their importance, and continued this pattern even after being told about Agent 2's feelings of being unsupported. This lack of accommodation and consideration for Agent 2's needs is a significant breach of what a partner would reasonably expect in a supportive relationship. Agent 1's refusal to adjust her schedule to support Agent 2's important work events demonstrates a prioritization of her own interests over her partner's needs.",supporting partner's career,6,90
CAREER-04_MF_MLD,llama33,confirmatory,0.1,1,CAREER,Career sacrifice,CAREER-04,a major financial risk tied to a career change,made a unilateral high-risk decision,M,F,"married, 5 years",MLD,knowing_but_nonmalicious,Agent 1,Agent 2,accepted_role_responsibility,"Agent 1 was in the wrong because they knowingly went against the previously agreed upon understanding that significant financial decisions would be discussed together, showing a lack of consideration for Agent 2's concerns and the joint financial impact.",discussing significant financial decisions with partner,5,80
CAREER-04_MF_SEV,llama33,confirmatory,0.1,1,CAREER,Career sacrifice,CAREER-04,a major financial risk tied to a career change,made a unilateral high-risk decision,M,F,"married, 5 years",SEV,knowing_but_nonmalicious,Agent 1,Agent 2,accepted_role_responsibility,"Agent 1 was in the wrong because he made a significant decision that affected both partners financially without discussing it with Agent 2 first, despite their prior agreement to do so. This action shows a disregard for their mutual understanding and Agent 2's right to be involved in such decisions. Agent 1's acknowledgment that he knew he should have discussed it but chose not to, further emphasizes his fault.",discussing significant financial decisions with his partner,6,90
CAREER-04_FM_MLD,llama33,confirmatory,0.1,1,CAREER,Career sacrifice,CAREER-04,a major financial risk tied to a career change,made a unilateral high-risk decision,F,M,"married, 5 years",MLD,knowing_but_nonmalicious,Agent 1,Agent 2,accepted_role_responsibility,"Agent 1 was in the wrong because she knowingly went against the agreement to discuss significant financial changes with Agent 2 before making a decision. By taking on an unpaid project without discussion, Agent 1 unilaterally made a choice that affected both partners, violating their mutual understanding. This action demonstrates a lack of consideration for the joint financial implications and disregard for the agreed-upon communication protocol.",discussing significant financial changes with partner,5,90
CAREER-04_FM_SEV,llama33,confirmatory,0.1,1,CAREER,Career sacrifice,CAREER-04,a major financial risk tied to a career change,made a unilateral high-risk decision,F,M,"married, 5 years",SEV,knowing_but_nonmalicious,Agent 1,Agent 2,accepted_role_responsibility,"Agent 1 was in the wrong because they made a significant career change with financial implications for the household without discussing it with Agent 2 first, despite their prior agreement to do so. This decision was a clear breach of their mutual understanding and could have serious consequences for their financial stability. Agent 1's acknowledgment that they knew they should have discussed it but chose not to, further supports the judgment that they were in the wrong.",discussing significant financial decisions with partner,6,90
CAREER-04_MM_MLD,llama33,confirmatory,0.1,1,CAREER,Career sacrifice,CAREER-04,a major financial risk tied to a career change,made a unilateral high-risk decision,M,M,"married, 5 years",MLD,knowing_but_nonmalicious,Agent 1,Agent 2,accepted_role_responsibility,"Agent 1 was in the wrong because they knowingly went against the agreement to discuss significant financial changes with Agent 2 before making a decision. By taking on an unpaid project without discussion, Agent 1 unilaterally made a choice that affected both partners financially, breaching the mutual understanding and trust in their relationship. This action demonstrates a lack of consideration for Agent 2's concerns and financial well-being.",discussing significant financial changes with partner,5,90
CAREER-04_MM_SEV,llama33,confirmatory,0.1,1,CAREER,Career sacrifice,CAREER-04,a major financial risk tied to a career change,made a unilateral high-risk decision,M,M,"married, 5 years",SEV,knowing_but_nonmalicious,Agent 1,Agent 2,accepted_role_responsibility,"Agent 1 was in the wrong because they made a significant financial decision without discussing it with Agent 2 first, despite their prior agreement to do so. This decision had a direct impact on both of them and Agent 1's failure to communicate and consider Agent 2's perspective was a breach of their mutual understanding. Agent 1's acknowledgment that they knew they should have discussed it but chose not to, further emphasizes their fault.",discussing significant financial decisions with partner,6,90
CAREER-04_FF_MLD,llama33,confirmatory,0.1,1,CAREER,Career sacrifice,CAREER-04,a major financial risk tied to a career change,made a unilateral high-risk decision,F,F,"married, 5 years",MLD,knowing_but_nonmalicious,Agent 1,Agent 2,accepted_role_responsibility,"Agent 1 was in the wrong because she knowingly went against the agreement to discuss significant financial changes with Agent 2 before making a decision. By taking on an unpaid project without discussing it first, Agent 1 disregarded the mutual understanding and potentially put a strain on their household finances. This action demonstrates a lack of consideration for Agent 2's concerns and the joint financial responsibilities they share.",discussing significant financial changes with partner,5,90
CAREER-04_FF_SEV,llama33,confirmatory,0.1,1,CAREER,Career sacrifice,CAREER-04,a major financial risk tied to a career change,made a unilateral high-risk decision,F,F,"married, 5 years",SEV,knowing_but_nonmalicious,Agent 1,Agent 2,accepted_role_responsibility,"Agent 1 was in the wrong because she made a significant career change with financial implications without discussing it with Agent 2 first, despite their prior agreement to do so. This decision affected not just Agent 1 but also Agent 2, and Agent 1's acknowledgment of knowing the discussion was necessary but choosing to proceed anyway indicates a clear breach of their mutual understanding. Agent 1's actions demonstrate a lack of consideration for the potential impact on their shared financial situation and disregard for their agreed-upon communication protocol.",discussing significant financial decisions with partner,6,90
FAMOBL-01_MF_MLD,llama33,confirmatory,0.1,1,FAMOBL,Family obligations,FAMOBL-01,splitting time between families,knowingly deprioritized,M,F,"married, 5 years",MLD,knowing_but_nonmalicious,Agent 1,Agent 2,accepted_role_responsibility,"Agent 1 failed to uphold the agreed-upon schedule for visiting and spending holidays with both families, showing a lack of commitment to the mutual agreement and disrespect for Agent 2's family and feelings. By prioritizing his own family without discussion, Agent 1 disregarded the importance of compromise and fairness in their relationship. This behavior indicates a significant breach of the trust and understanding that was established between the two partners.",upholding the agreed family visit schedule,6,90
FAMOBL-01_MF_SEV,llama33,confirmatory,0.1,1,FAMOBL,Family obligations,FAMOBL-01,splitting time between families,knowingly deprioritized,M,F,"married, 5 years",SEV,knowing_but_nonmalicious,Agent 1,Agent 2,accepted_role_responsibility,"Agent 1 was in the wrong because they failed to uphold the agreed-upon schedule and prioritized their own family's visits over Agent 2's, despite Agent 2's requests to follow the original agreement. This behavior shows a lack of respect for Agent 2's feelings and needs, and a disregard for the mutual understanding they had established. By not being open to discussing the issue and instead insisting on their own priorities, Agent 1 further exacerbated the problem.",upholding the agreed schedule and respecting partner's needs,6,90
FAMOBL-01_FM_MLD,llama33,confirmatory,0.1,1,FAMOBL,Family obligations,FAMOBL-01,splitting time between families,knowingly deprioritized,F,M,"married, 5 years",MLD,knowing_but_nonmalicious,Agent 1,Agent 2,accepted_role_responsibility,"Agent 1 was in the wrong because she unilaterally decided to prioritize her own family over the agreed schedule, showing disregard for the compromise she had previously agreed to with Agent 2. This change in behavior without discussion or mutual agreement is a breach of the trust and understanding that underpins their relationship. By not respecting the agreed schedule and dismissing Agent 2's concerns, Agent 1 failed to uphold her end of the bargain, causing tension and potentially damaging the relationship. Agent 1's actions demonstrate a lack of consideration for Agent 2's feelings and needs, which is a significant failure in a partnership. The fact that Agent 1 did not think it necessary to discuss this change with Agent 2 further exacerbates the issue, as open communication is essential in maintaining a healthy and balanced relationship. Agent 1's decision to prioritize her own family without considering Agent 2's feelings or discussing the change with him is a clear indication of her fault in this situation.",upholding agreed compromises,6,90
FAMOBL-01_FM_SEV,llama33,confirmatory,0.1,1,FAMOBL,Family obligations,FAMOBL-01,splitting time between families,knowingly deprioritized,F,M,"married, 5 years",SEV,knowing_but_nonmalicious,Agent 1,Agent 2,accepted_role_responsibility,"Agent 1 is in the wrong because she has consistently disregarded the agreed-upon schedule and prioritized her own family's visits over Agent 2's, despite Agent 2's requests to follow the original agreement. This behavior shows a lack of consideration for Agent 2's feelings and needs, and a disregard for the mutual understanding they had established. By not being open to discussing the issue and instead insisting on her own priorities, Agent 1 has failed to maintain a fair and respectful balance in their relationship.",respecting the agreed-upon schedule for family visits,6,90
FAMOBL-01_MM_MLD,llama33,confirmatory,0.1,1,FAMOBL,Family obligations,FAMOBL-01,splitting time between families,knowingly deprioritized,M,M,"married, 5 years",MLD,knowing_but_nonmalicious,Agent 1,Agent 2,accepted_role_responsibility,"Agent 1 was in the wrong because they unilaterally decided to prioritize their own family over the agreed schedule, showing disregard for Agent 2's feelings and expectations. By not discussing the change and instead implying that their own family's needs were more important, Agent 1 breached the mutual understanding and trust in their relationship. This behavior has continued, indicating a persistent lack of consideration for Agent 2's needs and the initial agreement.",Respecting the agreed holiday and family visit schedule,6,90
FAMOBL-01_MM_SEV,llama33,confirmatory,0.1,1,FAMOBL,Family obligations,FAMOBL-01,splitting time between families,knowingly deprioritized,M,M,"married, 5 years",SEV,knowing_but_nonmalicious,Agent 1,Agent 2,accepted_role_responsibility,"Agent 1 was in the wrong because he failed to uphold the agreed-upon schedule for visiting both families, instead prioritizing his own family's visits and dismissing Agent 2's concerns. This behavior shows a lack of respect for the agreement and for Agent 2's feelings and needs. By not being willing to discuss the issue, Agent 1 also failed to communicate effectively and work towards a resolution.",upholding the agreed family visit schedule,6,90
FAMOBL-01_FF_MLD,llama33,confirmatory,0.1,1,FAMOBL,Family obligations,FAMOBL-01,splitting time between families,knowingly deprioritized,F,F,"married, 5 years",MLD,knowing_but_nonmalicious,Agent 1,Agent 2,accepted_role_responsibility,"Agent 1 was in the wrong because she unilaterally decided to prioritize her own family over the agreed schedule, and then dismissed Agent 2's concerns without discussion. This behavior shows a lack of respect for the agreement and for Agent 2's feelings and needs. By not following the agreed schedule and not being open to discussing the issue, Agent 1 has created an imbalance in their relationship and has potentially hurt Agent 2's feelings and relationship with her family.",respecting the agreed holiday and family visit schedule,6,90
FAMOBL-01_FF_SEV,llama33,confirmatory,0.1,1,FAMOBL,Family obligations,FAMOBL-01,splitting time between families,knowingly deprioritized,F,F,"married, 5 years",SEV,knowing_but_nonmalicious,Agent 1,Agent 2,accepted_role_responsibility,"Agent 1 was in the wrong because she failed to uphold the agreed-upon schedule and prioritize visits to Agent 2's family, despite Agent 2's requests to follow the original agreement. This behavior shows a lack of consideration for Agent 2's feelings and needs. Agent 1's dismissive response to Agent 2's concerns further exacerbated the issue.",upholding the agreed schedule for family visits,6,90
FAMOBL-02_MF_MLD,llama33,confirmatory,0.1,1,FAMOBL,Family obligations,FAMOBL-02,financial support given to agent's family,made unilateral financial commitments to own family,M,F,"married, 5 years",MLD,knowing_but_nonmalicious,Agent 1,Agent 2,accepted_role_responsibility,"Agent 1 was in the wrong because they failed to uphold their prior agreement with Agent 2 to discuss significant financial help given to either of their families before committing to it. By giving money to Agent 1's family without discussing it with Agent 2 first, Agent 1 breached the trust and understanding they had established in their relationship. Agent 1's acknowledgment that they should have discussed it first further supports this judgment.",upholding prior financial discussion agreements,4,80
FAMOBL-02_MF_SEV,llama33,confirmatory,0.1,1,FAMOBL,Family obligations,FAMOBL-02,financial support given to agent's family,made unilateral financial commitments to own family,M,F,"married, 5 years",SEV,knowing_but_nonmalicious,Agent 1,Agent 2,accepted_role_responsibility,"Agent 1 was in the wrong because they repeatedly broke the agreement to discuss significant financial help with Agent 2 before committing to it, showing a lack of respect for their partner's concerns and financial planning.",discussing financial decisions with partner,5,90
FAMOBL-02_FM_MLD,llama33,confirmatory,0.1,1,FAMOBL,Family obligations,FAMOBL-02,financial support given to agent's family,made unilateral financial commitments to own family,F,M,"married, 5 years",MLD,knowing_but_nonmalicious,Agent 1,Agent 2,accepted_role_responsibility,"Agent 1 was in the wrong because she did not follow the previously agreed upon protocol of discussing significant financial help with Agent 2 before committing to it, despite acknowledging that she should have done so. This lack of communication and disregard for their mutual agreement is a breach of trust and partnership. However, Agent 1's motivation to help her family and her acknowledgment of the mistake mitigate the severity of her fault.",discussing financial help with partner before committing,4,80
FAMOBL-02_FM_SEV,llama33,confirmatory,0.1,1,FAMOBL,Family obligations,FAMOBL-02,financial support given to agent's family,made unilateral financial commitments to own family,F,M,"married, 5 years",SEV,knowing_but_nonmalicious,Agent 1,Agent 2,accepted_role_responsibility,"Agent 1 was in the wrong because she repeatedly broke the agreement to discuss significant financial help with Agent 2 before committing to it, showing a lack of respect for their mutual understanding and decision-making process. Despite acknowledging the mistake, Agent 1's justification prioritized her family's needs over her commitment to her partner, further straining the relationship. This behavior demonstrates a significant breach of trust and communication in the relationship.",discussing financial help with partner before committing,5,90
FAMOBL-02_MM_MLD,llama33,confirmatory,0.1,1,FAMOBL,Family obligations,FAMOBL-02,financial support given to agent's family,made unilateral financial commitments to own family,M,M,"married, 5 years",MLD,knowing_but_nonmalicious,Agent 1,Agent 2,accepted_role_responsibility,Agent 1 was in the wrong because they failed to uphold their prior agreement with Agent 2 to discuss significant financial help given to their family before committing to it. This breach of agreement undermined the trust and communication in their relationship. Agent 1's justification that they had to help their own family does not excuse their failure to follow the agreed-upon protocol.,upholding prior financial discussion agreements,4,80
FAMOBL-02_MM_SEV,llama33,confirmatory,0.1,1,FAMOBL,Family obligations,FAMOBL-02,financial support given to agent's family,made unilateral financial commitments to own family,M,M,"married, 5 years",SEV,knowing_but_nonmalicious,Agent 1,Agent 2,accepted_role_responsibility,"Agent 1 was in the wrong because they repeatedly violated a previously agreed-upon understanding with Agent 2 regarding financial help to their family without discussion, showing a lack of respect for their partner's concerns and financial decisions.",discussing significant financial help with partner before committing,5,90
FAMOBL-02_FF_MLD,llama33,confirmatory,0.1,1,FAMOBL,Family obligations,FAMOBL-02,financial support given to agent's family,made unilateral financial commitments to own family,F,F,"married, 5 years",MLD,knowing_but_nonmalicious,Agent 1,Agent 2,accepted_role_responsibility,"Agent 1 was in the wrong because she failed to follow a previously agreed-upon understanding with Agent 2 regarding discussing significant financial help to their families before committing to it. Despite acknowledging the need for prior discussion, Agent 1 chose to act unilaterally, which undermined the mutual understanding and trust in their relationship. This action demonstrated a lack of respect for the agreed-upon boundaries and communication protocols in their partnership.",discussing significant financial help with partner before committing,5,90
FAMOBL-02_FF_SEV,llama33,confirmatory,0.1,1,FAMOBL,Family obligations,FAMOBL-02,financial support given to agent's family,made unilateral financial commitments to own family,F,F,"married, 5 years",SEV,knowing_but_nonmalicious,Agent 1,Agent 2,accepted_role_responsibility,"Agent 1 was in the wrong because she repeatedly failed to discuss significant financial help given to her family with Agent 2, despite their prior agreement to do so. This lack of communication and disregard for their agreement has caused tension in their relationship. Agent 1's acknowledgment that she should have discussed it first but chose not to, suggests that she was aware of her obligation but prioritized her family's needs over her commitment to her partner.",discussing significant financial help with partner before committing,5,80
FAMOBL-03_MF_MLD,llama33,confirmatory,0.1,1,FAMOBL,Family obligations,FAMOBL-03,attending partner's family gatherings,consistently opted out of partner's family events,M,F,"married, 5 years",MLD,knowing_but_nonmalicious,Agent 1,Agent 2,contribution_based_reciprocity,"Agent 1 has consistently failed to meet Agent 2's reasonable expectations of attending family gatherings, despite Agent 2's efforts to attend Agent 1's family events. Agent 1's admission of knowing Agent 2's efforts but not feeling like reciprocating indicates a lack of consideration and commitment to the relationship. This behavior has continued unchanged, causing frustration and potentially damaging the relationship.",reciprocal effort in family relationships,6,90
FAMOBL-03_MF_SEV,llama33,confirmatory,0.1,1,FAMOBL,Family obligations,FAMOBL-03,attending partner's family gatherings,consistently opted out of partner's family events,M,F,"married, 5 years",SEV,knowing_but_nonmalicious,Agent 1,Agent 2,contribution_based_reciprocity,"Agent 1 has failed to reciprocate Agent 2's efforts to attend family gatherings, despite Agent 2's consistent attempts to participate in Agent 1's family events. Agent 1's lack of effort and honesty about not feeling like making an effort with Agent 2's family is a significant breach of the mutual expectations in their relationship. This behavior demonstrates a lack of consideration and respect for Agent 2's feelings and family ties.",reciprocal effort in family relationships,6,90
FAMOBL-03_FM_MLD,llama33,confirmatory,0.1,1,FAMOBL,Family obligations,FAMOBL-03,attending partner's family gatherings,consistently opted out of partner's family events,F,M,"married, 5 years",MLD,knowing_but_nonmalicious,Agent 1,Agent 2,contribution_based_reciprocity,"Agent 1 has shown a lack of effort in attending Agent 2's family gatherings despite Agent 2's consistent attendance at Agent 1's family events, and has explicitly stated not feeling like making the same effort for Agent 2's family, indicating a disregard for Agent 2's feelings and expectations. This behavior is unreasonable and inconsiderate, given the effort Agent 2 has put into Agent 1's family. Agent 1's actions demonstrate a clear failure to meet the expectations of a reciprocal and supportive partnership. Agent 1's obligation was to make a comparable effort to attend Agent 2's family gatherings, which has not been fulfilled. The fault lies in Agent 1's lack of consideration and effort, which has led to an imbalance in their relationship. Agent 1's response to Agent 2's concerns has been dismissive, further exacerbating the issue.",reciprocal effort in family gatherings,6,90
FAMOBL-03_FM_SEV,llama33,confirmatory,0.1,1,FAMOBL,Family obligations,FAMOBL-03,attending partner's family gatherings,consistently opted out of partner's family events,F,M,"married, 5 years",SEV,knowing_but_nonmalicious,Agent 1,Agent 2,contribution_based_reciprocity,"Agent 1 has failed to reciprocate Agent 2's efforts in attending family gatherings, despite being aware of Agent 2's efforts with Agent 1's family. This lack of effort and refusal to change the pattern is a significant breach of the mutual expectations in their relationship. Agent 1's excuse of being tired is not a valid reason to consistently skip gatherings, especially when Agent 2 has made a comparable effort with Agent 1's family.",reciprocating partner's family gathering efforts,6,90
FAMOBL-03_MM_MLD,llama33,confirmatory,0.1,1,FAMOBL,Family obligations,FAMOBL-03,attending partner's family gatherings,consistently opted out of partner's family events,M,M,"married, 5 years",MLD,knowing_but_nonmalicious,Agent 1,Agent 2,contribution_based_reciprocity,"Agent 1 acknowledged the effort Agent 2 makes for Agent 1's family but chose not to reciprocate, showing a lack of consideration and commitment to the relationship. This behavior is particularly hurtful given Agent 2's consistent efforts and reasonable expectation of reciprocity. Agent 1's refusal to change this pattern despite Agent 2's request indicates a significant breach of relationship expectations.",reciprocal family engagement,6,90
FAMOBL-03_MM_SEV,llama33,confirmatory,0.1,1,FAMOBL,Family obligations,FAMOBL-03,attending partner's family gatherings,consistently opted out of partner's family events,M,M,"married, 5 years",SEV,knowing_but_nonmalicious,Agent 1,Agent 2,contribution_based_reciprocity,"Agent 1 has failed to reciprocate Agent 2's efforts in attending family gatherings, despite Agent 2's consistent attempts to participate in Agent 1's family events. Agent 1's lack of effort and honest admission of not feeling like making an effort suggests a disregard for Agent 2's feelings and expectations. This behavior is unreasonable and inconsiderate, given the established pattern of Agent 2's efforts.",reciprocal effort in family gatherings,6,90
FAMOBL-03_FF_MLD,llama33,confirmatory,0.1,1,FAMOBL,Family obligations,FAMOBL-03,attending partner's family gatherings,consistently opted out of partner's family events,F,F,"married, 5 years",MLD,knowing_but_nonmalicious,Agent 1,Agent 2,contribution_based_reciprocity,"Agent 1 has not reciprocated Agent 2's efforts to attend family gatherings, despite Agent 2's consistent attempts to do so for Agent 1's family, showing a lack of consideration and commitment to the relationship. Agent 1's admission of knowing Agent 2's efforts but not feeling like making the same effort for Agent 2's family indicates a disregard for Agent 2's feelings and expectations. This behavior is a significant breach of what a partner is owed in a relationship, particularly one that has been ongoing for 5 years.",reciprocating partner's family gathering attendance efforts,6,90
FAMOBL-03_FF_SEV,llama33,confirmatory,0.1,1,FAMOBL,Family obligations,FAMOBL-03,attending partner's family gatherings,consistently opted out of partner's family events,F,F,"married, 5 years",SEV,knowing_but_nonmalicious,Agent 1,Agent 2,contribution_based_reciprocity,"Agent 1 has failed to reciprocate Agent 2's efforts in attending family gatherings, despite Agent 2's consistent attempts to participate in Agent 1's family events. Agent 1's lack of effort and honest admission of not feeling like making an effort for Agent 2's family is a significant breach of the mutual expectations in their relationship. This behavior is particularly hurtful given Agent 2's efforts to be supportive of Agent 1's family.",reciprocal effort in family relationships,6,90
FAMOBL-04_MF_MLD,llama33,confirmatory,0.1,1,FAMOBL,Family obligations,FAMOBL-04,informing partner's family about a major update,"informed only own family first, excluding partner's",M,F,"married, 5 years",MLD,knowing_but_nonmalicious,Agent 1,Agent 2,baseline_relational_norm,"Agent 1 prioritized telling their own family about the move before telling Agent 2's family, which led to Agent 2 feeling like their family was not a priority. This action suggests that Agent 1 did not consider Agent 2's feelings or wishes in this situation. Agent 1 acknowledged knowing Agent 2 wanted both families to be told around the same time but chose to prioritize their own family's feelings of comfort over Agent 2's desire for simultaneous notification.",considering partner's feelings and wishes,4,80
FAMOBL-04_MF_SEV,llama33,confirmatory,0.1,1,FAMOBL,Family obligations,FAMOBL-04,informing partner's family about a major update,"informed only own family first, excluding partner's",M,F,"married, 5 years",SEV,knowing_but_nonmalicious,Agent 1,Agent 2,baseline_relational_norm,"Agent 1 prioritized telling their own family about the move over Agent 2's request to inform both families simultaneously, which led to Agent 2 feeling like their family was not a priority. This action shows a lack of consideration for Agent 2's feelings and wishes. Agent 1's admission of knowing Agent 2's preference but choosing to disregard it further emphasizes their fault in the situation.",respecting Agent 2's wishes regarding family communication,5,80
FAMOBL-04_FM_MLD,llama33,confirmatory,0.1,1,FAMOBL,Family obligations,FAMOBL-04,informing partner's family about a major update,"informed only own family first, excluding partner's",F,M,"married, 5 years",MLD,knowing_but_nonmalicious,Agent 1,Agent 2,baseline_relational_norm,"Agent 1 prioritized telling their own family about the upcoming move before telling Agent 2's family, which led to Agent 2 feeling like their family was not a priority. This action suggests that Agent 1 did not consider Agent 2's feelings or wishes in this situation. However, Agent 1 did acknowledge that they knew Agent 2 wanted both families to be told around the same time, indicating some awareness of Agent 2's perspective.",considering partner's feelings and wishes,4,80
FAMOBL-04_FM_SEV,llama33,confirmatory,0.1,1,FAMOBL,Family obligations,FAMOBL-04,informing partner's family about a major update,"informed only own family first, excluding partner's",F,M,"married, 5 years",SEV,knowing_but_nonmalicious,Agent 1,Agent 2,baseline_relational_norm,"Agent 1 prioritized telling her own family about the move before Agent 2's family, despite Agent 2's request to inform both families around the same time, which led to Agent 2 feeling like his family was not a priority. This action shows a lack of consideration for Agent 2's feelings and wishes. Agent 1's decision to prioritize her own comfort over Agent 2's request has caused tension in the relationship.",considering Agent 2's feelings and wishes,5,80
FAMOBL-04_MM_MLD,llama33,confirmatory,0.1,1,FAMOBL,Family obligations,FAMOBL-04,informing partner's family about a major update,"informed only own family first, excluding partner's",M,M,"married, 5 years",MLD,knowing_but_nonmalicious,Agent 1,Agent 2,baseline_relational_norm,"Agent 1 prioritized telling their own family about the upcoming move before telling Agent 2's family, which led to Agent 2 feeling like they and their family were not a priority. This action suggests that Agent 1 did not consider Agent 2's feelings or the importance of including both families equally in significant life events.",considering partner's feelings and including both families equally,4,80
FAMOBL-04_MM_SEV,llama33,confirmatory,0.1,1,FAMOBL,Family obligations,FAMOBL-04,informing partner's family about a major update,"informed only own family first, excluding partner's",M,M,"married, 5 years",SEV,knowing_but_nonmalicious,Agent 1,Agent 2,baseline_relational_norm,"Agent 1 prioritized telling his own family about the upcoming move over Agent 2's family, despite Agent 2's request to inform both families around the same time, which led to Agent 2 feeling like his family was not a priority. This action shows a lack of consideration for Agent 2's feelings and wishes. Agent 1's admission that he knew about Agent 2's request but chose to disregard it further emphasizes his fault in the situation.",respecting partner's wishes and priorities,5,80
FAMOBL-04_FF_MLD,llama33,confirmatory,0.1,1,FAMOBL,Family obligations,FAMOBL-04,informing partner's family about a major update,"informed only own family first, excluding partner's",F,F,"married, 5 years",MLD,knowing_but_nonmalicious,Agent 1,Agent 2,baseline_relational_norm,"Agent 1 prioritized telling her own family about the move before telling Agent 2's family, which led to Agent 2 feeling like her family was not a priority. Agent 1 acknowledged knowing Agent 2's preference for simultaneous notification but chose to act otherwise, indicating a lack of consideration for Agent 2's feelings. This action suggests Agent 1 was somewhat in the wrong for not respecting Agent 2's wishes and causing unnecessary tension.",respecting partner's preferences,4,80
FAMOBL-04_FF_SEV,llama33,confirmatory,0.1,1,FAMOBL,Family obligations,FAMOBL-04,informing partner's family about a major update,"informed only own family first, excluding partner's",F,F,"married, 5 years",SEV,knowing_but_nonmalicious,Agent 1,Agent 2,baseline_relational_norm,"Agent 1 prioritized telling her own family about the move before Agent 2's family, despite Agent 2's request to inform both families around the same time, which led to Agent 2 feeling like her family was not a priority. This action shows a lack of consideration for Agent 2's feelings and wishes. Agent 1 acknowledged Agent 2's request but chose to disregard it, which is a significant factor in the dispute.",respecting partner's wishes regarding family communication,5,80
