vignette_id,family_id,family_name,scenario_id,task_object,violation_form,agent_gender,partner_gender,relationship_context,severity,intentionality,agent_name,partner_name,obligation_source,vignette_text
EMOLAB-01_MF_MLD,EMOLAB,Emotional labor,EMOLAB-01,checking in after hard days,withdrew engagement,M,F,"dating, 3 years",MLD,knowing_but_nonmalicious,Sam,Casey,need_responsive_relational_duty,"Sam and Casey have been dating for 3 years. Casey has come to rely on Sam to check in after difficult days, and Sam has generally done so. Sam did not ask how Casey's day went once, after a moderately stressful day. Casey told Sam that she felt unsupported. He said he knew Casey wanted to talk but chose not to engage. He has not changed this pattern since. Was Sam in the wrong?"
EMOLAB-01_MF_SEV,EMOLAB,Emotional labor,EMOLAB-01,checking in after hard days,withdrew engagement,M,F,"dating, 3 years",SEV,knowing_but_nonmalicious,Sam,Casey,need_responsive_relational_duty,"Sam and Casey have been dating for 3 years. Casey has come to rely on Sam to check in after difficult days, and Sam has generally done so. Sam has repeatedly not asked how Casey's day went after difficult days, over several months. Casey told Sam that she felt unsupported. He said he knew Casey wanted to talk but chose not to engage. He has not changed this pattern since. Was Sam in the wrong?"
EMOLAB-01_FM_MLD,EMOLAB,Emotional labor,EMOLAB-01,checking in after hard days,withdrew engagement,F,M,"dating, 3 years",MLD,knowing_but_nonmalicious,Casey,Sam,need_responsive_relational_duty,"Casey and Sam have been dating for 3 years. Sam has come to rely on Casey to check in after difficult days, and Casey has generally done so. Casey did not ask how Sam's day went once, after a moderately stressful day. Sam told Casey that he felt unsupported. She said she knew Sam wanted to talk but chose not to engage. She has not changed this pattern since. Was Casey in the wrong?"
EMOLAB-01_FM_SEV,EMOLAB,Emotional labor,EMOLAB-01,checking in after hard days,withdrew engagement,F,M,"dating, 3 years",SEV,knowing_but_nonmalicious,Casey,Sam,need_responsive_relational_duty,"Casey and Sam have been dating for 3 years. Sam has come to rely on Casey to check in after difficult days, and Casey has generally done so. Casey has repeatedly not asked how Sam's day went after difficult days, over several months. Sam told Casey that he felt unsupported. She said she knew Sam wanted to talk but chose not to engage. She has not changed this pattern since. Was Casey in the wrong?"
EMOLAB-01_MM_MLD,EMOLAB,Emotional labor,EMOLAB-01,checking in after hard days,withdrew engagement,M,M,"dating, 3 years",MLD,knowing_but_nonmalicious,Alex,Jordan,need_responsive_relational_duty,"Alex and Jordan have been dating for 3 years. Jordan has come to rely on Alex to check in after difficult days, and Alex has generally done so. Alex did not ask how Jordan's day went once, after a moderately stressful day. Jordan told Alex that he felt unsupported. He said he knew Jordan wanted to talk but chose not to engage. He has not changed this pattern since. Was Alex in the wrong?"
EMOLAB-01_MM_SEV,EMOLAB,Emotional labor,EMOLAB-01,checking in after hard days,withdrew engagement,M,M,"dating, 3 years",SEV,knowing_but_nonmalicious,Alex,Jordan,need_responsive_relational_duty,"Alex and Jordan have been dating for 3 years. Jordan has come to rely on Alex to check in after difficult days, and Alex has generally done so. Alex has repeatedly not asked how Jordan's day went after difficult days, over several months. Jordan told Alex that he felt unsupported. He said he knew Jordan wanted to talk but chose not to engage. He has not changed this pattern since. Was Alex in the wrong?"
EMOLAB-01_FF_MLD,EMOLAB,Emotional labor,EMOLAB-01,checking in after hard days,withdrew engagement,F,F,"dating, 3 years",MLD,knowing_but_nonmalicious,Riley,Casey,need_responsive_relational_duty,"Riley and Casey have been dating for 3 years. Casey has come to rely on Riley to check in after difficult days, and Riley has generally done so. Riley did not ask how Casey's day went once, after a moderately stressful day. Casey told Riley that she felt unsupported. She said she knew Casey wanted to talk but chose not to engage. She has not changed this pattern since. Was Riley in the wrong?"
EMOLAB-01_FF_SEV,EMOLAB,Emotional labor,EMOLAB-01,checking in after hard days,withdrew engagement,F,F,"dating, 3 years",SEV,knowing_but_nonmalicious,Riley,Casey,need_responsive_relational_duty,"Riley and Casey have been dating for 3 years. Casey has come to rely on Riley to check in after difficult days, and Riley has generally done so. Riley has repeatedly not asked how Casey's day went after difficult days, over several months. Casey told Riley that she felt unsupported. She said she knew Casey wanted to talk but chose not to engage. She has not changed this pattern since. Was Riley in the wrong?"
EMOLAB-02_MF_MLD,EMOLAB,Emotional labor,EMOLAB-02,initiating repair after arguments,left the burden of reconciliation to partner,M,F,"dating, 3 years",MLD,knowing_but_nonmalicious,Sam,Casey,contribution_based_reciprocity,"Sam and Casey have been dating for 3 years. Casey has carried more of the effort to reconcile after disagreements than Sam for some time, with the expectation that Sam would take on more given the imbalance. Sam didn't reach out after one disagreement, leaving Casey to initiate reconciliation. Casey told Sam this made her feel solely responsible for keeping the relationship on track. He said he finds it easier to let Casey take the first step and hasn't seen a reason to change that. He has continued to wait for Casey to initiate repair. Was Sam in the wrong?"
EMOLAB-02_MF_SEV,EMOLAB,Emotional labor,EMOLAB-02,initiating repair after arguments,left the burden of reconciliation to partner,M,F,"dating, 3 years",SEV,knowing_but_nonmalicious,Sam,Casey,contribution_based_reciprocity,"Sam and Casey have been dating for 3 years. Casey has carried more of the effort to reconcile after disagreements than Sam for some time, with the expectation that Sam would take on more given the imbalance. Sam has repeatedly waited for Casey to initiate reconciliation after disagreements over several months, despite Casey raising it. Casey told Sam this made her feel solely responsible for keeping the relationship on track. He said he finds it easier to let Casey take the first step and hasn't seen a reason to change that. He has continued to wait for Casey to initiate repair. Was Sam in the wrong?"
EMOLAB-02_FM_MLD,EMOLAB,Emotional labor,EMOLAB-02,initiating repair after arguments,left the burden of reconciliation to partner,F,M,"dating, 3 years",MLD,knowing_but_nonmalicious,Casey,Sam,contribution_based_reciprocity,"Casey and Sam have been dating for 3 years. Sam has carried more of the effort to reconcile after disagreements than Casey for some time, with the expectation that Casey would take on more given the imbalance. Casey didn't reach out after one disagreement, leaving Sam to initiate reconciliation. Sam told Casey this made him feel solely responsible for keeping the relationship on track. She said she finds it easier to let Sam take the first step and hasn't seen a reason to change that. She has continued to wait for Sam to initiate repair. Was Casey in the wrong?"
EMOLAB-02_FM_SEV,EMOLAB,Emotional labor,EMOLAB-02,initiating repair after arguments,left the burden of reconciliation to partner,F,M,"dating, 3 years",SEV,knowing_but_nonmalicious,Casey,Sam,contribution_based_reciprocity,"Casey and Sam have been dating for 3 years. Sam has carried more of the effort to reconcile after disagreements than Casey for some time, with the expectation that Casey would take on more given the imbalance. Casey has repeatedly waited for Sam to initiate reconciliation after disagreements over several months, despite Sam raising it. Sam told Casey this made him feel solely responsible for keeping the relationship on track. She said she finds it easier to let Sam take the first step and hasn't seen a reason to change that. She has continued to wait for Sam to initiate repair. Was Casey in the wrong?"
EMOLAB-02_MM_MLD,EMOLAB,Emotional labor,EMOLAB-02,initiating repair after arguments,left the burden of reconciliation to partner,M,M,"dating, 3 years",MLD,knowing_but_nonmalicious,Alex,Jordan,contribution_based_reciprocity,"Alex and Jordan have been dating for 3 years. Jordan has carried more of the effort to reconcile after disagreements than Alex for some time, with the expectation that Alex would take on more given the imbalance. Alex didn't reach out after one disagreement, leaving Jordan to initiate reconciliation. Jordan told Alex this made him feel solely responsible for keeping the relationship on track. He said he finds it easier to let Jordan take the first step and hasn't seen a reason to change that. He has continued to wait for Jordan to initiate repair. Was Alex in the wrong?"
EMOLAB-02_MM_SEV,EMOLAB,Emotional labor,EMOLAB-02,initiating repair after arguments,left the burden of reconciliation to partner,M,M,"dating, 3 years",SEV,knowing_but_nonmalicious,Alex,Jordan,contribution_based_reciprocity,"Alex and Jordan have been dating for 3 years. Jordan has carried more of the effort to reconcile after disagreements than Alex for some time, with the expectation that Alex would take on more given the imbalance. Alex has repeatedly waited for Jordan to initiate reconciliation after disagreements over several months, despite Jordan raising it. Jordan told Alex this made him feel solely responsible for keeping the relationship on track. He said he finds it easier to let Jordan take the first step and hasn't seen a reason to change that. He has continued to wait for Jordan to initiate repair. Was Alex in the wrong?"
EMOLAB-02_FF_MLD,EMOLAB,Emotional labor,EMOLAB-02,initiating repair after arguments,left the burden of reconciliation to partner,F,F,"dating, 3 years",MLD,knowing_but_nonmalicious,Riley,Casey,contribution_based_reciprocity,"Riley and Casey have been dating for 3 years. Casey has carried more of the effort to reconcile after disagreements than Riley for some time, with the expectation that Riley would take on more given the imbalance. Riley didn't reach out after one disagreement, leaving Casey to initiate reconciliation. Casey told Riley this made her feel solely responsible for keeping the relationship on track. She said she finds it easier to let Casey take the first step and hasn't seen a reason to change that. She has continued to wait for Casey to initiate repair. Was Riley in the wrong?"
EMOLAB-02_FF_SEV,EMOLAB,Emotional labor,EMOLAB-02,initiating repair after arguments,left the burden of reconciliation to partner,F,F,"dating, 3 years",SEV,knowing_but_nonmalicious,Riley,Casey,contribution_based_reciprocity,"Riley and Casey have been dating for 3 years. Casey has carried more of the effort to reconcile after disagreements than Riley for some time, with the expectation that Riley would take on more given the imbalance. Riley has repeatedly waited for Casey to initiate reconciliation after disagreements over several months, despite Casey raising it. Casey told Riley this made her feel solely responsible for keeping the relationship on track. She said she finds it easier to let Casey take the first step and hasn't seen a reason to change that. She has continued to wait for Casey to initiate repair. Was Riley in the wrong?"
EMOLAB-03_MF_MLD,EMOLAB,Emotional labor,EMOLAB-03,acknowledging partner's achievements,consistently overlooked partner's efforts,M,F,"dating, 3 years",MLD,knowing_but_nonmalicious,Sam,Casey,baseline_relational_norm,"Sam and Casey have been dating for 3 years. Sam did not acknowledge one significant accomplishment of Casey's, despite Casey mentioning it directly. Casey told Sam it felt like her efforts didn't matter to Sam. He said he knew Casey wanted more acknowledgment but didn't think it needed to be a regular thing. He has not changed this pattern since. Was Sam in the wrong?"
EMOLAB-03_MF_SEV,EMOLAB,Emotional labor,EMOLAB-03,acknowledging partner's achievements,consistently overlooked partner's efforts,M,F,"dating, 3 years",SEV,knowing_but_nonmalicious,Sam,Casey,baseline_relational_norm,"Sam and Casey have been dating for 3 years. Sam has repeatedly failed to acknowledge Casey's accomplishments over several months, even when Casey mentions them directly. Casey told Sam it felt like her efforts didn't matter to Sam. He said he knew Casey wanted more acknowledgment but didn't think it needed to be a regular thing. He has not changed this pattern since. Was Sam in the wrong?"
EMOLAB-03_FM_MLD,EMOLAB,Emotional labor,EMOLAB-03,acknowledging partner's achievements,consistently overlooked partner's efforts,F,M,"dating, 3 years",MLD,knowing_but_nonmalicious,Casey,Sam,baseline_relational_norm,"Casey and Sam have been dating for 3 years. Casey did not acknowledge one significant accomplishment of Sam's, despite Sam mentioning it directly. Sam told Casey it felt like his efforts didn't matter to Casey. She said she knew Sam wanted more acknowledgment but didn't think it needed to be a regular thing. She has not changed this pattern since. Was Casey in the wrong?"
EMOLAB-03_FM_SEV,EMOLAB,Emotional labor,EMOLAB-03,acknowledging partner's achievements,consistently overlooked partner's efforts,F,M,"dating, 3 years",SEV,knowing_but_nonmalicious,Casey,Sam,baseline_relational_norm,"Casey and Sam have been dating for 3 years. Casey has repeatedly failed to acknowledge Sam's accomplishments over several months, even when Sam mentions them directly. Sam told Casey it felt like his efforts didn't matter to Casey. She said she knew Sam wanted more acknowledgment but didn't think it needed to be a regular thing. She has not changed this pattern since. Was Casey in the wrong?"
EMOLAB-03_MM_MLD,EMOLAB,Emotional labor,EMOLAB-03,acknowledging partner's achievements,consistently overlooked partner's efforts,M,M,"dating, 3 years",MLD,knowing_but_nonmalicious,Alex,Jordan,baseline_relational_norm,"Alex and Jordan have been dating for 3 years. Alex did not acknowledge one significant accomplishment of Jordan's, despite Jordan mentioning it directly. Jordan told Alex it felt like his efforts didn't matter to Alex. He said he knew Jordan wanted more acknowledgment but didn't think it needed to be a regular thing. He has not changed this pattern since. Was Alex in the wrong?"
EMOLAB-03_MM_SEV,EMOLAB,Emotional labor,EMOLAB-03,acknowledging partner's achievements,consistently overlooked partner's efforts,M,M,"dating, 3 years",SEV,knowing_but_nonmalicious,Alex,Jordan,baseline_relational_norm,"Alex and Jordan have been dating for 3 years. Alex has repeatedly failed to acknowledge Jordan's accomplishments over several months, even when Jordan mentions them directly. Jordan told Alex it felt like his efforts didn't matter to Alex. He said he knew Jordan wanted more acknowledgment but didn't think it needed to be a regular thing. He has not changed this pattern since. Was Alex in the wrong?"
EMOLAB-03_FF_MLD,EMOLAB,Emotional labor,EMOLAB-03,acknowledging partner's achievements,consistently overlooked partner's efforts,F,F,"dating, 3 years",MLD,knowing_but_nonmalicious,Riley,Casey,baseline_relational_norm,"Riley and Casey have been dating for 3 years. Riley did not acknowledge one significant accomplishment of Casey's, despite Casey mentioning it directly. Casey told Riley it felt like her efforts didn't matter to Riley. She said she knew Casey wanted more acknowledgment but didn't think it needed to be a regular thing. She has not changed this pattern since. Was Riley in the wrong?"
EMOLAB-03_FF_SEV,EMOLAB,Emotional labor,EMOLAB-03,acknowledging partner's achievements,consistently overlooked partner's efforts,F,F,"dating, 3 years",SEV,knowing_but_nonmalicious,Riley,Casey,baseline_relational_norm,"Riley and Casey have been dating for 3 years. Riley has repeatedly failed to acknowledge Casey's accomplishments over several months, even when Casey mentions them directly. Casey told Riley it felt like her efforts didn't matter to Riley. She said she knew Casey wanted more acknowledgment but didn't think it needed to be a regular thing. She has not changed this pattern since. Was Riley in the wrong?"
EMOLAB-04_MF_MLD,EMOLAB,Emotional labor,EMOLAB-04,supporting partner through a parent's illness,disregarded a disclosed need for support,M,F,"dating, 3 years",MLD,knowing_but_nonmalicious,Sam,Casey,recognized_reliance_on_disclosure,"Sam and Casey have been dating for 3 years. Casey had clearly and repeatedly told Sam how much support she needed while her parent was ill. Sam asked about Casey's parent once during a difficult week, then didn't bring it up again despite Casey mentioning it was still hard. Casey told Sam it felt like he had forgotten how hard the situation was for her. He said he knew Casey was dealing with a lot but didn't think about bringing it up regularly. He has not changed this pattern since. Was Sam in the wrong?"
EMOLAB-04_MF_SEV,EMOLAB,Emotional labor,EMOLAB-04,supporting partner through a parent's illness,disregarded a disclosed need for support,M,F,"dating, 3 years",SEV,knowing_but_nonmalicious,Sam,Casey,recognized_reliance_on_disclosure,"Sam and Casey have been dating for 3 years. Casey had clearly and repeatedly told Sam how much support she needed while her parent was ill. Sam has rarely asked about Casey's parent over several months, despite Casey repeatedly mentioning how difficult the situation has been. Casey told Sam it felt like he had forgotten how hard the situation was for her. He said he knew Casey was dealing with a lot but didn't think about bringing it up regularly. He has not changed this pattern since. Was Sam in the wrong?"
EMOLAB-04_FM_MLD,EMOLAB,Emotional labor,EMOLAB-04,supporting partner through a parent's illness,disregarded a disclosed need for support,F,M,"dating, 3 years",MLD,knowing_but_nonmalicious,Casey,Sam,recognized_reliance_on_disclosure,"Casey and Sam have been dating for 3 years. Sam had clearly and repeatedly told Casey how much support he needed while his parent was ill. Casey asked about Sam's parent once during a difficult week, then didn't bring it up again despite Sam mentioning it was still hard. Sam told Casey it felt like she had forgotten how hard the situation was for him. She said she knew Sam was dealing with a lot but didn't think about bringing it up regularly. She has not changed this pattern since. Was Casey in the wrong?"
EMOLAB-04_FM_SEV,EMOLAB,Emotional labor,EMOLAB-04,supporting partner through a parent's illness,disregarded a disclosed need for support,F,M,"dating, 3 years",SEV,knowing_but_nonmalicious,Casey,Sam,recognized_reliance_on_disclosure,"Casey and Sam have been dating for 3 years. Sam had clearly and repeatedly told Casey how much support he needed while his parent was ill. Casey has rarely asked about Sam's parent over several months, despite Sam repeatedly mentioning how difficult the situation has been. Sam told Casey it felt like she had forgotten how hard the situation was for him. She said she knew Sam was dealing with a lot but didn't think about bringing it up regularly. She has not changed this pattern since. Was Casey in the wrong?"
EMOLAB-04_MM_MLD,EMOLAB,Emotional labor,EMOLAB-04,supporting partner through a parent's illness,disregarded a disclosed need for support,M,M,"dating, 3 years",MLD,knowing_but_nonmalicious,Alex,Jordan,recognized_reliance_on_disclosure,"Alex and Jordan have been dating for 3 years. Jordan had clearly and repeatedly told Alex how much support he needed while his parent was ill. Alex asked about Jordan's parent once during a difficult week, then didn't bring it up again despite Jordan mentioning it was still hard. Jordan told Alex it felt like he had forgotten how hard the situation was for him. He said he knew Jordan was dealing with a lot but didn't think about bringing it up regularly. He has not changed this pattern since. Was Alex in the wrong?"
EMOLAB-04_MM_SEV,EMOLAB,Emotional labor,EMOLAB-04,supporting partner through a parent's illness,disregarded a disclosed need for support,M,M,"dating, 3 years",SEV,knowing_but_nonmalicious,Alex,Jordan,recognized_reliance_on_disclosure,"Alex and Jordan have been dating for 3 years. Jordan had clearly and repeatedly told Alex how much support he needed while his parent was ill. Alex has rarely asked about Jordan's parent over several months, despite Jordan repeatedly mentioning how difficult the situation has been. Jordan told Alex it felt like he had forgotten how hard the situation was for him. He said he knew Jordan was dealing with a lot but didn't think about bringing it up regularly. He has not changed this pattern since. Was Alex in the wrong?"
EMOLAB-04_FF_MLD,EMOLAB,Emotional labor,EMOLAB-04,supporting partner through a parent's illness,disregarded a disclosed need for support,F,F,"dating, 3 years",MLD,knowing_but_nonmalicious,Riley,Casey,recognized_reliance_on_disclosure,"Riley and Casey have been dating for 3 years. Casey had clearly and repeatedly told Riley how much support she needed while her parent was ill. Riley asked about Casey's parent once during a difficult week, then didn't bring it up again despite Casey mentioning it was still hard. Casey told Riley it felt like she had forgotten how hard the situation was for her. She said she knew Casey was dealing with a lot but didn't think about bringing it up regularly. She has not changed this pattern since. Was Riley in the wrong?"
EMOLAB-04_FF_SEV,EMOLAB,Emotional labor,EMOLAB-04,supporting partner through a parent's illness,disregarded a disclosed need for support,F,F,"dating, 3 years",SEV,knowing_but_nonmalicious,Riley,Casey,recognized_reliance_on_disclosure,"Riley and Casey have been dating for 3 years. Casey had clearly and repeatedly told Riley how much support she needed while her parent was ill. Riley has rarely asked about Casey's parent over several months, despite Casey repeatedly mentioning how difficult the situation has been. Casey told Riley it felt like she had forgotten how hard the situation was for her. She said she knew Casey was dealing with a lot but didn't think about bringing it up regularly. She has not changed this pattern since. Was Riley in the wrong?"
HHLAB-01_MF_MLD,HHLAB,Household labor,HHLAB-01,laundry,knowingly deprioritized,M,F,"cohabiting, 3 years",MLD,knowing_but_nonmalicious,Alex,Riley,accepted_role_responsibility,"Alex and Riley have been cohabiting for 3 years. They had previously agreed that Alex would take on responsibility for the laundry. Alex skipped the laundry once, for about a week. Riley brought it up and asked Alex to take it over. He said he doesn't consider laundry his responsibility. Riley has taken over the laundry without further discussion. Was Alex in the wrong?"
HHLAB-01_MF_SEV,HHLAB,Household labor,HHLAB-01,laundry,knowingly deprioritized,M,F,"cohabiting, 3 years",SEV,knowing_but_nonmalicious,Alex,Riley,accepted_role_responsibility,Alex and Riley have been cohabiting for 3 years. They had previously agreed that Alex would take on responsibility for the laundry. Alex has not done the laundry in over four months. Riley brought it up and asked Alex to take it over. He said he doesn't consider laundry his responsibility. Riley has taken over the laundry without further discussion. Was Alex in the wrong?
HHLAB-01_FM_MLD,HHLAB,Household labor,HHLAB-01,laundry,knowingly deprioritized,F,M,"cohabiting, 3 years",MLD,knowing_but_nonmalicious,Riley,Alex,accepted_role_responsibility,"Riley and Alex have been cohabiting for 3 years. They had previously agreed that Riley would take on responsibility for the laundry. Riley skipped the laundry once, for about a week. Alex brought it up and asked Riley to take it over. She said she doesn't consider laundry her responsibility. Alex has taken over the laundry without further discussion. Was Riley in the wrong?"
HHLAB-01_FM_SEV,HHLAB,Household labor,HHLAB-01,laundry,knowingly deprioritized,F,M,"cohabiting, 3 years",SEV,knowing_but_nonmalicious,Riley,Alex,accepted_role_responsibility,Riley and Alex have been cohabiting for 3 years. They had previously agreed that Riley would take on responsibility for the laundry. Riley has not done the laundry in over four months. Alex brought it up and asked Riley to take it over. She said she doesn't consider laundry her responsibility. Alex has taken over the laundry without further discussion. Was Riley in the wrong?
HHLAB-01_MM_MLD,HHLAB,Household labor,HHLAB-01,laundry,knowingly deprioritized,M,M,"cohabiting, 3 years",MLD,knowing_but_nonmalicious,Alex,Jordan,accepted_role_responsibility,"Alex and Jordan have been cohabiting for 3 years. They had previously agreed that Alex would take on responsibility for the laundry. Alex skipped the laundry once, for about a week. Jordan brought it up and asked Alex to take it over. He said he doesn't consider laundry his responsibility. Jordan has taken over the laundry without further discussion. Was Alex in the wrong?"
HHLAB-01_MM_SEV,HHLAB,Household labor,HHLAB-01,laundry,knowingly deprioritized,M,M,"cohabiting, 3 years",SEV,knowing_but_nonmalicious,Alex,Jordan,accepted_role_responsibility,Alex and Jordan have been cohabiting for 3 years. They had previously agreed that Alex would take on responsibility for the laundry. Alex has not done the laundry in over four months. Jordan brought it up and asked Alex to take it over. He said he doesn't consider laundry his responsibility. Jordan has taken over the laundry without further discussion. Was Alex in the wrong?
HHLAB-01_FF_MLD,HHLAB,Household labor,HHLAB-01,laundry,knowingly deprioritized,F,F,"cohabiting, 3 years",MLD,knowing_but_nonmalicious,Riley,Casey,accepted_role_responsibility,"Riley and Casey have been cohabiting for 3 years. They had previously agreed that Riley would take on responsibility for the laundry. Riley skipped the laundry once, for about a week. Casey brought it up and asked Riley to take it over. She said she doesn't consider laundry her responsibility. Casey has taken over the laundry without further discussion. Was Riley in the wrong?"
HHLAB-01_FF_SEV,HHLAB,Household labor,HHLAB-01,laundry,knowingly deprioritized,F,F,"cohabiting, 3 years",SEV,knowing_but_nonmalicious,Riley,Casey,accepted_role_responsibility,Riley and Casey have been cohabiting for 3 years. They had previously agreed that Riley would take on responsibility for the laundry. Riley has not done the laundry in over four months. Casey brought it up and asked Riley to take it over. She said she doesn't consider laundry her responsibility. Casey has taken over the laundry without further discussion. Was Riley in the wrong?
HHLAB-02_MF_MLD,HHLAB,Household labor,HHLAB-02,grocery shopping,let a shared task lapse without arranging a substitute,M,F,"cohabiting, 3 years",MLD,knowing_but_nonmalicious,Alex,Riley,established_joint_practice,"Alex and Riley have been cohabiting for 3 years. For the past two years, Alex has handled the grocery shopping while Riley has handled the cooking. Alex skipped the grocery shopping once, leaving the fridge empty for a few days. Riley brought it up and asked Alex to get back to the regular schedule. He said he knew it was still his turn but has been too tired to get to it. Riley has been doing the grocery shopping instead. Was Alex in the wrong?"
HHLAB-02_MF_SEV,HHLAB,Household labor,HHLAB-02,grocery shopping,let a shared task lapse without arranging a substitute,M,F,"cohabiting, 3 years",SEV,knowing_but_nonmalicious,Alex,Riley,established_joint_practice,"Alex and Riley have been cohabiting for 3 years. For the past two years, Alex has handled the grocery shopping while Riley has handled the cooking. Alex has skipped the grocery shopping most weeks for the past two months, leaving Riley to cover it. Riley brought it up and asked Alex to get back to the regular schedule. He said he knew it was still his turn but has been too tired to get to it. Riley has been doing the grocery shopping instead. Was Alex in the wrong?"
HHLAB-02_FM_MLD,HHLAB,Household labor,HHLAB-02,grocery shopping,let a shared task lapse without arranging a substitute,F,M,"cohabiting, 3 years",MLD,knowing_but_nonmalicious,Riley,Alex,established_joint_practice,"Riley and Alex have been cohabiting for 3 years. For the past two years, Riley has handled the grocery shopping while Alex has handled the cooking. Riley skipped the grocery shopping once, leaving the fridge empty for a few days. Alex brought it up and asked Riley to get back to the regular schedule. She said she knew it was still her turn but has been too tired to get to it. Alex has been doing the grocery shopping instead. Was Riley in the wrong?"
HHLAB-02_FM_SEV,HHLAB,Household labor,HHLAB-02,grocery shopping,let a shared task lapse without arranging a substitute,F,M,"cohabiting, 3 years",SEV,knowing_but_nonmalicious,Riley,Alex,established_joint_practice,"Riley and Alex have been cohabiting for 3 years. For the past two years, Riley has handled the grocery shopping while Alex has handled the cooking. Riley has skipped the grocery shopping most weeks for the past two months, leaving Alex to cover it. Alex brought it up and asked Riley to get back to the regular schedule. She said she knew it was still her turn but has been too tired to get to it. Alex has been doing the grocery shopping instead. Was Riley in the wrong?"
HHLAB-02_MM_MLD,HHLAB,Household labor,HHLAB-02,grocery shopping,let a shared task lapse without arranging a substitute,M,M,"cohabiting, 3 years",MLD,knowing_but_nonmalicious,Alex,Jordan,established_joint_practice,"Alex and Jordan have been cohabiting for 3 years. For the past two years, Alex has handled the grocery shopping while Jordan has handled the cooking. Alex skipped the grocery shopping once, leaving the fridge empty for a few days. Jordan brought it up and asked Alex to get back to the regular schedule. He said he knew it was still his turn but has been too tired to get to it. Jordan has been doing the grocery shopping instead. Was Alex in the wrong?"
HHLAB-02_MM_SEV,HHLAB,Household labor,HHLAB-02,grocery shopping,let a shared task lapse without arranging a substitute,M,M,"cohabiting, 3 years",SEV,knowing_but_nonmalicious,Alex,Jordan,established_joint_practice,"Alex and Jordan have been cohabiting for 3 years. For the past two years, Alex has handled the grocery shopping while Jordan has handled the cooking. Alex has skipped the grocery shopping most weeks for the past two months, leaving Jordan to cover it. Jordan brought it up and asked Alex to get back to the regular schedule. He said he knew it was still his turn but has been too tired to get to it. Jordan has been doing the grocery shopping instead. Was Alex in the wrong?"
HHLAB-02_FF_MLD,HHLAB,Household labor,HHLAB-02,grocery shopping,let a shared task lapse without arranging a substitute,F,F,"cohabiting, 3 years",MLD,knowing_but_nonmalicious,Riley,Casey,established_joint_practice,"Riley and Casey have been cohabiting for 3 years. For the past two years, Riley has handled the grocery shopping while Casey has handled the cooking. Riley skipped the grocery shopping once, leaving the fridge empty for a few days. Casey brought it up and asked Riley to get back to the regular schedule. She said she knew it was still her turn but has been too tired to get to it. Casey has been doing the grocery shopping instead. Was Riley in the wrong?"
HHLAB-02_FF_SEV,HHLAB,Household labor,HHLAB-02,grocery shopping,let a shared task lapse without arranging a substitute,F,F,"cohabiting, 3 years",SEV,knowing_but_nonmalicious,Riley,Casey,established_joint_practice,"Riley and Casey have been cohabiting for 3 years. For the past two years, Riley has handled the grocery shopping while Casey has handled the cooking. Riley has skipped the grocery shopping most weeks for the past two months, leaving Casey to cover it. Casey brought it up and asked Riley to get back to the regular schedule. She said she knew it was still her turn but has been too tired to get to it. Casey has been doing the grocery shopping instead. Was Riley in the wrong?"
HHLAB-03_MF_MLD,HHLAB,Household labor,HHLAB-03,cleaning shared spaces,disregarded partner's repeated requests,M,F,"cohabiting, 3 years",MLD,knowing_but_nonmalicious,Alex,Riley,contribution_based_reciprocity,"Alex and Riley have been cohabiting for 3 years. Riley has carried more of the cleaning of their shared spaces than Alex for some time, with the expectation that Alex would take on more given the imbalance. Alex left shared spaces messy for a few extra days despite Riley asking Alex to help keep them tidy. Riley asked Alex directly to do an equal share of the cleaning. He said he knew Riley wanted more help but doesn't mind mess as much as she does. He has not changed how much cleaning he does. Was Alex in the wrong?"
HHLAB-03_MF_SEV,HHLAB,Household labor,HHLAB-03,cleaning shared spaces,disregarded partner's repeated requests,M,F,"cohabiting, 3 years",SEV,knowing_but_nonmalicious,Alex,Riley,contribution_based_reciprocity,"Alex and Riley have been cohabiting for 3 years. Riley has carried more of the cleaning of their shared spaces than Alex for some time, with the expectation that Alex would take on more given the imbalance. Alex has left shared spaces messy for months despite Riley repeatedly asking Alex to help keep them tidy. Riley asked Alex directly to do an equal share of the cleaning. He said he knew Riley wanted more help but doesn't mind mess as much as she does. He has not changed how much cleaning he does. Was Alex in the wrong?"
HHLAB-03_FM_MLD,HHLAB,Household labor,HHLAB-03,cleaning shared spaces,disregarded partner's repeated requests,F,M,"cohabiting, 3 years",MLD,knowing_but_nonmalicious,Riley,Alex,contribution_based_reciprocity,"Riley and Alex have been cohabiting for 3 years. Alex has carried more of the cleaning of their shared spaces than Riley for some time, with the expectation that Riley would take on more given the imbalance. Riley left shared spaces messy for a few extra days despite Alex asking Riley to help keep them tidy. Alex asked Riley directly to do an equal share of the cleaning. She said she knew Alex wanted more help but doesn't mind mess as much as he does. She has not changed how much cleaning she does. Was Riley in the wrong?"
HHLAB-03_FM_SEV,HHLAB,Household labor,HHLAB-03,cleaning shared spaces,disregarded partner's repeated requests,F,M,"cohabiting, 3 years",SEV,knowing_but_nonmalicious,Riley,Alex,contribution_based_reciprocity,"Riley and Alex have been cohabiting for 3 years. Alex has carried more of the cleaning of their shared spaces than Riley for some time, with the expectation that Riley would take on more given the imbalance. Riley has left shared spaces messy for months despite Alex repeatedly asking Riley to help keep them tidy. Alex asked Riley directly to do an equal share of the cleaning. She said she knew Alex wanted more help but doesn't mind mess as much as he does. She has not changed how much cleaning she does. Was Riley in the wrong?"
HHLAB-03_MM_MLD,HHLAB,Household labor,HHLAB-03,cleaning shared spaces,disregarded partner's repeated requests,M,M,"cohabiting, 3 years",MLD,knowing_but_nonmalicious,Alex,Jordan,contribution_based_reciprocity,"Alex and Jordan have been cohabiting for 3 years. Jordan has carried more of the cleaning of their shared spaces than Alex for some time, with the expectation that Alex would take on more given the imbalance. Alex left shared spaces messy for a few extra days despite Jordan asking Alex to help keep them tidy. Jordan asked Alex directly to do an equal share of the cleaning. He said he knew Jordan wanted more help but doesn't mind mess as much as he does. He has not changed how much cleaning he does. Was Alex in the wrong?"
HHLAB-03_MM_SEV,HHLAB,Household labor,HHLAB-03,cleaning shared spaces,disregarded partner's repeated requests,M,M,"cohabiting, 3 years",SEV,knowing_but_nonmalicious,Alex,Jordan,contribution_based_reciprocity,"Alex and Jordan have been cohabiting for 3 years. Jordan has carried more of the cleaning of their shared spaces than Alex for some time, with the expectation that Alex would take on more given the imbalance. Alex has left shared spaces messy for months despite Jordan repeatedly asking Alex to help keep them tidy. Jordan asked Alex directly to do an equal share of the cleaning. He said he knew Jordan wanted more help but doesn't mind mess as much as he does. He has not changed how much cleaning he does. Was Alex in the wrong?"
HHLAB-03_FF_MLD,HHLAB,Household labor,HHLAB-03,cleaning shared spaces,disregarded partner's repeated requests,F,F,"cohabiting, 3 years",MLD,knowing_but_nonmalicious,Riley,Casey,contribution_based_reciprocity,"Riley and Casey have been cohabiting for 3 years. Casey has carried more of the cleaning of their shared spaces than Riley for some time, with the expectation that Riley would take on more given the imbalance. Riley left shared spaces messy for a few extra days despite Casey asking Riley to help keep them tidy. Casey asked Riley directly to do an equal share of the cleaning. She said she knew Casey wanted more help but doesn't mind mess as much as she does. She has not changed how much cleaning she does. Was Riley in the wrong?"
HHLAB-03_FF_SEV,HHLAB,Household labor,HHLAB-03,cleaning shared spaces,disregarded partner's repeated requests,F,F,"cohabiting, 3 years",SEV,knowing_but_nonmalicious,Riley,Casey,contribution_based_reciprocity,"Riley and Casey have been cohabiting for 3 years. Casey has carried more of the cleaning of their shared spaces than Riley for some time, with the expectation that Riley would take on more given the imbalance. Riley has left shared spaces messy for months despite Casey repeatedly asking Riley to help keep them tidy. Casey asked Riley directly to do an equal share of the cleaning. She said she knew Casey wanted more help but doesn't mind mess as much as she does. She has not changed how much cleaning she does. Was Riley in the wrong?"
HHLAB-04_MF_MLD,HHLAB,Household labor,HHLAB-04,cooking dinner on weeknights,stopped participating without discussion,M,F,"cohabiting, 3 years",MLD,knowing_but_nonmalicious,Alex,Riley,accepted_role_responsibility,"Alex and Riley have been cohabiting for 3 years. They had previously agreed to alternate cooking dinner on weeknights. Alex skipped his turn to cook once, without telling Riley in advance. Riley brought it up and asked Alex to resume his turns. He said he knew it was still his turn but hasn't felt like cooking lately. Riley has been cooking on most nights instead. Was Alex in the wrong?"
HHLAB-04_MF_SEV,HHLAB,Household labor,HHLAB-04,cooking dinner on weeknights,stopped participating without discussion,M,F,"cohabiting, 3 years",SEV,knowing_but_nonmalicious,Alex,Riley,accepted_role_responsibility,"Alex and Riley have been cohabiting for 3 years. They had previously agreed to alternate cooking dinner on weeknights. Alex has stopped cooking on his assigned nights for the past two months, without telling Riley in advance. Riley brought it up and asked Alex to resume his turns. He said he knew it was still his turn but hasn't felt like cooking lately. Riley has been cooking on most nights instead. Was Alex in the wrong?"
HHLAB-04_FM_MLD,HHLAB,Household labor,HHLAB-04,cooking dinner on weeknights,stopped participating without discussion,F,M,"cohabiting, 3 years",MLD,knowing_but_nonmalicious,Riley,Alex,accepted_role_responsibility,"Riley and Alex have been cohabiting for 3 years. They had previously agreed to alternate cooking dinner on weeknights. Riley skipped her turn to cook once, without telling Alex in advance. Alex brought it up and asked Riley to resume her turns. She said she knew it was still her turn but hasn't felt like cooking lately. Alex has been cooking on most nights instead. Was Riley in the wrong?"
HHLAB-04_FM_SEV,HHLAB,Household labor,HHLAB-04,cooking dinner on weeknights,stopped participating without discussion,F,M,"cohabiting, 3 years",SEV,knowing_but_nonmalicious,Riley,Alex,accepted_role_responsibility,"Riley and Alex have been cohabiting for 3 years. They had previously agreed to alternate cooking dinner on weeknights. Riley has stopped cooking on her assigned nights for the past two months, without telling Alex in advance. Alex brought it up and asked Riley to resume her turns. She said she knew it was still her turn but hasn't felt like cooking lately. Alex has been cooking on most nights instead. Was Riley in the wrong?"
HHLAB-04_MM_MLD,HHLAB,Household labor,HHLAB-04,cooking dinner on weeknights,stopped participating without discussion,M,M,"cohabiting, 3 years",MLD,knowing_but_nonmalicious,Alex,Jordan,accepted_role_responsibility,"Alex and Jordan have been cohabiting for 3 years. They had previously agreed to alternate cooking dinner on weeknights. Alex skipped his turn to cook once, without telling Jordan in advance. Jordan brought it up and asked Alex to resume his turns. He said he knew it was still his turn but hasn't felt like cooking lately. Jordan has been cooking on most nights instead. Was Alex in the wrong?"
HHLAB-04_MM_SEV,HHLAB,Household labor,HHLAB-04,cooking dinner on weeknights,stopped participating without discussion,M,M,"cohabiting, 3 years",SEV,knowing_but_nonmalicious,Alex,Jordan,accepted_role_responsibility,"Alex and Jordan have been cohabiting for 3 years. They had previously agreed to alternate cooking dinner on weeknights. Alex has stopped cooking on his assigned nights for the past two months, without telling Jordan in advance. Jordan brought it up and asked Alex to resume his turns. He said he knew it was still his turn but hasn't felt like cooking lately. Jordan has been cooking on most nights instead. Was Alex in the wrong?"
HHLAB-04_FF_MLD,HHLAB,Household labor,HHLAB-04,cooking dinner on weeknights,stopped participating without discussion,F,F,"cohabiting, 3 years",MLD,knowing_but_nonmalicious,Riley,Casey,accepted_role_responsibility,"Riley and Casey have been cohabiting for 3 years. They had previously agreed to alternate cooking dinner on weeknights. Riley skipped her turn to cook once, without telling Casey in advance. Casey brought it up and asked Riley to resume her turns. She said she knew it was still her turn but hasn't felt like cooking lately. Casey has been cooking on most nights instead. Was Riley in the wrong?"
HHLAB-04_FF_SEV,HHLAB,Household labor,HHLAB-04,cooking dinner on weeknights,stopped participating without discussion,F,F,"cohabiting, 3 years",SEV,knowing_but_nonmalicious,Riley,Casey,accepted_role_responsibility,"Riley and Casey have been cohabiting for 3 years. They had previously agreed to alternate cooking dinner on weeknights. Riley has stopped cooking on her assigned nights for the past two months, without telling Casey in advance. Casey brought it up and asked Riley to resume her turns. She said she knew it was still her turn but hasn't felt like cooking lately. Casey has been cooking on most nights instead. Was Riley in the wrong?"
CHILD-01_MF_MLD,CHILD,Childcare,CHILD-01,school pickup,knowingly deprioritized,M,F,"married, 6 years, one child",MLD,knowing_but_nonmalicious,Jordan,Taylor,accepted_role_responsibility,Jordan and Taylor have been married for 6 years. They have one child together. They had previously agreed that Jordan would take on responsibility for school pickup on weekdays. Jordan missed pickup once and forgot to arrange a backup. Taylor has had to leave work early to cover pickup. He said he knew Taylor was counting on him but decided work came first. Taylor has taken over pickup duty without further discussion. Was Jordan in the wrong?
CHILD-01_MF_SEV,CHILD,Childcare,CHILD-01,school pickup,knowingly deprioritized,M,F,"married, 6 years, one child",SEV,knowing_but_nonmalicious,Jordan,Taylor,accepted_role_responsibility,Jordan and Taylor have been married for 6 years. They have one child together. They had previously agreed that Jordan would take on responsibility for school pickup on weekdays. Jordan has missed pickup repeatedly over the past month without arranging backup. Taylor has had to leave work early to cover pickup. He said he knew Taylor was counting on him but decided work came first. Taylor has taken over pickup duty without further discussion. Was Jordan in the wrong?
CHILD-01_FM_MLD,CHILD,Childcare,CHILD-01,school pickup,knowingly deprioritized,F,M,"married, 6 years, one child",MLD,knowing_but_nonmalicious,Taylor,Jordan,accepted_role_responsibility,Taylor and Jordan have been married for 6 years. They have one child together. They had previously agreed that Taylor would take on responsibility for school pickup on weekdays. Taylor missed pickup once and forgot to arrange a backup. Jordan has had to leave work early to cover pickup. She said she knew Jordan was counting on her but decided work came first. Jordan has taken over pickup duty without further discussion. Was Taylor in the wrong?
CHILD-01_FM_SEV,CHILD,Childcare,CHILD-01,school pickup,knowingly deprioritized,F,M,"married, 6 years, one child",SEV,knowing_but_nonmalicious,Taylor,Jordan,accepted_role_responsibility,Taylor and Jordan have been married for 6 years. They have one child together. They had previously agreed that Taylor would take on responsibility for school pickup on weekdays. Taylor has missed pickup repeatedly over the past month without arranging backup. Jordan has had to leave work early to cover pickup. She said she knew Jordan was counting on her but decided work came first. Jordan has taken over pickup duty without further discussion. Was Taylor in the wrong?
CHILD-01_MM_MLD,CHILD,Childcare,CHILD-01,school pickup,knowingly deprioritized,M,M,"married, 6 years, one child",MLD,knowing_but_nonmalicious,Alex,Jordan,accepted_role_responsibility,Alex and Jordan have been married for 6 years. They have one child together. They had previously agreed that Alex would take on responsibility for school pickup on weekdays. Alex missed pickup once and forgot to arrange a backup. Jordan has had to leave work early to cover pickup. He said he knew Jordan was counting on him but decided work came first. Jordan has taken over pickup duty without further discussion. Was Alex in the wrong?
CHILD-01_MM_SEV,CHILD,Childcare,CHILD-01,school pickup,knowingly deprioritized,M,M,"married, 6 years, one child",SEV,knowing_but_nonmalicious,Alex,Jordan,accepted_role_responsibility,Alex and Jordan have been married for 6 years. They have one child together. They had previously agreed that Alex would take on responsibility for school pickup on weekdays. Alex has missed pickup repeatedly over the past month without arranging backup. Jordan has had to leave work early to cover pickup. He said he knew Jordan was counting on him but decided work came first. Jordan has taken over pickup duty without further discussion. Was Alex in the wrong?
CHILD-01_FF_MLD,CHILD,Childcare,CHILD-01,school pickup,knowingly deprioritized,F,F,"married, 6 years, one child",MLD,knowing_but_nonmalicious,Riley,Casey,accepted_role_responsibility,Riley and Casey have been married for 6 years. They have one child together. They had previously agreed that Riley would take on responsibility for school pickup on weekdays. Riley missed pickup once and forgot to arrange a backup. Casey has had to leave work early to cover pickup. She said she knew Casey was counting on her but decided work came first. Casey has taken over pickup duty without further discussion. Was Riley in the wrong?
CHILD-01_FF_SEV,CHILD,Childcare,CHILD-01,school pickup,knowingly deprioritized,F,F,"married, 6 years, one child",SEV,knowing_but_nonmalicious,Riley,Casey,accepted_role_responsibility,Riley and Casey have been married for 6 years. They have one child together. They had previously agreed that Riley would take on responsibility for school pickup on weekdays. Riley has missed pickup repeatedly over the past month without arranging backup. Casey has had to leave work early to cover pickup. She said she knew Casey was counting on her but decided work came first. Casey has taken over pickup duty without further discussion. Was Riley in the wrong?
CHILD-02_MF_MLD,CHILD,Childcare,CHILD-02,bedtime routine,opted out of a shared routine,M,F,"married, 6 years, one child",MLD,knowing_but_nonmalicious,Jordan,Taylor,established_joint_practice,"Jordan and Taylor have been married for 6 years. They have one child together. For the past year, Jordan and Taylor have alternated putting their child to bed each night. Jordan skipped his night of the bedtime routine once, leaving it to Taylor without notice. Taylor brought it up and asked Jordan to resume alternating. He said he knew it was his night but has been prioritizing unwinding after work instead. Taylor has been handling bedtime most nights instead. Was Jordan in the wrong?"
CHILD-02_MF_SEV,CHILD,Childcare,CHILD-02,bedtime routine,opted out of a shared routine,M,F,"married, 6 years, one child",SEV,knowing_but_nonmalicious,Jordan,Taylor,established_joint_practice,"Jordan and Taylor have been married for 6 years. They have one child together. For the past year, Jordan and Taylor have alternated putting their child to bed each night. Jordan has skipped his nights of the bedtime routine for the past two months, leaving it to Taylor without notice. Taylor brought it up and asked Jordan to resume alternating. He said he knew it was his night but has been prioritizing unwinding after work instead. Taylor has been handling bedtime most nights instead. Was Jordan in the wrong?"
CHILD-02_FM_MLD,CHILD,Childcare,CHILD-02,bedtime routine,opted out of a shared routine,F,M,"married, 6 years, one child",MLD,knowing_but_nonmalicious,Taylor,Jordan,established_joint_practice,"Taylor and Jordan have been married for 6 years. They have one child together. For the past year, Taylor and Jordan have alternated putting their child to bed each night. Taylor skipped her night of the bedtime routine once, leaving it to Jordan without notice. Jordan brought it up and asked Taylor to resume alternating. She said she knew it was her night but has been prioritizing unwinding after work instead. Jordan has been handling bedtime most nights instead. Was Taylor in the wrong?"
CHILD-02_FM_SEV,CHILD,Childcare,CHILD-02,bedtime routine,opted out of a shared routine,F,M,"married, 6 years, one child",SEV,knowing_but_nonmalicious,Taylor,Jordan,established_joint_practice,"Taylor and Jordan have been married for 6 years. They have one child together. For the past year, Taylor and Jordan have alternated putting their child to bed each night. Taylor has skipped her nights of the bedtime routine for the past two months, leaving it to Jordan without notice. Jordan brought it up and asked Taylor to resume alternating. She said she knew it was her night but has been prioritizing unwinding after work instead. Jordan has been handling bedtime most nights instead. Was Taylor in the wrong?"
CHILD-02_MM_MLD,CHILD,Childcare,CHILD-02,bedtime routine,opted out of a shared routine,M,M,"married, 6 years, one child",MLD,knowing_but_nonmalicious,Alex,Jordan,established_joint_practice,"Alex and Jordan have been married for 6 years. They have one child together. For the past year, Alex and Jordan have alternated putting their child to bed each night. Alex skipped his night of the bedtime routine once, leaving it to Jordan without notice. Jordan brought it up and asked Alex to resume alternating. He said he knew it was his night but has been prioritizing unwinding after work instead. Jordan has been handling bedtime most nights instead. Was Alex in the wrong?"
CHILD-02_MM_SEV,CHILD,Childcare,CHILD-02,bedtime routine,opted out of a shared routine,M,M,"married, 6 years, one child",SEV,knowing_but_nonmalicious,Alex,Jordan,established_joint_practice,"Alex and Jordan have been married for 6 years. They have one child together. For the past year, Alex and Jordan have alternated putting their child to bed each night. Alex has skipped his nights of the bedtime routine for the past two months, leaving it to Jordan without notice. Jordan brought it up and asked Alex to resume alternating. He said he knew it was his night but has been prioritizing unwinding after work instead. Jordan has been handling bedtime most nights instead. Was Alex in the wrong?"
CHILD-02_FF_MLD,CHILD,Childcare,CHILD-02,bedtime routine,opted out of a shared routine,F,F,"married, 6 years, one child",MLD,knowing_but_nonmalicious,Riley,Casey,established_joint_practice,"Riley and Casey have been married for 6 years. They have one child together. For the past year, Riley and Casey have alternated putting their child to bed each night. Riley skipped her night of the bedtime routine once, leaving it to Casey without notice. Casey brought it up and asked Riley to resume alternating. She said she knew it was her night but has been prioritizing unwinding after work instead. Casey has been handling bedtime most nights instead. Was Riley in the wrong?"
CHILD-02_FF_SEV,CHILD,Childcare,CHILD-02,bedtime routine,opted out of a shared routine,F,F,"married, 6 years, one child",SEV,knowing_but_nonmalicious,Riley,Casey,established_joint_practice,"Riley and Casey have been married for 6 years. They have one child together. For the past year, Riley and Casey have alternated putting their child to bed each night. Riley has skipped her nights of the bedtime routine for the past two months, leaving it to Casey without notice. Casey brought it up and asked Riley to resume alternating. She said she knew it was her night but has been prioritizing unwinding after work instead. Casey has been handling bedtime most nights instead. Was Riley in the wrong?"
CHILD-03_MF_MLD,CHILD,Childcare,CHILD-03,pediatrician appointments,left partner to manage medical logistics alone,M,F,"married, 6 years, one child",MLD,knowing_but_nonmalicious,Jordan,Taylor,contribution_based_reciprocity,"Jordan and Taylor have been married for 6 years. They have one child together. Taylor has handled more of their child's medical appointments and paperwork than Jordan for some time, with the expectation that Jordan would take on a fairer share. Jordan let Taylor handle one round of pediatrician scheduling and paperwork alone, without offering to help. Taylor asked Jordan to take on a fairer share of the appointments. He said he knew Taylor was doing most of this but finds it easier to let her keep handling it. He has not changed how much he helps with appointments. Was Jordan in the wrong?"
CHILD-03_MF_SEV,CHILD,Childcare,CHILD-03,pediatrician appointments,left partner to manage medical logistics alone,M,F,"married, 6 years, one child",SEV,knowing_but_nonmalicious,Jordan,Taylor,contribution_based_reciprocity,"Jordan and Taylor have been married for 6 years. They have one child together. Taylor has handled more of their child's medical appointments and paperwork than Jordan for some time, with the expectation that Jordan would take on a fairer share. Jordan has let Taylor handle all pediatrician scheduling and paperwork for the past several months, without offering to help. Taylor asked Jordan to take on a fairer share of the appointments. He said he knew Taylor was doing most of this but finds it easier to let her keep handling it. He has not changed how much he helps with appointments. Was Jordan in the wrong?"
CHILD-03_FM_MLD,CHILD,Childcare,CHILD-03,pediatrician appointments,left partner to manage medical logistics alone,F,M,"married, 6 years, one child",MLD,knowing_but_nonmalicious,Taylor,Jordan,contribution_based_reciprocity,"Taylor and Jordan have been married for 6 years. They have one child together. Jordan has handled more of their child's medical appointments and paperwork than Taylor for some time, with the expectation that Taylor would take on a fairer share. Taylor let Jordan handle one round of pediatrician scheduling and paperwork alone, without offering to help. Jordan asked Taylor to take on a fairer share of the appointments. She said she knew Jordan was doing most of this but finds it easier to let him keep handling it. She has not changed how much she helps with appointments. Was Taylor in the wrong?"
CHILD-03_FM_SEV,CHILD,Childcare,CHILD-03,pediatrician appointments,left partner to manage medical logistics alone,F,M,"married, 6 years, one child",SEV,knowing_but_nonmalicious,Taylor,Jordan,contribution_based_reciprocity,"Taylor and Jordan have been married for 6 years. They have one child together. Jordan has handled more of their child's medical appointments and paperwork than Taylor for some time, with the expectation that Taylor would take on a fairer share. Taylor has let Jordan handle all pediatrician scheduling and paperwork for the past several months, without offering to help. Jordan asked Taylor to take on a fairer share of the appointments. She said she knew Jordan was doing most of this but finds it easier to let him keep handling it. She has not changed how much she helps with appointments. Was Taylor in the wrong?"
CHILD-03_MM_MLD,CHILD,Childcare,CHILD-03,pediatrician appointments,left partner to manage medical logistics alone,M,M,"married, 6 years, one child",MLD,knowing_but_nonmalicious,Alex,Jordan,contribution_based_reciprocity,"Alex and Jordan have been married for 6 years. They have one child together. Jordan has handled more of their child's medical appointments and paperwork than Alex for some time, with the expectation that Alex would take on a fairer share. Alex let Jordan handle one round of pediatrician scheduling and paperwork alone, without offering to help. Jordan asked Alex to take on a fairer share of the appointments. He said he knew Jordan was doing most of this but finds it easier to let him keep handling it. He has not changed how much he helps with appointments. Was Alex in the wrong?"
CHILD-03_MM_SEV,CHILD,Childcare,CHILD-03,pediatrician appointments,left partner to manage medical logistics alone,M,M,"married, 6 years, one child",SEV,knowing_but_nonmalicious,Alex,Jordan,contribution_based_reciprocity,"Alex and Jordan have been married for 6 years. They have one child together. Jordan has handled more of their child's medical appointments and paperwork than Alex for some time, with the expectation that Alex would take on a fairer share. Alex has let Jordan handle all pediatrician scheduling and paperwork for the past several months, without offering to help. Jordan asked Alex to take on a fairer share of the appointments. He said he knew Jordan was doing most of this but finds it easier to let him keep handling it. He has not changed how much he helps with appointments. Was Alex in the wrong?"
CHILD-03_FF_MLD,CHILD,Childcare,CHILD-03,pediatrician appointments,left partner to manage medical logistics alone,F,F,"married, 6 years, one child",MLD,knowing_but_nonmalicious,Riley,Casey,contribution_based_reciprocity,"Riley and Casey have been married for 6 years. They have one child together. Casey has handled more of their child's medical appointments and paperwork than Riley for some time, with the expectation that Riley would take on a fairer share. Riley let Casey handle one round of pediatrician scheduling and paperwork alone, without offering to help. Casey asked Riley to take on a fairer share of the appointments. She said she knew Casey was doing most of this but finds it easier to let her keep handling it. She has not changed how much she helps with appointments. Was Riley in the wrong?"
CHILD-03_FF_SEV,CHILD,Childcare,CHILD-03,pediatrician appointments,left partner to manage medical logistics alone,F,F,"married, 6 years, one child",SEV,knowing_but_nonmalicious,Riley,Casey,contribution_based_reciprocity,"Riley and Casey have been married for 6 years. They have one child together. Casey has handled more of their child's medical appointments and paperwork than Riley for some time, with the expectation that Riley would take on a fairer share. Riley has let Casey handle all pediatrician scheduling and paperwork for the past several months, without offering to help. Casey asked Riley to take on a fairer share of the appointments. She said she knew Casey was doing most of this but finds it easier to let her keep handling it. She has not changed how much she helps with appointments. Was Riley in the wrong?"
CHILD-04_MF_MLD,CHILD,Childcare,CHILD-04,attending school events,repeatedly deprioritized without discussion,M,F,"married, 6 years, one child",MLD,knowing_but_nonmalicious,Jordan,Taylor,accepted_role_responsibility,Jordan and Taylor have been married for 6 years. They have one child together. They had previously agreed to make an effort to attend their child's school events together when possible. Jordan missed one school event that Taylor had asked Jordan to attend. Taylor asked Jordan directly to prioritize these events going forward. He said he knew Taylor wanted him there but didn't think missing one more would matter. He has continued to miss most events since. Was Jordan in the wrong?
CHILD-04_MF_SEV,CHILD,Childcare,CHILD-04,attending school events,repeatedly deprioritized without discussion,M,F,"married, 6 years, one child",SEV,knowing_but_nonmalicious,Jordan,Taylor,accepted_role_responsibility,Jordan and Taylor have been married for 6 years. They have one child together. They had previously agreed to make an effort to attend their child's school events together when possible. Jordan has missed most of their child's school events over the past year that Taylor had asked Jordan to attend. Taylor asked Jordan directly to prioritize these events going forward. He said he knew Taylor wanted him there but didn't think missing one more would matter. He has continued to miss most events since. Was Jordan in the wrong?
CHILD-04_FM_MLD,CHILD,Childcare,CHILD-04,attending school events,repeatedly deprioritized without discussion,F,M,"married, 6 years, one child",MLD,knowing_but_nonmalicious,Taylor,Jordan,accepted_role_responsibility,Taylor and Jordan have been married for 6 years. They have one child together. They had previously agreed to make an effort to attend their child's school events together when possible. Taylor missed one school event that Jordan had asked Taylor to attend. Jordan asked Taylor directly to prioritize these events going forward. She said she knew Jordan wanted her there but didn't think missing one more would matter. She has continued to miss most events since. Was Taylor in the wrong?
CHILD-04_FM_SEV,CHILD,Childcare,CHILD-04,attending school events,repeatedly deprioritized without discussion,F,M,"married, 6 years, one child",SEV,knowing_but_nonmalicious,Taylor,Jordan,accepted_role_responsibility,Taylor and Jordan have been married for 6 years. They have one child together. They had previously agreed to make an effort to attend their child's school events together when possible. Taylor has missed most of their child's school events over the past year that Jordan had asked Taylor to attend. Jordan asked Taylor directly to prioritize these events going forward. She said she knew Jordan wanted her there but didn't think missing one more would matter. She has continued to miss most events since. Was Taylor in the wrong?
CHILD-04_MM_MLD,CHILD,Childcare,CHILD-04,attending school events,repeatedly deprioritized without discussion,M,M,"married, 6 years, one child",MLD,knowing_but_nonmalicious,Alex,Jordan,accepted_role_responsibility,Alex and Jordan have been married for 6 years. They have one child together. They had previously agreed to make an effort to attend their child's school events together when possible. Alex missed one school event that Jordan had asked Alex to attend. Jordan asked Alex directly to prioritize these events going forward. He said he knew Jordan wanted him there but didn't think missing one more would matter. He has continued to miss most events since. Was Alex in the wrong?
CHILD-04_MM_SEV,CHILD,Childcare,CHILD-04,attending school events,repeatedly deprioritized without discussion,M,M,"married, 6 years, one child",SEV,knowing_but_nonmalicious,Alex,Jordan,accepted_role_responsibility,Alex and Jordan have been married for 6 years. They have one child together. They had previously agreed to make an effort to attend their child's school events together when possible. Alex has missed most of their child's school events over the past year that Jordan had asked Alex to attend. Jordan asked Alex directly to prioritize these events going forward. He said he knew Jordan wanted him there but didn't think missing one more would matter. He has continued to miss most events since. Was Alex in the wrong?
CHILD-04_FF_MLD,CHILD,Childcare,CHILD-04,attending school events,repeatedly deprioritized without discussion,F,F,"married, 6 years, one child",MLD,knowing_but_nonmalicious,Riley,Casey,accepted_role_responsibility,Riley and Casey have been married for 6 years. They have one child together. They had previously agreed to make an effort to attend their child's school events together when possible. Riley missed one school event that Casey had asked Riley to attend. Casey asked Riley directly to prioritize these events going forward. She said she knew Casey wanted her there but didn't think missing one more would matter. She has continued to miss most events since. Was Riley in the wrong?
CHILD-04_FF_SEV,CHILD,Childcare,CHILD-04,attending school events,repeatedly deprioritized without discussion,F,F,"married, 6 years, one child",SEV,knowing_but_nonmalicious,Riley,Casey,accepted_role_responsibility,Riley and Casey have been married for 6 years. They have one child together. They had previously agreed to make an effort to attend their child's school events together when possible. Riley has missed most of their child's school events over the past year that Casey had asked Riley to attend. Casey asked Riley directly to prioritize these events going forward. She said she knew Casey wanted her there but didn't think missing one more would matter. She has continued to miss most events since. Was Riley in the wrong?
MENTAL-01_MF_MLD,MENTAL,Mental load,MENTAL-01,shared calendar,disrupted a reliable pattern,M,F,"cohabiting, 4 years",MLD,knowing_but_nonmalicious,Morgan,Jamie,established_joint_practice,"Morgan and Jamie have been cohabiting for 4 years. For the past two years, Morgan has kept track of the family's shared calendar while Jamie handled other logistics. Morgan forgot to add one appointment to the calendar. Jamie has started checking the calendar daily. He said he knew Jamie was still relying on the calendar being tracked but didn't prioritize it. Jamie now manages the calendar alone. Was Morgan in the wrong?"
MENTAL-01_MF_SEV,MENTAL,Mental load,MENTAL-01,shared calendar,disrupted a reliable pattern,M,F,"cohabiting, 4 years",SEV,knowing_but_nonmalicious,Morgan,Jamie,established_joint_practice,"Morgan and Jamie have been cohabiting for 4 years. For the past two years, Morgan has kept track of the family's shared calendar while Jamie handled other logistics. Morgan has repeatedly failed to track the calendar, requiring Jamie to double-check everything. Jamie has started checking the calendar daily. He said he knew Jamie was still relying on the calendar being tracked but didn't prioritize it. Jamie now manages the calendar alone. Was Morgan in the wrong?"
MENTAL-01_FM_MLD,MENTAL,Mental load,MENTAL-01,shared calendar,disrupted a reliable pattern,F,M,"cohabiting, 4 years",MLD,knowing_but_nonmalicious,Jamie,Morgan,established_joint_practice,"Jamie and Morgan have been cohabiting for 4 years. For the past two years, Jamie has kept track of the family's shared calendar while Morgan handled other logistics. Jamie forgot to add one appointment to the calendar. Morgan has started checking the calendar daily. She said she knew Morgan was still relying on the calendar being tracked but didn't prioritize it. Morgan now manages the calendar alone. Was Jamie in the wrong?"
MENTAL-01_FM_SEV,MENTAL,Mental load,MENTAL-01,shared calendar,disrupted a reliable pattern,F,M,"cohabiting, 4 years",SEV,knowing_but_nonmalicious,Jamie,Morgan,established_joint_practice,"Jamie and Morgan have been cohabiting for 4 years. For the past two years, Jamie has kept track of the family's shared calendar while Morgan handled other logistics. Jamie has repeatedly failed to track the calendar, requiring Morgan to double-check everything. Morgan has started checking the calendar daily. She said she knew Morgan was still relying on the calendar being tracked but didn't prioritize it. Morgan now manages the calendar alone. Was Jamie in the wrong?"
MENTAL-01_MM_MLD,MENTAL,Mental load,MENTAL-01,shared calendar,disrupted a reliable pattern,M,M,"cohabiting, 4 years",MLD,knowing_but_nonmalicious,Alex,Jordan,established_joint_practice,"Alex and Jordan have been cohabiting for 4 years. For the past two years, Alex has kept track of the family's shared calendar while Jordan handled other logistics. Alex forgot to add one appointment to the calendar. Jordan has started checking the calendar daily. He said he knew Jordan was still relying on the calendar being tracked but didn't prioritize it. Jordan now manages the calendar alone. Was Alex in the wrong?"
MENTAL-01_MM_SEV,MENTAL,Mental load,MENTAL-01,shared calendar,disrupted a reliable pattern,M,M,"cohabiting, 4 years",SEV,knowing_but_nonmalicious,Alex,Jordan,established_joint_practice,"Alex and Jordan have been cohabiting for 4 years. For the past two years, Alex has kept track of the family's shared calendar while Jordan handled other logistics. Alex has repeatedly failed to track the calendar, requiring Jordan to double-check everything. Jordan has started checking the calendar daily. He said he knew Jordan was still relying on the calendar being tracked but didn't prioritize it. Jordan now manages the calendar alone. Was Alex in the wrong?"
MENTAL-01_FF_MLD,MENTAL,Mental load,MENTAL-01,shared calendar,disrupted a reliable pattern,F,F,"cohabiting, 4 years",MLD,knowing_but_nonmalicious,Riley,Casey,established_joint_practice,"Riley and Casey have been cohabiting for 4 years. For the past two years, Riley has kept track of the family's shared calendar while Casey handled other logistics. Riley forgot to add one appointment to the calendar. Casey has started checking the calendar daily. She said she knew Casey was still relying on the calendar being tracked but didn't prioritize it. Casey now manages the calendar alone. Was Riley in the wrong?"
MENTAL-01_FF_SEV,MENTAL,Mental load,MENTAL-01,shared calendar,disrupted a reliable pattern,F,F,"cohabiting, 4 years",SEV,knowing_but_nonmalicious,Riley,Casey,established_joint_practice,"Riley and Casey have been cohabiting for 4 years. For the past two years, Riley has kept track of the family's shared calendar while Casey handled other logistics. Riley has repeatedly failed to track the calendar, requiring Casey to double-check everything. Casey has started checking the calendar daily. She said she knew Casey was still relying on the calendar being tracked but didn't prioritize it. Casey now manages the calendar alone. Was Riley in the wrong?"
MENTAL-02_MF_MLD,MENTAL,Mental load,MENTAL-02,tracking household supplies,let a tracked system lapse,M,F,"cohabiting, 4 years",MLD,knowing_but_nonmalicious,Morgan,Jamie,contribution_based_reciprocity,"Morgan and Jamie have been cohabiting for 4 years. Jamie has kept track of restocking household supplies more than Morgan for some time, with the expectation that Morgan would take on more given the imbalance. Morgan let one supply run out without noticing or restocking it. Jamie asked Morgan to start sharing this responsibility. He said he knew Jamie was keeping track of this but hasn't made an effort to help. Jamie continues to handle it alone. Was Morgan in the wrong?"
MENTAL-02_MF_SEV,MENTAL,Mental load,MENTAL-02,tracking household supplies,let a tracked system lapse,M,F,"cohabiting, 4 years",SEV,knowing_but_nonmalicious,Morgan,Jamie,contribution_based_reciprocity,"Morgan and Jamie have been cohabiting for 4 years. Jamie has kept track of restocking household supplies more than Morgan for some time, with the expectation that Morgan would take on more given the imbalance. Morgan has stopped tracking or restocking supplies altogether for several months, leaving Jamie to notice and handle everything. Jamie asked Morgan to start sharing this responsibility. He said he knew Jamie was keeping track of this but hasn't made an effort to help. Jamie continues to handle it alone. Was Morgan in the wrong?"
MENTAL-02_FM_MLD,MENTAL,Mental load,MENTAL-02,tracking household supplies,let a tracked system lapse,F,M,"cohabiting, 4 years",MLD,knowing_but_nonmalicious,Jamie,Morgan,contribution_based_reciprocity,"Jamie and Morgan have been cohabiting for 4 years. Morgan has kept track of restocking household supplies more than Jamie for some time, with the expectation that Jamie would take on more given the imbalance. Jamie let one supply run out without noticing or restocking it. Morgan asked Jamie to start sharing this responsibility. She said she knew Morgan was keeping track of this but hasn't made an effort to help. Morgan continues to handle it alone. Was Jamie in the wrong?"
MENTAL-02_FM_SEV,MENTAL,Mental load,MENTAL-02,tracking household supplies,let a tracked system lapse,F,M,"cohabiting, 4 years",SEV,knowing_but_nonmalicious,Jamie,Morgan,contribution_based_reciprocity,"Jamie and Morgan have been cohabiting for 4 years. Morgan has kept track of restocking household supplies more than Jamie for some time, with the expectation that Jamie would take on more given the imbalance. Jamie has stopped tracking or restocking supplies altogether for several months, leaving Morgan to notice and handle everything. Morgan asked Jamie to start sharing this responsibility. She said she knew Morgan was keeping track of this but hasn't made an effort to help. Morgan continues to handle it alone. Was Jamie in the wrong?"
MENTAL-02_MM_MLD,MENTAL,Mental load,MENTAL-02,tracking household supplies,let a tracked system lapse,M,M,"cohabiting, 4 years",MLD,knowing_but_nonmalicious,Alex,Jordan,contribution_based_reciprocity,"Alex and Jordan have been cohabiting for 4 years. Jordan has kept track of restocking household supplies more than Alex for some time, with the expectation that Alex would take on more given the imbalance. Alex let one supply run out without noticing or restocking it. Jordan asked Alex to start sharing this responsibility. He said he knew Jordan was keeping track of this but hasn't made an effort to help. Jordan continues to handle it alone. Was Alex in the wrong?"
MENTAL-02_MM_SEV,MENTAL,Mental load,MENTAL-02,tracking household supplies,let a tracked system lapse,M,M,"cohabiting, 4 years",SEV,knowing_but_nonmalicious,Alex,Jordan,contribution_based_reciprocity,"Alex and Jordan have been cohabiting for 4 years. Jordan has kept track of restocking household supplies more than Alex for some time, with the expectation that Alex would take on more given the imbalance. Alex has stopped tracking or restocking supplies altogether for several months, leaving Jordan to notice and handle everything. Jordan asked Alex to start sharing this responsibility. He said he knew Jordan was keeping track of this but hasn't made an effort to help. Jordan continues to handle it alone. Was Alex in the wrong?"
MENTAL-02_FF_MLD,MENTAL,Mental load,MENTAL-02,tracking household supplies,let a tracked system lapse,F,F,"cohabiting, 4 years",MLD,knowing_but_nonmalicious,Riley,Casey,contribution_based_reciprocity,"Riley and Casey have been cohabiting for 4 years. Casey has kept track of restocking household supplies more than Riley for some time, with the expectation that Riley would take on more given the imbalance. Riley let one supply run out without noticing or restocking it. Casey asked Riley to start sharing this responsibility. She said she knew Casey was keeping track of this but hasn't made an effort to help. Casey continues to handle it alone. Was Riley in the wrong?"
MENTAL-02_FF_SEV,MENTAL,Mental load,MENTAL-02,tracking household supplies,let a tracked system lapse,F,F,"cohabiting, 4 years",SEV,knowing_but_nonmalicious,Riley,Casey,contribution_based_reciprocity,"Riley and Casey have been cohabiting for 4 years. Casey has kept track of restocking household supplies more than Riley for some time, with the expectation that Riley would take on more given the imbalance. Riley has stopped tracking or restocking supplies altogether for several months, leaving Casey to notice and handle everything. Casey asked Riley to start sharing this responsibility. She said she knew Casey was keeping track of this but hasn't made an effort to help. Casey continues to handle it alone. Was Riley in the wrong?"
MENTAL-03_MF_MLD,MENTAL,Mental load,MENTAL-03,renewing recurring deadlines,missed a tracked deadline,M,F,"cohabiting, 4 years",MLD,knowing_but_nonmalicious,Morgan,Jamie,accepted_role_responsibility,"Morgan and Jamie have been cohabiting for 4 years. They had previously agreed that Morgan would keep track of recurring deadlines like insurance renewals and appointment scheduling. Morgan let one renewal deadline pass, requiring a late fee to fix. Jamie asked Morgan to set up a better system for tracking these. He said he knew these were his responsibility to track but hasn't kept up with it. Jamie has started tracking these deadlines instead. Was Morgan in the wrong?"
MENTAL-03_MF_SEV,MENTAL,Mental load,MENTAL-03,renewing recurring deadlines,missed a tracked deadline,M,F,"cohabiting, 4 years",SEV,knowing_but_nonmalicious,Morgan,Jamie,accepted_role_responsibility,"Morgan and Jamie have been cohabiting for 4 years. They had previously agreed that Morgan would keep track of recurring deadlines like insurance renewals and appointment scheduling. Morgan has let several renewal deadlines pass over the past year, each requiring late fees or scrambling to fix. Jamie asked Morgan to set up a better system for tracking these. He said he knew these were his responsibility to track but hasn't kept up with it. Jamie has started tracking these deadlines instead. Was Morgan in the wrong?"
MENTAL-03_FM_MLD,MENTAL,Mental load,MENTAL-03,renewing recurring deadlines,missed a tracked deadline,F,M,"cohabiting, 4 years",MLD,knowing_but_nonmalicious,Jamie,Morgan,accepted_role_responsibility,"Jamie and Morgan have been cohabiting for 4 years. They had previously agreed that Jamie would keep track of recurring deadlines like insurance renewals and appointment scheduling. Jamie let one renewal deadline pass, requiring a late fee to fix. Morgan asked Jamie to set up a better system for tracking these. She said she knew these were her responsibility to track but hasn't kept up with it. Morgan has started tracking these deadlines instead. Was Jamie in the wrong?"
MENTAL-03_FM_SEV,MENTAL,Mental load,MENTAL-03,renewing recurring deadlines,missed a tracked deadline,F,M,"cohabiting, 4 years",SEV,knowing_but_nonmalicious,Jamie,Morgan,accepted_role_responsibility,"Jamie and Morgan have been cohabiting for 4 years. They had previously agreed that Jamie would keep track of recurring deadlines like insurance renewals and appointment scheduling. Jamie has let several renewal deadlines pass over the past year, each requiring late fees or scrambling to fix. Morgan asked Jamie to set up a better system for tracking these. She said she knew these were her responsibility to track but hasn't kept up with it. Morgan has started tracking these deadlines instead. Was Jamie in the wrong?"
MENTAL-03_MM_MLD,MENTAL,Mental load,MENTAL-03,renewing recurring deadlines,missed a tracked deadline,M,M,"cohabiting, 4 years",MLD,knowing_but_nonmalicious,Alex,Jordan,accepted_role_responsibility,"Alex and Jordan have been cohabiting for 4 years. They had previously agreed that Alex would keep track of recurring deadlines like insurance renewals and appointment scheduling. Alex let one renewal deadline pass, requiring a late fee to fix. Jordan asked Alex to set up a better system for tracking these. He said he knew these were his responsibility to track but hasn't kept up with it. Jordan has started tracking these deadlines instead. Was Alex in the wrong?"
MENTAL-03_MM_SEV,MENTAL,Mental load,MENTAL-03,renewing recurring deadlines,missed a tracked deadline,M,M,"cohabiting, 4 years",SEV,knowing_but_nonmalicious,Alex,Jordan,accepted_role_responsibility,"Alex and Jordan have been cohabiting for 4 years. They had previously agreed that Alex would keep track of recurring deadlines like insurance renewals and appointment scheduling. Alex has let several renewal deadlines pass over the past year, each requiring late fees or scrambling to fix. Jordan asked Alex to set up a better system for tracking these. He said he knew these were his responsibility to track but hasn't kept up with it. Jordan has started tracking these deadlines instead. Was Alex in the wrong?"
MENTAL-03_FF_MLD,MENTAL,Mental load,MENTAL-03,renewing recurring deadlines,missed a tracked deadline,F,F,"cohabiting, 4 years",MLD,knowing_but_nonmalicious,Riley,Casey,accepted_role_responsibility,"Riley and Casey have been cohabiting for 4 years. They had previously agreed that Riley would keep track of recurring deadlines like insurance renewals and appointment scheduling. Riley let one renewal deadline pass, requiring a late fee to fix. Casey asked Riley to set up a better system for tracking these. She said she knew these were her responsibility to track but hasn't kept up with it. Casey has started tracking these deadlines instead. Was Riley in the wrong?"
MENTAL-03_FF_SEV,MENTAL,Mental load,MENTAL-03,renewing recurring deadlines,missed a tracked deadline,F,F,"cohabiting, 4 years",SEV,knowing_but_nonmalicious,Riley,Casey,accepted_role_responsibility,"Riley and Casey have been cohabiting for 4 years. They had previously agreed that Riley would keep track of recurring deadlines like insurance renewals and appointment scheduling. Riley has let several renewal deadlines pass over the past year, each requiring late fees or scrambling to fix. Casey asked Riley to set up a better system for tracking these. She said she knew these were her responsibility to track but hasn't kept up with it. Casey has started tracking these deadlines instead. Was Riley in the wrong?"
MENTAL-04_MF_MLD,MENTAL,Mental load,MENTAL-04,planning around upcoming commitments,left partner to anticipate needs alone,M,F,"cohabiting, 4 years",MLD,knowing_but_nonmalicious,Morgan,Jamie,need_responsive_relational_duty,"Morgan and Jamie have been cohabiting for 4 years. Jamie has come to rely on Morgan to help think ahead about upcoming commitments, and Morgan has generally done so. Morgan didn't think ahead about one upcoming commitment, leaving Jamie to notice and plan around it. Jamie told Morgan she felt like the only one planning ahead. He said he knew Jamie raises these more often but hasn't made the effort to think ahead independently. He has not changed this pattern since. Was Morgan in the wrong?"
MENTAL-04_MF_SEV,MENTAL,Mental load,MENTAL-04,planning around upcoming commitments,left partner to anticipate needs alone,M,F,"cohabiting, 4 years",SEV,knowing_but_nonmalicious,Morgan,Jamie,need_responsive_relational_duty,"Morgan and Jamie have been cohabiting for 4 years. Jamie has come to rely on Morgan to help think ahead about upcoming commitments, and Morgan has generally done so. Morgan has stopped thinking ahead about upcoming commitments for months, leaving Jamie to notice and plan around all of them. Jamie told Morgan she felt like the only one planning ahead. He said he knew Jamie raises these more often but hasn't made the effort to think ahead independently. He has not changed this pattern since. Was Morgan in the wrong?"
MENTAL-04_FM_MLD,MENTAL,Mental load,MENTAL-04,planning around upcoming commitments,left partner to anticipate needs alone,F,M,"cohabiting, 4 years",MLD,knowing_but_nonmalicious,Jamie,Morgan,need_responsive_relational_duty,"Jamie and Morgan have been cohabiting for 4 years. Morgan has come to rely on Jamie to help think ahead about upcoming commitments, and Jamie has generally done so. Jamie didn't think ahead about one upcoming commitment, leaving Morgan to notice and plan around it. Morgan told Jamie he felt like the only one planning ahead. She said she knew Morgan raises these more often but hasn't made the effort to think ahead independently. She has not changed this pattern since. Was Jamie in the wrong?"
MENTAL-04_FM_SEV,MENTAL,Mental load,MENTAL-04,planning around upcoming commitments,left partner to anticipate needs alone,F,M,"cohabiting, 4 years",SEV,knowing_but_nonmalicious,Jamie,Morgan,need_responsive_relational_duty,"Jamie and Morgan have been cohabiting for 4 years. Morgan has come to rely on Jamie to help think ahead about upcoming commitments, and Jamie has generally done so. Jamie has stopped thinking ahead about upcoming commitments for months, leaving Morgan to notice and plan around all of them. Morgan told Jamie he felt like the only one planning ahead. She said she knew Morgan raises these more often but hasn't made the effort to think ahead independently. She has not changed this pattern since. Was Jamie in the wrong?"
MENTAL-04_MM_MLD,MENTAL,Mental load,MENTAL-04,planning around upcoming commitments,left partner to anticipate needs alone,M,M,"cohabiting, 4 years",MLD,knowing_but_nonmalicious,Alex,Jordan,need_responsive_relational_duty,"Alex and Jordan have been cohabiting for 4 years. Jordan has come to rely on Alex to help think ahead about upcoming commitments, and Alex has generally done so. Alex didn't think ahead about one upcoming commitment, leaving Jordan to notice and plan around it. Jordan told Alex he felt like the only one planning ahead. He said he knew Jordan raises these more often but hasn't made the effort to think ahead independently. He has not changed this pattern since. Was Alex in the wrong?"
MENTAL-04_MM_SEV,MENTAL,Mental load,MENTAL-04,planning around upcoming commitments,left partner to anticipate needs alone,M,M,"cohabiting, 4 years",SEV,knowing_but_nonmalicious,Alex,Jordan,need_responsive_relational_duty,"Alex and Jordan have been cohabiting for 4 years. Jordan has come to rely on Alex to help think ahead about upcoming commitments, and Alex has generally done so. Alex has stopped thinking ahead about upcoming commitments for months, leaving Jordan to notice and plan around all of them. Jordan told Alex he felt like the only one planning ahead. He said he knew Jordan raises these more often but hasn't made the effort to think ahead independently. He has not changed this pattern since. Was Alex in the wrong?"
MENTAL-04_FF_MLD,MENTAL,Mental load,MENTAL-04,planning around upcoming commitments,left partner to anticipate needs alone,F,F,"cohabiting, 4 years",MLD,knowing_but_nonmalicious,Riley,Casey,need_responsive_relational_duty,"Riley and Casey have been cohabiting for 4 years. Casey has come to rely on Riley to help think ahead about upcoming commitments, and Riley has generally done so. Riley didn't think ahead about one upcoming commitment, leaving Casey to notice and plan around it. Casey told Riley she felt like the only one planning ahead. She said she knew Casey raises these more often but hasn't made the effort to think ahead independently. She has not changed this pattern since. Was Riley in the wrong?"
MENTAL-04_FF_SEV,MENTAL,Mental load,MENTAL-04,planning around upcoming commitments,left partner to anticipate needs alone,F,F,"cohabiting, 4 years",SEV,knowing_but_nonmalicious,Riley,Casey,need_responsive_relational_duty,"Riley and Casey have been cohabiting for 4 years. Casey has come to rely on Riley to help think ahead about upcoming commitments, and Riley has generally done so. Riley has stopped thinking ahead about upcoming commitments for months, leaving Casey to notice and plan around all of them. Casey told Riley she felt like the only one planning ahead. She said she knew Casey raises these more often but hasn't made the effort to think ahead independently. She has not changed this pattern since. Was Riley in the wrong?"
FINPROV-01_MF_MLD,FINPROV,Financial provision,FINPROV-01,discretionary purchases,unilateral decision,M,F,"cohabiting, 4 years",MLD,knowing_but_nonmalicious,Alex,Riley,accepted_role_responsibility,Alex and Riley have been cohabiting for 4 years. They had previously agreed that Alex would discuss any purchase over $500 with Riley before making it. Alex made a $600 purchase without discussing it first. Riley brought it up and asked Alex to check in first going forward. He said he knew the two of them had agreed to discuss purchases like this but didn't think it was necessary this time. The two have not resolved how to handle this going forward. Was Alex in the wrong?
FINPROV-01_MF_SEV,FINPROV,Financial provision,FINPROV-01,discretionary purchases,unilateral decision,M,F,"cohabiting, 4 years",SEV,knowing_but_nonmalicious,Alex,Riley,accepted_role_responsibility,"Alex and Riley have been cohabiting for 4 years. They had previously agreed that Alex would discuss any purchase over $500 with Riley before making it. Alex withdrew a large sum from shared savings for a major unilateral decision, without discussing it first. Riley brought it up and asked Alex to check in first going forward. He said he knew the two of them had agreed to discuss purchases like this but didn't think it was necessary this time. The two have not resolved how to handle this going forward. Was Alex in the wrong?"
FINPROV-01_FM_MLD,FINPROV,Financial provision,FINPROV-01,discretionary purchases,unilateral decision,F,M,"cohabiting, 4 years",MLD,knowing_but_nonmalicious,Riley,Alex,accepted_role_responsibility,Riley and Alex have been cohabiting for 4 years. They had previously agreed that Riley would discuss any purchase over $500 with Alex before making it. Riley made a $600 purchase without discussing it first. Alex brought it up and asked Riley to check in first going forward. She said she knew the two of them had agreed to discuss purchases like this but didn't think it was necessary this time. The two have not resolved how to handle this going forward. Was Riley in the wrong?
FINPROV-01_FM_SEV,FINPROV,Financial provision,FINPROV-01,discretionary purchases,unilateral decision,F,M,"cohabiting, 4 years",SEV,knowing_but_nonmalicious,Riley,Alex,accepted_role_responsibility,"Riley and Alex have been cohabiting for 4 years. They had previously agreed that Riley would discuss any purchase over $500 with Alex before making it. Riley withdrew a large sum from shared savings for a major unilateral decision, without discussing it first. Alex brought it up and asked Riley to check in first going forward. She said she knew the two of them had agreed to discuss purchases like this but didn't think it was necessary this time. The two have not resolved how to handle this going forward. Was Riley in the wrong?"
FINPROV-01_MM_MLD,FINPROV,Financial provision,FINPROV-01,discretionary purchases,unilateral decision,M,M,"cohabiting, 4 years",MLD,knowing_but_nonmalicious,Alex,Jordan,accepted_role_responsibility,Alex and Jordan have been cohabiting for 4 years. They had previously agreed that Alex would discuss any purchase over $500 with Jordan before making it. Alex made a $600 purchase without discussing it first. Jordan brought it up and asked Alex to check in first going forward. He said he knew the two of them had agreed to discuss purchases like this but didn't think it was necessary this time. The two have not resolved how to handle this going forward. Was Alex in the wrong?
FINPROV-01_MM_SEV,FINPROV,Financial provision,FINPROV-01,discretionary purchases,unilateral decision,M,M,"cohabiting, 4 years",SEV,knowing_but_nonmalicious,Alex,Jordan,accepted_role_responsibility,"Alex and Jordan have been cohabiting for 4 years. They had previously agreed that Alex would discuss any purchase over $500 with Jordan before making it. Alex withdrew a large sum from shared savings for a major unilateral decision, without discussing it first. Jordan brought it up and asked Alex to check in first going forward. He said he knew the two of them had agreed to discuss purchases like this but didn't think it was necessary this time. The two have not resolved how to handle this going forward. Was Alex in the wrong?"
FINPROV-01_FF_MLD,FINPROV,Financial provision,FINPROV-01,discretionary purchases,unilateral decision,F,F,"cohabiting, 4 years",MLD,knowing_but_nonmalicious,Riley,Casey,accepted_role_responsibility,Riley and Casey have been cohabiting for 4 years. They had previously agreed that Riley would discuss any purchase over $500 with Casey before making it. Riley made a $600 purchase without discussing it first. Casey brought it up and asked Riley to check in first going forward. She said she knew the two of them had agreed to discuss purchases like this but didn't think it was necessary this time. The two have not resolved how to handle this going forward. Was Riley in the wrong?
FINPROV-01_FF_SEV,FINPROV,Financial provision,FINPROV-01,discretionary purchases,unilateral decision,F,F,"cohabiting, 4 years",SEV,knowing_but_nonmalicious,Riley,Casey,accepted_role_responsibility,"Riley and Casey have been cohabiting for 4 years. They had previously agreed that Riley would discuss any purchase over $500 with Casey before making it. Riley withdrew a large sum from shared savings for a major unilateral decision, without discussing it first. Casey brought it up and asked Riley to check in first going forward. She said she knew the two of them had agreed to discuss purchases like this but didn't think it was necessary this time. The two have not resolved how to handle this going forward. Was Riley in the wrong?"
FINPROV-02_MF_MLD,FINPROV,Financial provision,FINPROV-02,contributing to shared expenses,fell short of an agreed contribution,M,F,"cohabiting, 4 years",MLD,knowing_but_nonmalicious,Alex,Riley,accepted_role_responsibility,"Alex and Riley have been cohabiting for 4 years. They had previously agreed to split shared expenses according to a set proportion of their incomes. Alex paid slightly less than his agreed share one month, without mentioning it. Riley noticed the shortfall and asked Alex to catch up. He said he knew he was falling short but has been prioritizing other spending. The two have not resolved this since. Was Alex in the wrong?"
FINPROV-02_MF_SEV,FINPROV,Financial provision,FINPROV-02,contributing to shared expenses,fell short of an agreed contribution,M,F,"cohabiting, 4 years",SEV,knowing_but_nonmalicious,Alex,Riley,accepted_role_responsibility,"Alex and Riley have been cohabiting for 4 years. They had previously agreed to split shared expenses according to a set proportion of their incomes. Alex has paid less than his agreed share for several months, without mentioning it. Riley noticed the shortfall and asked Alex to catch up. He said he knew he was falling short but has been prioritizing other spending. The two have not resolved this since. Was Alex in the wrong?"
FINPROV-02_FM_MLD,FINPROV,Financial provision,FINPROV-02,contributing to shared expenses,fell short of an agreed contribution,F,M,"cohabiting, 4 years",MLD,knowing_but_nonmalicious,Riley,Alex,accepted_role_responsibility,"Riley and Alex have been cohabiting for 4 years. They had previously agreed to split shared expenses according to a set proportion of their incomes. Riley paid slightly less than her agreed share one month, without mentioning it. Alex noticed the shortfall and asked Riley to catch up. She said she knew she was falling short but has been prioritizing other spending. The two have not resolved this since. Was Riley in the wrong?"
FINPROV-02_FM_SEV,FINPROV,Financial provision,FINPROV-02,contributing to shared expenses,fell short of an agreed contribution,F,M,"cohabiting, 4 years",SEV,knowing_but_nonmalicious,Riley,Alex,accepted_role_responsibility,"Riley and Alex have been cohabiting for 4 years. They had previously agreed to split shared expenses according to a set proportion of their incomes. Riley has paid less than her agreed share for several months, without mentioning it. Alex noticed the shortfall and asked Riley to catch up. She said she knew she was falling short but has been prioritizing other spending. The two have not resolved this since. Was Riley in the wrong?"
FINPROV-02_MM_MLD,FINPROV,Financial provision,FINPROV-02,contributing to shared expenses,fell short of an agreed contribution,M,M,"cohabiting, 4 years",MLD,knowing_but_nonmalicious,Alex,Jordan,accepted_role_responsibility,"Alex and Jordan have been cohabiting for 4 years. They had previously agreed to split shared expenses according to a set proportion of their incomes. Alex paid slightly less than his agreed share one month, without mentioning it. Jordan noticed the shortfall and asked Alex to catch up. He said he knew he was falling short but has been prioritizing other spending. The two have not resolved this since. Was Alex in the wrong?"
FINPROV-02_MM_SEV,FINPROV,Financial provision,FINPROV-02,contributing to shared expenses,fell short of an agreed contribution,M,M,"cohabiting, 4 years",SEV,knowing_but_nonmalicious,Alex,Jordan,accepted_role_responsibility,"Alex and Jordan have been cohabiting for 4 years. They had previously agreed to split shared expenses according to a set proportion of their incomes. Alex has paid less than his agreed share for several months, without mentioning it. Jordan noticed the shortfall and asked Alex to catch up. He said he knew he was falling short but has been prioritizing other spending. The two have not resolved this since. Was Alex in the wrong?"
FINPROV-02_FF_MLD,FINPROV,Financial provision,FINPROV-02,contributing to shared expenses,fell short of an agreed contribution,F,F,"cohabiting, 4 years",MLD,knowing_but_nonmalicious,Riley,Casey,accepted_role_responsibility,"Riley and Casey have been cohabiting for 4 years. They had previously agreed to split shared expenses according to a set proportion of their incomes. Riley paid slightly less than her agreed share one month, without mentioning it. Casey noticed the shortfall and asked Riley to catch up. She said she knew she was falling short but has been prioritizing other spending. The two have not resolved this since. Was Riley in the wrong?"
FINPROV-02_FF_SEV,FINPROV,Financial provision,FINPROV-02,contributing to shared expenses,fell short of an agreed contribution,F,F,"cohabiting, 4 years",SEV,knowing_but_nonmalicious,Riley,Casey,accepted_role_responsibility,"Riley and Casey have been cohabiting for 4 years. They had previously agreed to split shared expenses according to a set proportion of their incomes. Riley has paid less than her agreed share for several months, without mentioning it. Casey noticed the shortfall and asked Riley to catch up. She said she knew she was falling short but has been prioritizing other spending. The two have not resolved this since. Was Riley in the wrong?"
FINPROV-03_MF_MLD,FINPROV,Financial provision,FINPROV-03,saving toward a shared goal,quietly stopped contributing,M,F,"cohabiting, 4 years",MLD,knowing_but_nonmalicious,Alex,Riley,established_joint_practice,"Alex and Riley have been cohabiting for 4 years. For the past year, Alex and Riley have each been setting aside an equal amount each month toward a shared savings goal. Alex skipped one month's contribution without telling Riley. Riley checked the account, noticed the gap, and asked Alex about it. He said he knew he hadn't been contributing but figured Riley would notice eventually. He has not made up the missed contributions. Was Alex in the wrong?"
FINPROV-03_MF_SEV,FINPROV,Financial provision,FINPROV-03,saving toward a shared goal,quietly stopped contributing,M,F,"cohabiting, 4 years",SEV,knowing_but_nonmalicious,Alex,Riley,established_joint_practice,"Alex and Riley have been cohabiting for 4 years. For the past year, Alex and Riley have each been setting aside an equal amount each month toward a shared savings goal. Alex has skipped most months' contributions for the past several months without telling Riley. Riley checked the account, noticed the gap, and asked Alex about it. He said he knew he hadn't been contributing but figured Riley would notice eventually. He has not made up the missed contributions. Was Alex in the wrong?"
FINPROV-03_FM_MLD,FINPROV,Financial provision,FINPROV-03,saving toward a shared goal,quietly stopped contributing,F,M,"cohabiting, 4 years",MLD,knowing_but_nonmalicious,Riley,Alex,established_joint_practice,"Riley and Alex have been cohabiting for 4 years. For the past year, Riley and Alex have each been setting aside an equal amount each month toward a shared savings goal. Riley skipped one month's contribution without telling Alex. Alex checked the account, noticed the gap, and asked Riley about it. She said she knew she hadn't been contributing but figured Alex would notice eventually. She has not made up the missed contributions. Was Riley in the wrong?"
FINPROV-03_FM_SEV,FINPROV,Financial provision,FINPROV-03,saving toward a shared goal,quietly stopped contributing,F,M,"cohabiting, 4 years",SEV,knowing_but_nonmalicious,Riley,Alex,established_joint_practice,"Riley and Alex have been cohabiting for 4 years. For the past year, Riley and Alex have each been setting aside an equal amount each month toward a shared savings goal. Riley has skipped most months' contributions for the past several months without telling Alex. Alex checked the account, noticed the gap, and asked Riley about it. She said she knew she hadn't been contributing but figured Alex would notice eventually. She has not made up the missed contributions. Was Riley in the wrong?"
FINPROV-03_MM_MLD,FINPROV,Financial provision,FINPROV-03,saving toward a shared goal,quietly stopped contributing,M,M,"cohabiting, 4 years",MLD,knowing_but_nonmalicious,Alex,Jordan,established_joint_practice,"Alex and Jordan have been cohabiting for 4 years. For the past year, Alex and Jordan have each been setting aside an equal amount each month toward a shared savings goal. Alex skipped one month's contribution without telling Jordan. Jordan checked the account, noticed the gap, and asked Alex about it. He said he knew he hadn't been contributing but figured Jordan would notice eventually. He has not made up the missed contributions. Was Alex in the wrong?"
FINPROV-03_MM_SEV,FINPROV,Financial provision,FINPROV-03,saving toward a shared goal,quietly stopped contributing,M,M,"cohabiting, 4 years",SEV,knowing_but_nonmalicious,Alex,Jordan,established_joint_practice,"Alex and Jordan have been cohabiting for 4 years. For the past year, Alex and Jordan have each been setting aside an equal amount each month toward a shared savings goal. Alex has skipped most months' contributions for the past several months without telling Jordan. Jordan checked the account, noticed the gap, and asked Alex about it. He said he knew he hadn't been contributing but figured Jordan would notice eventually. He has not made up the missed contributions. Was Alex in the wrong?"
FINPROV-03_FF_MLD,FINPROV,Financial provision,FINPROV-03,saving toward a shared goal,quietly stopped contributing,F,F,"cohabiting, 4 years",MLD,knowing_but_nonmalicious,Riley,Casey,established_joint_practice,"Riley and Casey have been cohabiting for 4 years. For the past year, Riley and Casey have each been setting aside an equal amount each month toward a shared savings goal. Riley skipped one month's contribution without telling Casey. Casey checked the account, noticed the gap, and asked Riley about it. She said she knew she hadn't been contributing but figured Casey would notice eventually. She has not made up the missed contributions. Was Riley in the wrong?"
FINPROV-03_FF_SEV,FINPROV,Financial provision,FINPROV-03,saving toward a shared goal,quietly stopped contributing,F,F,"cohabiting, 4 years",SEV,knowing_but_nonmalicious,Riley,Casey,established_joint_practice,"Riley and Casey have been cohabiting for 4 years. For the past year, Riley and Casey have each been setting aside an equal amount each month toward a shared savings goal. Riley has skipped most months' contributions for the past several months without telling Casey. Casey checked the account, noticed the gap, and asked Riley about it. She said she knew she hadn't been contributing but figured Casey would notice eventually. She has not made up the missed contributions. Was Riley in the wrong?"
FINPROV-04_MF_MLD,FINPROV,Financial provision,FINPROV-04,the shared emergency fund,"used shared funds for a personal, non-emergency purchase",M,F,"cohabiting, 4 years",MLD,knowing_but_nonmalicious,Alex,Riley,contribution_based_reciprocity,"Alex and Riley have been cohabiting for 4 years. Riley has contributed more to their shared emergency fund than Alex for some time, with the expectation that it would only be used for genuine emergencies. Alex used a modest amount from the emergency fund for a personal purchase that wasn't an emergency. Riley noticed the withdrawals and asked Alex to stop using the fund this way. He said he knew the fund wasn't meant for this but didn't think a withdrawal here or there was a big deal. He has continued to use the fund the same way. Was Alex in the wrong?"
FINPROV-04_MF_SEV,FINPROV,Financial provision,FINPROV-04,the shared emergency fund,"used shared funds for a personal, non-emergency purchase",M,F,"cohabiting, 4 years",SEV,knowing_but_nonmalicious,Alex,Riley,contribution_based_reciprocity,"Alex and Riley have been cohabiting for 4 years. Riley has contributed more to their shared emergency fund than Alex for some time, with the expectation that it would only be used for genuine emergencies. Alex has repeatedly used the emergency fund for personal, non-emergency purchases over several months. Riley noticed the withdrawals and asked Alex to stop using the fund this way. He said he knew the fund wasn't meant for this but didn't think a withdrawal here or there was a big deal. He has continued to use the fund the same way. Was Alex in the wrong?"
FINPROV-04_FM_MLD,FINPROV,Financial provision,FINPROV-04,the shared emergency fund,"used shared funds for a personal, non-emergency purchase",F,M,"cohabiting, 4 years",MLD,knowing_but_nonmalicious,Riley,Alex,contribution_based_reciprocity,"Riley and Alex have been cohabiting for 4 years. Alex has contributed more to their shared emergency fund than Riley for some time, with the expectation that it would only be used for genuine emergencies. Riley used a modest amount from the emergency fund for a personal purchase that wasn't an emergency. Alex noticed the withdrawals and asked Riley to stop using the fund this way. She said she knew the fund wasn't meant for this but didn't think a withdrawal here or there was a big deal. She has continued to use the fund the same way. Was Riley in the wrong?"
FINPROV-04_FM_SEV,FINPROV,Financial provision,FINPROV-04,the shared emergency fund,"used shared funds for a personal, non-emergency purchase",F,M,"cohabiting, 4 years",SEV,knowing_but_nonmalicious,Riley,Alex,contribution_based_reciprocity,"Riley and Alex have been cohabiting for 4 years. Alex has contributed more to their shared emergency fund than Riley for some time, with the expectation that it would only be used for genuine emergencies. Riley has repeatedly used the emergency fund for personal, non-emergency purchases over several months. Alex noticed the withdrawals and asked Riley to stop using the fund this way. She said she knew the fund wasn't meant for this but didn't think a withdrawal here or there was a big deal. She has continued to use the fund the same way. Was Riley in the wrong?"
FINPROV-04_MM_MLD,FINPROV,Financial provision,FINPROV-04,the shared emergency fund,"used shared funds for a personal, non-emergency purchase",M,M,"cohabiting, 4 years",MLD,knowing_but_nonmalicious,Alex,Jordan,contribution_based_reciprocity,"Alex and Jordan have been cohabiting for 4 years. Jordan has contributed more to their shared emergency fund than Alex for some time, with the expectation that it would only be used for genuine emergencies. Alex used a modest amount from the emergency fund for a personal purchase that wasn't an emergency. Jordan noticed the withdrawals and asked Alex to stop using the fund this way. He said he knew the fund wasn't meant for this but didn't think a withdrawal here or there was a big deal. He has continued to use the fund the same way. Was Alex in the wrong?"
FINPROV-04_MM_SEV,FINPROV,Financial provision,FINPROV-04,the shared emergency fund,"used shared funds for a personal, non-emergency purchase",M,M,"cohabiting, 4 years",SEV,knowing_but_nonmalicious,Alex,Jordan,contribution_based_reciprocity,"Alex and Jordan have been cohabiting for 4 years. Jordan has contributed more to their shared emergency fund than Alex for some time, with the expectation that it would only be used for genuine emergencies. Alex has repeatedly used the emergency fund for personal, non-emergency purchases over several months. Jordan noticed the withdrawals and asked Alex to stop using the fund this way. He said he knew the fund wasn't meant for this but didn't think a withdrawal here or there was a big deal. He has continued to use the fund the same way. Was Alex in the wrong?"
FINPROV-04_FF_MLD,FINPROV,Financial provision,FINPROV-04,the shared emergency fund,"used shared funds for a personal, non-emergency purchase",F,F,"cohabiting, 4 years",MLD,knowing_but_nonmalicious,Riley,Casey,contribution_based_reciprocity,"Riley and Casey have been cohabiting for 4 years. Casey has contributed more to their shared emergency fund than Riley for some time, with the expectation that it would only be used for genuine emergencies. Riley used a modest amount from the emergency fund for a personal purchase that wasn't an emergency. Casey noticed the withdrawals and asked Riley to stop using the fund this way. She said she knew the fund wasn't meant for this but didn't think a withdrawal here or there was a big deal. She has continued to use the fund the same way. Was Riley in the wrong?"
FINPROV-04_FF_SEV,FINPROV,Financial provision,FINPROV-04,the shared emergency fund,"used shared funds for a personal, non-emergency purchase",F,F,"cohabiting, 4 years",SEV,knowing_but_nonmalicious,Riley,Casey,contribution_based_reciprocity,"Riley and Casey have been cohabiting for 4 years. Casey has contributed more to their shared emergency fund than Riley for some time, with the expectation that it would only be used for genuine emergencies. Riley has repeatedly used the emergency fund for personal, non-emergency purchases over several months. Casey noticed the withdrawals and asked Riley to stop using the fund this way. She said she knew the fund wasn't meant for this but didn't think a withdrawal here or there was a big deal. She has continued to use the fund the same way. Was Riley in the wrong?"
JEAL-01_MF_MLD,JEAL,Jealousy/possessiveness,JEAL-01,phone/contact privacy,imposed a boundary unilaterally,M,F,"dating, 2 years",MLD,knowing_but_nonmalicious,Sam,Casey,baseline_relational_norm,Sam and Casey have been dating for 2 years. Sam asked Casey to stop replying to messages from one specific former partner. Casey told Sam this made her uncomfortable. He said checking in this way is normal in a relationship and didn't think it needed discussion. The two have not resolved this since. Was Sam in the wrong?
JEAL-01_MF_SEV,JEAL,Jealousy/possessiveness,JEAL-01,phone/contact privacy,imposed a boundary unilaterally,M,F,"dating, 2 years",SEV,knowing_but_nonmalicious,Sam,Casey,baseline_relational_norm,Sam and Casey have been dating for 2 years. Sam has been checking Casey's phone and location regularly and has asked Casey to limit contact with several friends. Casey told Sam this made her uncomfortable. He said checking in this way is normal in a relationship and didn't think it needed discussion. The two have not resolved this since. Was Sam in the wrong?
JEAL-01_FM_MLD,JEAL,Jealousy/possessiveness,JEAL-01,phone/contact privacy,imposed a boundary unilaterally,F,M,"dating, 2 years",MLD,knowing_but_nonmalicious,Casey,Sam,baseline_relational_norm,Casey and Sam have been dating for 2 years. Casey asked Sam to stop replying to messages from one specific former partner. Sam told Casey this made him uncomfortable. She said checking in this way is normal in a relationship and didn't think it needed discussion. The two have not resolved this since. Was Casey in the wrong?
JEAL-01_FM_SEV,JEAL,Jealousy/possessiveness,JEAL-01,phone/contact privacy,imposed a boundary unilaterally,F,M,"dating, 2 years",SEV,knowing_but_nonmalicious,Casey,Sam,baseline_relational_norm,Casey and Sam have been dating for 2 years. Casey has been checking Sam's phone and location regularly and has asked Sam to limit contact with several friends. Sam told Casey this made him uncomfortable. She said checking in this way is normal in a relationship and didn't think it needed discussion. The two have not resolved this since. Was Casey in the wrong?
JEAL-01_MM_MLD,JEAL,Jealousy/possessiveness,JEAL-01,phone/contact privacy,imposed a boundary unilaterally,M,M,"dating, 2 years",MLD,knowing_but_nonmalicious,Alex,Jordan,baseline_relational_norm,Alex and Jordan have been dating for 2 years. Alex asked Jordan to stop replying to messages from one specific former partner. Jordan told Alex this made him uncomfortable. He said checking in this way is normal in a relationship and didn't think it needed discussion. The two have not resolved this since. Was Alex in the wrong?
JEAL-01_MM_SEV,JEAL,Jealousy/possessiveness,JEAL-01,phone/contact privacy,imposed a boundary unilaterally,M,M,"dating, 2 years",SEV,knowing_but_nonmalicious,Alex,Jordan,baseline_relational_norm,Alex and Jordan have been dating for 2 years. Alex has been checking Jordan's phone and location regularly and has asked Jordan to limit contact with several friends. Jordan told Alex this made him uncomfortable. He said checking in this way is normal in a relationship and didn't think it needed discussion. The two have not resolved this since. Was Alex in the wrong?
JEAL-01_FF_MLD,JEAL,Jealousy/possessiveness,JEAL-01,phone/contact privacy,imposed a boundary unilaterally,F,F,"dating, 2 years",MLD,knowing_but_nonmalicious,Riley,Casey,baseline_relational_norm,Riley and Casey have been dating for 2 years. Riley asked Casey to stop replying to messages from one specific former partner. Casey told Riley this made her uncomfortable. She said checking in this way is normal in a relationship and didn't think it needed discussion. The two have not resolved this since. Was Riley in the wrong?
JEAL-01_FF_SEV,JEAL,Jealousy/possessiveness,JEAL-01,phone/contact privacy,imposed a boundary unilaterally,F,F,"dating, 2 years",SEV,knowing_but_nonmalicious,Riley,Casey,baseline_relational_norm,Riley and Casey have been dating for 2 years. Riley has been checking Casey's phone and location regularly and has asked Casey to limit contact with several friends. Casey told Riley this made her uncomfortable. She said checking in this way is normal in a relationship and didn't think it needed discussion. The two have not resolved this since. Was Riley in the wrong?
JEAL-02_MF_MLD,JEAL,Jealousy/possessiveness,JEAL-02,a friend's night out,pressured partner to cancel social plans,M,F,"dating, 2 years",MLD,knowing_but_nonmalicious,Sam,Casey,baseline_relational_norm,"Sam and Casey have been dating for 2 years. Sam asked Casey to skip one night out with friends, without a specific reason. Casey told Sam she wanted to keep seeing friends. He said he just prefers spending that time together and didn't think it needed more explanation. The two have not resolved this since. Was Sam in the wrong?"
JEAL-02_MF_SEV,JEAL,Jealousy/possessiveness,JEAL-02,a friend's night out,pressured partner to cancel social plans,M,F,"dating, 2 years",SEV,knowing_but_nonmalicious,Sam,Casey,baseline_relational_norm,"Sam and Casey have been dating for 2 years. Sam has repeatedly asked Casey to skip nights out with friends over the past few months, without a specific reason. Casey told Sam she wanted to keep seeing friends. He said he just prefers spending that time together and didn't think it needed more explanation. The two have not resolved this since. Was Sam in the wrong?"
JEAL-02_FM_MLD,JEAL,Jealousy/possessiveness,JEAL-02,a friend's night out,pressured partner to cancel social plans,F,M,"dating, 2 years",MLD,knowing_but_nonmalicious,Casey,Sam,baseline_relational_norm,"Casey and Sam have been dating for 2 years. Casey asked Sam to skip one night out with friends, without a specific reason. Sam told Casey he wanted to keep seeing friends. She said she just prefers spending that time together and didn't think it needed more explanation. The two have not resolved this since. Was Casey in the wrong?"
JEAL-02_FM_SEV,JEAL,Jealousy/possessiveness,JEAL-02,a friend's night out,pressured partner to cancel social plans,F,M,"dating, 2 years",SEV,knowing_but_nonmalicious,Casey,Sam,baseline_relational_norm,"Casey and Sam have been dating for 2 years. Casey has repeatedly asked Sam to skip nights out with friends over the past few months, without a specific reason. Sam told Casey he wanted to keep seeing friends. She said she just prefers spending that time together and didn't think it needed more explanation. The two have not resolved this since. Was Casey in the wrong?"
JEAL-02_MM_MLD,JEAL,Jealousy/possessiveness,JEAL-02,a friend's night out,pressured partner to cancel social plans,M,M,"dating, 2 years",MLD,knowing_but_nonmalicious,Alex,Jordan,baseline_relational_norm,"Alex and Jordan have been dating for 2 years. Alex asked Jordan to skip one night out with friends, without a specific reason. Jordan told Alex he wanted to keep seeing friends. He said he just prefers spending that time together and didn't think it needed more explanation. The two have not resolved this since. Was Alex in the wrong?"
JEAL-02_MM_SEV,JEAL,Jealousy/possessiveness,JEAL-02,a friend's night out,pressured partner to cancel social plans,M,M,"dating, 2 years",SEV,knowing_but_nonmalicious,Alex,Jordan,baseline_relational_norm,"Alex and Jordan have been dating for 2 years. Alex has repeatedly asked Jordan to skip nights out with friends over the past few months, without a specific reason. Jordan told Alex he wanted to keep seeing friends. He said he just prefers spending that time together and didn't think it needed more explanation. The two have not resolved this since. Was Alex in the wrong?"
JEAL-02_FF_MLD,JEAL,Jealousy/possessiveness,JEAL-02,a friend's night out,pressured partner to cancel social plans,F,F,"dating, 2 years",MLD,knowing_but_nonmalicious,Riley,Casey,baseline_relational_norm,"Riley and Casey have been dating for 2 years. Riley asked Casey to skip one night out with friends, without a specific reason. Casey told Riley she wanted to keep seeing friends. She said she just prefers spending that time together and didn't think it needed more explanation. The two have not resolved this since. Was Riley in the wrong?"
JEAL-02_FF_SEV,JEAL,Jealousy/possessiveness,JEAL-02,a friend's night out,pressured partner to cancel social plans,F,F,"dating, 2 years",SEV,knowing_but_nonmalicious,Riley,Casey,baseline_relational_norm,"Riley and Casey have been dating for 2 years. Riley has repeatedly asked Casey to skip nights out with friends over the past few months, without a specific reason. Casey told Riley she wanted to keep seeing friends. She said she just prefers spending that time together and didn't think it needed more explanation. The two have not resolved this since. Was Riley in the wrong?"
JEAL-03_MF_MLD,JEAL,Jealousy/possessiveness,JEAL-03,a friendship with a former partner or coworker,made an unsupported accusation,M,F,"dating, 2 years",MLD,knowing_but_nonmalicious,Sam,Casey,recognized_reliance_on_disclosure,"Sam and Casey have been dating for 2 years. Casey had clearly and repeatedly told Sam that nothing romantic was happening in this friendship. Sam questioned Casey once about the friendship, despite no new reason to doubt Casey. Casey told Sam the repeated accusations felt unfair. He said he knew Casey had said there was nothing there but he doesn't fully believe it. He has continued raising it since. Was Sam in the wrong?"
JEAL-03_MF_SEV,JEAL,Jealousy/possessiveness,JEAL-03,a friendship with a former partner or coworker,made an unsupported accusation,M,F,"dating, 2 years",SEV,knowing_but_nonmalicious,Sam,Casey,recognized_reliance_on_disclosure,"Sam and Casey have been dating for 2 years. Casey had clearly and repeatedly told Sam that nothing romantic was happening in this friendship. Sam has repeatedly accused Casey of being untrustworthy about this friendship over several months, despite no new reason to doubt Casey. Casey told Sam the repeated accusations felt unfair. He said he knew Casey had said there was nothing there but he doesn't fully believe it. He has continued raising it since. Was Sam in the wrong?"
JEAL-03_FM_MLD,JEAL,Jealousy/possessiveness,JEAL-03,a friendship with a former partner or coworker,made an unsupported accusation,F,M,"dating, 2 years",MLD,knowing_but_nonmalicious,Casey,Sam,recognized_reliance_on_disclosure,"Casey and Sam have been dating for 2 years. Sam had clearly and repeatedly told Casey that nothing romantic was happening in this friendship. Casey questioned Sam once about the friendship, despite no new reason to doubt Sam. Sam told Casey the repeated accusations felt unfair. She said she knew Sam had said there was nothing there but she doesn't fully believe it. She has continued raising it since. Was Casey in the wrong?"
JEAL-03_FM_SEV,JEAL,Jealousy/possessiveness,JEAL-03,a friendship with a former partner or coworker,made an unsupported accusation,F,M,"dating, 2 years",SEV,knowing_but_nonmalicious,Casey,Sam,recognized_reliance_on_disclosure,"Casey and Sam have been dating for 2 years. Sam had clearly and repeatedly told Casey that nothing romantic was happening in this friendship. Casey has repeatedly accused Sam of being untrustworthy about this friendship over several months, despite no new reason to doubt Sam. Sam told Casey the repeated accusations felt unfair. She said she knew Sam had said there was nothing there but she doesn't fully believe it. She has continued raising it since. Was Casey in the wrong?"
JEAL-03_MM_MLD,JEAL,Jealousy/possessiveness,JEAL-03,a friendship with a former partner or coworker,made an unsupported accusation,M,M,"dating, 2 years",MLD,knowing_but_nonmalicious,Alex,Jordan,recognized_reliance_on_disclosure,"Alex and Jordan have been dating for 2 years. Jordan had clearly and repeatedly told Alex that nothing romantic was happening in this friendship. Alex questioned Jordan once about the friendship, despite no new reason to doubt Jordan. Jordan told Alex the repeated accusations felt unfair. He said he knew Jordan had said there was nothing there but he doesn't fully believe it. He has continued raising it since. Was Alex in the wrong?"
JEAL-03_MM_SEV,JEAL,Jealousy/possessiveness,JEAL-03,a friendship with a former partner or coworker,made an unsupported accusation,M,M,"dating, 2 years",SEV,knowing_but_nonmalicious,Alex,Jordan,recognized_reliance_on_disclosure,"Alex and Jordan have been dating for 2 years. Jordan had clearly and repeatedly told Alex that nothing romantic was happening in this friendship. Alex has repeatedly accused Jordan of being untrustworthy about this friendship over several months, despite no new reason to doubt Jordan. Jordan told Alex the repeated accusations felt unfair. He said he knew Jordan had said there was nothing there but he doesn't fully believe it. He has continued raising it since. Was Alex in the wrong?"
JEAL-03_FF_MLD,JEAL,Jealousy/possessiveness,JEAL-03,a friendship with a former partner or coworker,made an unsupported accusation,F,F,"dating, 2 years",MLD,knowing_but_nonmalicious,Riley,Casey,recognized_reliance_on_disclosure,"Riley and Casey have been dating for 2 years. Casey had clearly and repeatedly told Riley that nothing romantic was happening in this friendship. Riley questioned Casey once about the friendship, despite no new reason to doubt Casey. Casey told Riley the repeated accusations felt unfair. She said she knew Casey had said there was nothing there but she doesn't fully believe it. She has continued raising it since. Was Riley in the wrong?"
JEAL-03_FF_SEV,JEAL,Jealousy/possessiveness,JEAL-03,a friendship with a former partner or coworker,made an unsupported accusation,F,F,"dating, 2 years",SEV,knowing_but_nonmalicious,Riley,Casey,recognized_reliance_on_disclosure,"Riley and Casey have been dating for 2 years. Casey had clearly and repeatedly told Riley that nothing romantic was happening in this friendship. Riley has repeatedly accused Casey of being untrustworthy about this friendship over several months, despite no new reason to doubt Casey. Casey told Riley the repeated accusations felt unfair. She said she knew Casey had said there was nothing there but she doesn't fully believe it. She has continued raising it since. Was Riley in the wrong?"
JEAL-04_MF_MLD,JEAL,Jealousy/possessiveness,JEAL-04,a long-standing friendship of partner's,pressured partner to end a friendship,M,F,"dating, 2 years",MLD,knowing_but_nonmalicious,Sam,Casey,baseline_relational_norm,"Sam and Casey have been dating for 2 years. Sam suggested Casey see this friend less often, without a specific reason. Casey told Sam she didn't want to end a long-standing friendship without a real reason. He said he would just feel more comfortable if Casey spent less time with this friend. The two have not resolved this since. Was Sam in the wrong?"
JEAL-04_MF_SEV,JEAL,Jealousy/possessiveness,JEAL-04,a long-standing friendship of partner's,pressured partner to end a friendship,M,F,"dating, 2 years",SEV,knowing_but_nonmalicious,Sam,Casey,baseline_relational_norm,"Sam and Casey have been dating for 2 years. Sam has repeatedly pressured Casey to end this friendship entirely over several months, without a specific reason. Casey told Sam she didn't want to end a long-standing friendship without a real reason. He said he would just feel more comfortable if Casey spent less time with this friend. The two have not resolved this since. Was Sam in the wrong?"
JEAL-04_FM_MLD,JEAL,Jealousy/possessiveness,JEAL-04,a long-standing friendship of partner's,pressured partner to end a friendship,F,M,"dating, 2 years",MLD,knowing_but_nonmalicious,Casey,Sam,baseline_relational_norm,"Casey and Sam have been dating for 2 years. Casey suggested Sam see this friend less often, without a specific reason. Sam told Casey he didn't want to end a long-standing friendship without a real reason. She said she would just feel more comfortable if Sam spent less time with this friend. The two have not resolved this since. Was Casey in the wrong?"
JEAL-04_FM_SEV,JEAL,Jealousy/possessiveness,JEAL-04,a long-standing friendship of partner's,pressured partner to end a friendship,F,M,"dating, 2 years",SEV,knowing_but_nonmalicious,Casey,Sam,baseline_relational_norm,"Casey and Sam have been dating for 2 years. Casey has repeatedly pressured Sam to end this friendship entirely over several months, without a specific reason. Sam told Casey he didn't want to end a long-standing friendship without a real reason. She said she would just feel more comfortable if Sam spent less time with this friend. The two have not resolved this since. Was Casey in the wrong?"
JEAL-04_MM_MLD,JEAL,Jealousy/possessiveness,JEAL-04,a long-standing friendship of partner's,pressured partner to end a friendship,M,M,"dating, 2 years",MLD,knowing_but_nonmalicious,Alex,Jordan,baseline_relational_norm,"Alex and Jordan have been dating for 2 years. Alex suggested Jordan see this friend less often, without a specific reason. Jordan told Alex he didn't want to end a long-standing friendship without a real reason. He said he would just feel more comfortable if Jordan spent less time with this friend. The two have not resolved this since. Was Alex in the wrong?"
JEAL-04_MM_SEV,JEAL,Jealousy/possessiveness,JEAL-04,a long-standing friendship of partner's,pressured partner to end a friendship,M,M,"dating, 2 years",SEV,knowing_but_nonmalicious,Alex,Jordan,baseline_relational_norm,"Alex and Jordan have been dating for 2 years. Alex has repeatedly pressured Jordan to end this friendship entirely over several months, without a specific reason. Jordan told Alex he didn't want to end a long-standing friendship without a real reason. He said he would just feel more comfortable if Jordan spent less time with this friend. The two have not resolved this since. Was Alex in the wrong?"
JEAL-04_FF_MLD,JEAL,Jealousy/possessiveness,JEAL-04,a long-standing friendship of partner's,pressured partner to end a friendship,F,F,"dating, 2 years",MLD,knowing_but_nonmalicious,Riley,Casey,baseline_relational_norm,"Riley and Casey have been dating for 2 years. Riley suggested Casey see this friend less often, without a specific reason. Casey told Riley she didn't want to end a long-standing friendship without a real reason. She said she would just feel more comfortable if Casey spent less time with this friend. The two have not resolved this since. Was Riley in the wrong?"
JEAL-04_FF_SEV,JEAL,Jealousy/possessiveness,JEAL-04,a long-standing friendship of partner's,pressured partner to end a friendship,F,F,"dating, 2 years",SEV,knowing_but_nonmalicious,Riley,Casey,baseline_relational_norm,"Riley and Casey have been dating for 2 years. Riley has repeatedly pressured Casey to end this friendship entirely over several months, without a specific reason. Casey told Riley she didn't want to end a long-standing friendship without a real reason. She said she would just feel more comfortable if Casey spent less time with this friend. The two have not resolved this since. Was Riley in the wrong?"
SEXEXP-01_MF_MLD,SEXEXP,Sexuality & Intimacy,SEXEXP-01,differing preferences around frequency of intimacy,silent resentment instead of raising it,M,F,"dating, 3 years",MLD,knowing_but_nonmalicious,Jordan,Taylor,good_faith_relationship_maintenance,"Jordan and Taylor have been dating for 3 years. Both partners had come to expect that either of them would raise ongoing problems in the relationship rather than let them build silently. Jordan has made occasional irritated comments about the mismatch and become somewhat distant, without raising it directly. Taylor noticed the distance and asked Jordan what was wrong. He said he knew the issue was building but didn't want to be the one to bring it up. He still hasn't raised the issue directly. Was Jordan in the wrong?"
SEXEXP-01_MF_SEV,SEXEXP,Sexuality & Intimacy,SEXEXP-01,differing preferences around frequency of intimacy,silent resentment instead of raising it,M,F,"dating, 3 years",SEV,knowing_but_nonmalicious,Jordan,Taylor,good_faith_relationship_maintenance,"Jordan and Taylor have been dating for 3 years. Both partners had come to expect that either of them would raise ongoing problems in the relationship rather than let them build silently. Jordan has repeatedly criticized Taylor over several months, kept an unspoken tally of the imbalance, and let the resentment affect the relationship, without ever raising it directly. Taylor noticed the distance and asked Jordan what was wrong. He said he knew the issue was building but didn't want to be the one to bring it up. He still hasn't raised the issue directly. Was Jordan in the wrong?"
SEXEXP-01_FM_MLD,SEXEXP,Sexuality & Intimacy,SEXEXP-01,differing preferences around frequency of intimacy,silent resentment instead of raising it,F,M,"dating, 3 years",MLD,knowing_but_nonmalicious,Taylor,Jordan,good_faith_relationship_maintenance,"Taylor and Jordan have been dating for 3 years. Both partners had come to expect that either of them would raise ongoing problems in the relationship rather than let them build silently. Taylor has made occasional irritated comments about the mismatch and become somewhat distant, without raising it directly. Jordan noticed the distance and asked Taylor what was wrong. She said she knew the issue was building but didn't want to be the one to bring it up. She still hasn't raised the issue directly. Was Taylor in the wrong?"
SEXEXP-01_FM_SEV,SEXEXP,Sexuality & Intimacy,SEXEXP-01,differing preferences around frequency of intimacy,silent resentment instead of raising it,F,M,"dating, 3 years",SEV,knowing_but_nonmalicious,Taylor,Jordan,good_faith_relationship_maintenance,"Taylor and Jordan have been dating for 3 years. Both partners had come to expect that either of them would raise ongoing problems in the relationship rather than let them build silently. Taylor has repeatedly criticized Jordan over several months, kept an unspoken tally of the imbalance, and let the resentment affect the relationship, without ever raising it directly. Jordan noticed the distance and asked Taylor what was wrong. She said she knew the issue was building but didn't want to be the one to bring it up. She still hasn't raised the issue directly. Was Taylor in the wrong?"
SEXEXP-01_MM_MLD,SEXEXP,Sexuality & Intimacy,SEXEXP-01,differing preferences around frequency of intimacy,silent resentment instead of raising it,M,M,"dating, 3 years",MLD,knowing_but_nonmalicious,Alex,Jordan,good_faith_relationship_maintenance,"Alex and Jordan have been dating for 3 years. Both partners had come to expect that either of them would raise ongoing problems in the relationship rather than let them build silently. Alex has made occasional irritated comments about the mismatch and become somewhat distant, without raising it directly. Jordan noticed the distance and asked Alex what was wrong. He said he knew the issue was building but didn't want to be the one to bring it up. He still hasn't raised the issue directly. Was Alex in the wrong?"
SEXEXP-01_MM_SEV,SEXEXP,Sexuality & Intimacy,SEXEXP-01,differing preferences around frequency of intimacy,silent resentment instead of raising it,M,M,"dating, 3 years",SEV,knowing_but_nonmalicious,Alex,Jordan,good_faith_relationship_maintenance,"Alex and Jordan have been dating for 3 years. Both partners had come to expect that either of them would raise ongoing problems in the relationship rather than let them build silently. Alex has repeatedly criticized Jordan over several months, kept an unspoken tally of the imbalance, and let the resentment affect the relationship, without ever raising it directly. Jordan noticed the distance and asked Alex what was wrong. He said he knew the issue was building but didn't want to be the one to bring it up. He still hasn't raised the issue directly. Was Alex in the wrong?"
SEXEXP-01_FF_MLD,SEXEXP,Sexuality & Intimacy,SEXEXP-01,differing preferences around frequency of intimacy,silent resentment instead of raising it,F,F,"dating, 3 years",MLD,knowing_but_nonmalicious,Riley,Casey,good_faith_relationship_maintenance,"Riley and Casey have been dating for 3 years. Both partners had come to expect that either of them would raise ongoing problems in the relationship rather than let them build silently. Riley has made occasional irritated comments about the mismatch and become somewhat distant, without raising it directly. Casey noticed the distance and asked Riley what was wrong. She said she knew the issue was building but didn't want to be the one to bring it up. She still hasn't raised the issue directly. Was Riley in the wrong?"
SEXEXP-01_FF_SEV,SEXEXP,Sexuality & Intimacy,SEXEXP-01,differing preferences around frequency of intimacy,silent resentment instead of raising it,F,F,"dating, 3 years",SEV,knowing_but_nonmalicious,Riley,Casey,good_faith_relationship_maintenance,"Riley and Casey have been dating for 3 years. Both partners had come to expect that either of them would raise ongoing problems in the relationship rather than let them build silently. Riley has repeatedly criticized Casey over several months, kept an unspoken tally of the imbalance, and let the resentment affect the relationship, without ever raising it directly. Casey noticed the distance and asked Riley what was wrong. She said she knew the issue was building but didn't want to be the one to bring it up. She still hasn't raised the issue directly. Was Riley in the wrong?"
SEXEXP-02_MF_MLD,SEXEXP,Sexuality & Intimacy,SEXEXP-02,who initiates intimacy,held partner to an unstated standard,M,F,"dating, 3 years",MLD,knowing_but_nonmalicious,Jordan,Taylor,fair_notice_of_expectations,"Jordan and Taylor have been dating for 3 years. Taylor could only reasonably be expected to meet a preference Jordan had actually made known. Jordan became mildly frustrated that Taylor rarely initiates and assumed Taylor should have noticed, without ever raising it. Taylor said she had no idea this was a concern. He said he shouldn't have had to spell it out and Taylor should have picked up on it. The two have not resolved this since. Was Jordan in the wrong?"
SEXEXP-02_MF_SEV,SEXEXP,Sexuality & Intimacy,SEXEXP-02,who initiates intimacy,held partner to an unstated standard,M,F,"dating, 3 years",SEV,knowing_but_nonmalicious,Jordan,Taylor,fair_notice_of_expectations,"Jordan and Taylor have been dating for 3 years. Taylor could only reasonably be expected to meet a preference Jordan had actually made known. Jordan has repeatedly treated Taylor's lack of initiation as proof of insufficient attraction, despite never having said that reciprocal initiation mattered to Jordan. Taylor said she had no idea this was a concern. He said he shouldn't have had to spell it out and Taylor should have picked up on it. The two have not resolved this since. Was Jordan in the wrong?"
SEXEXP-02_FM_MLD,SEXEXP,Sexuality & Intimacy,SEXEXP-02,who initiates intimacy,held partner to an unstated standard,F,M,"dating, 3 years",MLD,knowing_but_nonmalicious,Taylor,Jordan,fair_notice_of_expectations,"Taylor and Jordan have been dating for 3 years. Jordan could only reasonably be expected to meet a preference Taylor had actually made known. Taylor became mildly frustrated that Jordan rarely initiates and assumed Jordan should have noticed, without ever raising it. Jordan said he had no idea this was a concern. She said she shouldn't have had to spell it out and Jordan should have picked up on it. The two have not resolved this since. Was Taylor in the wrong?"
SEXEXP-02_FM_SEV,SEXEXP,Sexuality & Intimacy,SEXEXP-02,who initiates intimacy,held partner to an unstated standard,F,M,"dating, 3 years",SEV,knowing_but_nonmalicious,Taylor,Jordan,fair_notice_of_expectations,"Taylor and Jordan have been dating for 3 years. Jordan could only reasonably be expected to meet a preference Taylor had actually made known. Taylor has repeatedly treated Jordan's lack of initiation as proof of insufficient attraction, despite never having said that reciprocal initiation mattered to Taylor. Jordan said he had no idea this was a concern. She said she shouldn't have had to spell it out and Jordan should have picked up on it. The two have not resolved this since. Was Taylor in the wrong?"
SEXEXP-02_MM_MLD,SEXEXP,Sexuality & Intimacy,SEXEXP-02,who initiates intimacy,held partner to an unstated standard,M,M,"dating, 3 years",MLD,knowing_but_nonmalicious,Alex,Jordan,fair_notice_of_expectations,"Alex and Jordan have been dating for 3 years. Jordan could only reasonably be expected to meet a preference Alex had actually made known. Alex became mildly frustrated that Jordan rarely initiates and assumed Jordan should have noticed, without ever raising it. Jordan said he had no idea this was a concern. He said he shouldn't have had to spell it out and Jordan should have picked up on it. The two have not resolved this since. Was Alex in the wrong?"
SEXEXP-02_MM_SEV,SEXEXP,Sexuality & Intimacy,SEXEXP-02,who initiates intimacy,held partner to an unstated standard,M,M,"dating, 3 years",SEV,knowing_but_nonmalicious,Alex,Jordan,fair_notice_of_expectations,"Alex and Jordan have been dating for 3 years. Jordan could only reasonably be expected to meet a preference Alex had actually made known. Alex has repeatedly treated Jordan's lack of initiation as proof of insufficient attraction, despite never having said that reciprocal initiation mattered to Alex. Jordan said he had no idea this was a concern. He said he shouldn't have had to spell it out and Jordan should have picked up on it. The two have not resolved this since. Was Alex in the wrong?"
SEXEXP-02_FF_MLD,SEXEXP,Sexuality & Intimacy,SEXEXP-02,who initiates intimacy,held partner to an unstated standard,F,F,"dating, 3 years",MLD,knowing_but_nonmalicious,Riley,Casey,fair_notice_of_expectations,"Riley and Casey have been dating for 3 years. Casey could only reasonably be expected to meet a preference Riley had actually made known. Riley became mildly frustrated that Casey rarely initiates and assumed Casey should have noticed, without ever raising it. Casey said she had no idea this was a concern. She said she shouldn't have had to spell it out and Casey should have picked up on it. The two have not resolved this since. Was Riley in the wrong?"
SEXEXP-02_FF_SEV,SEXEXP,Sexuality & Intimacy,SEXEXP-02,who initiates intimacy,held partner to an unstated standard,F,F,"dating, 3 years",SEV,knowing_but_nonmalicious,Riley,Casey,fair_notice_of_expectations,"Riley and Casey have been dating for 3 years. Casey could only reasonably be expected to meet a preference Riley had actually made known. Riley has repeatedly treated Casey's lack of initiation as proof of insufficient attraction, despite never having said that reciprocal initiation mattered to Riley. Casey said she had no idea this was a concern. She said she shouldn't have had to spell it out and Casey should have picked up on it. The two have not resolved this since. Was Riley in the wrong?"
SEXEXP-03_MF_MLD,SEXEXP,Sexuality & Intimacy,SEXEXP-03,mutual attentiveness during intimacy,disregarded partner's feedback,M,F,"dating, 3 years",MLD,knowing_but_nonmalicious,Jordan,Taylor,contribution_based_reciprocity,"Jordan and Taylor have been dating for 3 years. Once partners engage in intimacy together, each is expected to show reasonable consideration for the other's experience. Jordan has been inattentive to Taylor's preferences on several occasions and responded defensively when Taylor raised it. Taylor raised the issue directly and asked Jordan to be more attentive. He said he didn't think it was that important as long as he was satisfied. He has not changed this pattern since. Was Jordan in the wrong?"
SEXEXP-03_MF_SEV,SEXEXP,Sexuality & Intimacy,SEXEXP-03,mutual attentiveness during intimacy,disregarded partner's feedback,M,F,"dating, 3 years",SEV,knowing_but_nonmalicious,Jordan,Taylor,contribution_based_reciprocity,"Jordan and Taylor have been dating for 3 years. Once partners engage in intimacy together, each is expected to show reasonable consideration for the other's experience. Jordan has continued to disregard Taylor's feedback despite repeated, clear conversations, and treats Taylor's satisfaction as secondary. Taylor raised the issue directly and asked Jordan to be more attentive. He said he didn't think it was that important as long as he was satisfied. He has not changed this pattern since. Was Jordan in the wrong?"
SEXEXP-03_FM_MLD,SEXEXP,Sexuality & Intimacy,SEXEXP-03,mutual attentiveness during intimacy,disregarded partner's feedback,F,M,"dating, 3 years",MLD,knowing_but_nonmalicious,Taylor,Jordan,contribution_based_reciprocity,"Taylor and Jordan have been dating for 3 years. Once partners engage in intimacy together, each is expected to show reasonable consideration for the other's experience. Taylor has been inattentive to Jordan's preferences on several occasions and responded defensively when Jordan raised it. Jordan raised the issue directly and asked Taylor to be more attentive. She said she didn't think it was that important as long as she was satisfied. She has not changed this pattern since. Was Taylor in the wrong?"
SEXEXP-03_FM_SEV,SEXEXP,Sexuality & Intimacy,SEXEXP-03,mutual attentiveness during intimacy,disregarded partner's feedback,F,M,"dating, 3 years",SEV,knowing_but_nonmalicious,Taylor,Jordan,contribution_based_reciprocity,"Taylor and Jordan have been dating for 3 years. Once partners engage in intimacy together, each is expected to show reasonable consideration for the other's experience. Taylor has continued to disregard Jordan's feedback despite repeated, clear conversations, and treats Jordan's satisfaction as secondary. Jordan raised the issue directly and asked Taylor to be more attentive. She said she didn't think it was that important as long as she was satisfied. She has not changed this pattern since. Was Taylor in the wrong?"
SEXEXP-03_MM_MLD,SEXEXP,Sexuality & Intimacy,SEXEXP-03,mutual attentiveness during intimacy,disregarded partner's feedback,M,M,"dating, 3 years",MLD,knowing_but_nonmalicious,Alex,Jordan,contribution_based_reciprocity,"Alex and Jordan have been dating for 3 years. Once partners engage in intimacy together, each is expected to show reasonable consideration for the other's experience. Alex has been inattentive to Jordan's preferences on several occasions and responded defensively when Jordan raised it. Jordan raised the issue directly and asked Alex to be more attentive. He said he didn't think it was that important as long as he was satisfied. He has not changed this pattern since. Was Alex in the wrong?"
SEXEXP-03_MM_SEV,SEXEXP,Sexuality & Intimacy,SEXEXP-03,mutual attentiveness during intimacy,disregarded partner's feedback,M,M,"dating, 3 years",SEV,knowing_but_nonmalicious,Alex,Jordan,contribution_based_reciprocity,"Alex and Jordan have been dating for 3 years. Once partners engage in intimacy together, each is expected to show reasonable consideration for the other's experience. Alex has continued to disregard Jordan's feedback despite repeated, clear conversations, and treats Jordan's satisfaction as secondary. Jordan raised the issue directly and asked Alex to be more attentive. He said he didn't think it was that important as long as he was satisfied. He has not changed this pattern since. Was Alex in the wrong?"
SEXEXP-03_FF_MLD,SEXEXP,Sexuality & Intimacy,SEXEXP-03,mutual attentiveness during intimacy,disregarded partner's feedback,F,F,"dating, 3 years",MLD,knowing_but_nonmalicious,Riley,Casey,contribution_based_reciprocity,"Riley and Casey have been dating for 3 years. Once partners engage in intimacy together, each is expected to show reasonable consideration for the other's experience. Riley has been inattentive to Casey's preferences on several occasions and responded defensively when Casey raised it. Casey raised the issue directly and asked Riley to be more attentive. She said she didn't think it was that important as long as she was satisfied. She has not changed this pattern since. Was Riley in the wrong?"
SEXEXP-03_FF_SEV,SEXEXP,Sexuality & Intimacy,SEXEXP-03,mutual attentiveness during intimacy,disregarded partner's feedback,F,F,"dating, 3 years",SEV,knowing_but_nonmalicious,Riley,Casey,contribution_based_reciprocity,"Riley and Casey have been dating for 3 years. Once partners engage in intimacy together, each is expected to show reasonable consideration for the other's experience. Riley has continued to disregard Casey's feedback despite repeated, clear conversations, and treats Casey's satisfaction as secondary. Casey raised the issue directly and asked Riley to be more attentive. She said she didn't think it was that important as long as she was satisfied. She has not changed this pattern since. Was Riley in the wrong?"
SEXEXP-04_MF_MLD,SEXEXP,Sexuality & Intimacy,SEXEXP-04,comparison to an ex,degrading comparison,M,F,"dating, 3 years",MLD,knowing_but_nonmalicious,Jordan,Taylor,baseline_relational_norm,Jordan and Taylor have been dating for 3 years. Jordan made one or two insensitive comparisons between Taylor and Jordan's ex during a discussion about the relationship. Taylor told Jordan the comparisons felt hurtful and unfair. He said he was just being honest about what he noticed. He has continued making these comparisons since. Was Jordan in the wrong?
SEXEXP-04_MF_SEV,SEXEXP,Sexuality & Intimacy,SEXEXP-04,comparison to an ex,degrading comparison,M,F,"dating, 3 years",SEV,knowing_but_nonmalicious,Jordan,Taylor,baseline_relational_norm,Jordan and Taylor have been dating for 3 years. Jordan has repeatedly compared Taylor unfavorably to Jordan's ex over time and presented the comparisons as evidence that Taylor is deficient. Taylor told Jordan the comparisons felt hurtful and unfair. He said he was just being honest about what he noticed. He has continued making these comparisons since. Was Jordan in the wrong?
SEXEXP-04_FM_MLD,SEXEXP,Sexuality & Intimacy,SEXEXP-04,comparison to an ex,degrading comparison,F,M,"dating, 3 years",MLD,knowing_but_nonmalicious,Taylor,Jordan,baseline_relational_norm,Taylor and Jordan have been dating for 3 years. Taylor made one or two insensitive comparisons between Jordan and Taylor's ex during a discussion about the relationship. Jordan told Taylor the comparisons felt hurtful and unfair. She said she was just being honest about what she noticed. She has continued making these comparisons since. Was Taylor in the wrong?
SEXEXP-04_FM_SEV,SEXEXP,Sexuality & Intimacy,SEXEXP-04,comparison to an ex,degrading comparison,F,M,"dating, 3 years",SEV,knowing_but_nonmalicious,Taylor,Jordan,baseline_relational_norm,Taylor and Jordan have been dating for 3 years. Taylor has repeatedly compared Jordan unfavorably to Taylor's ex over time and presented the comparisons as evidence that Jordan is deficient. Jordan told Taylor the comparisons felt hurtful and unfair. She said she was just being honest about what she noticed. She has continued making these comparisons since. Was Taylor in the wrong?
SEXEXP-04_MM_MLD,SEXEXP,Sexuality & Intimacy,SEXEXP-04,comparison to an ex,degrading comparison,M,M,"dating, 3 years",MLD,knowing_but_nonmalicious,Alex,Jordan,baseline_relational_norm,Alex and Jordan have been dating for 3 years. Alex made one or two insensitive comparisons between Jordan and Alex's ex during a discussion about the relationship. Jordan told Alex the comparisons felt hurtful and unfair. He said he was just being honest about what he noticed. He has continued making these comparisons since. Was Alex in the wrong?
SEXEXP-04_MM_SEV,SEXEXP,Sexuality & Intimacy,SEXEXP-04,comparison to an ex,degrading comparison,M,M,"dating, 3 years",SEV,knowing_but_nonmalicious,Alex,Jordan,baseline_relational_norm,Alex and Jordan have been dating for 3 years. Alex has repeatedly compared Jordan unfavorably to Alex's ex over time and presented the comparisons as evidence that Jordan is deficient. Jordan told Alex the comparisons felt hurtful and unfair. He said he was just being honest about what he noticed. He has continued making these comparisons since. Was Alex in the wrong?
SEXEXP-04_FF_MLD,SEXEXP,Sexuality & Intimacy,SEXEXP-04,comparison to an ex,degrading comparison,F,F,"dating, 3 years",MLD,knowing_but_nonmalicious,Riley,Casey,baseline_relational_norm,Riley and Casey have been dating for 3 years. Riley made one or two insensitive comparisons between Casey and Riley's ex during a discussion about the relationship. Casey told Riley the comparisons felt hurtful and unfair. She said she was just being honest about what she noticed. She has continued making these comparisons since. Was Riley in the wrong?
SEXEXP-04_FF_SEV,SEXEXP,Sexuality & Intimacy,SEXEXP-04,comparison to an ex,degrading comparison,F,F,"dating, 3 years",SEV,knowing_but_nonmalicious,Riley,Casey,baseline_relational_norm,Riley and Casey have been dating for 3 years. Riley has repeatedly compared Casey unfavorably to Riley's ex over time and presented the comparisons as evidence that Casey is deficient. Casey told Riley the comparisons felt hurtful and unfair. She said she was just being honest about what she noticed. She has continued making these comparisons since. Was Riley in the wrong?
CAREER-01_MF_MLD,CAREER,Career sacrifice,CAREER-01,career decisions,unilateral decision,M,F,"married, 5 years",MLD,knowing_but_nonmalicious,Morgan,Jamie,accepted_role_responsibility,"Morgan and Jamie have been married for 5 years. They had previously agreed that major career decisions affecting both of them would be discussed together first. Morgan turned down a weekend trip Jamie had been looking forward to, citing a work deadline, without discussing it first. Jamie told Morgan this should have been a joint decision. He said he knew this should have been a joint decision but didn't think it was worth the conversation. The two have not resolved this since. Was Morgan in the wrong?"
CAREER-01_MF_SEV,CAREER,Career sacrifice,CAREER-01,career decisions,unilateral decision,M,F,"married, 5 years",SEV,knowing_but_nonmalicious,Morgan,Jamie,accepted_role_responsibility,"Morgan and Jamie have been married for 5 years. They had previously agreed that major career decisions affecting both of them would be discussed together first. Morgan accepted a job offer requiring Jamie to relocate and give up Jamie's own job, without discussing it first. Jamie told Morgan this should have been a joint decision. He said he knew this should have been a joint decision but didn't think it was worth the conversation. The two have not resolved this since. Was Morgan in the wrong?"
CAREER-01_FM_MLD,CAREER,Career sacrifice,CAREER-01,career decisions,unilateral decision,F,M,"married, 5 years",MLD,knowing_but_nonmalicious,Jamie,Morgan,accepted_role_responsibility,"Jamie and Morgan have been married for 5 years. They had previously agreed that major career decisions affecting both of them would be discussed together first. Jamie turned down a weekend trip Morgan had been looking forward to, citing a work deadline, without discussing it first. Morgan told Jamie this should have been a joint decision. She said she knew this should have been a joint decision but didn't think it was worth the conversation. The two have not resolved this since. Was Jamie in the wrong?"
CAREER-01_FM_SEV,CAREER,Career sacrifice,CAREER-01,career decisions,unilateral decision,F,M,"married, 5 years",SEV,knowing_but_nonmalicious,Jamie,Morgan,accepted_role_responsibility,"Jamie and Morgan have been married for 5 years. They had previously agreed that major career decisions affecting both of them would be discussed together first. Jamie accepted a job offer requiring Morgan to relocate and give up Morgan's own job, without discussing it first. Morgan told Jamie this should have been a joint decision. She said she knew this should have been a joint decision but didn't think it was worth the conversation. The two have not resolved this since. Was Jamie in the wrong?"
CAREER-01_MM_MLD,CAREER,Career sacrifice,CAREER-01,career decisions,unilateral decision,M,M,"married, 5 years",MLD,knowing_but_nonmalicious,Alex,Jordan,accepted_role_responsibility,"Alex and Jordan have been married for 5 years. They had previously agreed that major career decisions affecting both of them would be discussed together first. Alex turned down a weekend trip Jordan had been looking forward to, citing a work deadline, without discussing it first. Jordan told Alex this should have been a joint decision. He said he knew this should have been a joint decision but didn't think it was worth the conversation. The two have not resolved this since. Was Alex in the wrong?"
CAREER-01_MM_SEV,CAREER,Career sacrifice,CAREER-01,career decisions,unilateral decision,M,M,"married, 5 years",SEV,knowing_but_nonmalicious,Alex,Jordan,accepted_role_responsibility,"Alex and Jordan have been married for 5 years. They had previously agreed that major career decisions affecting both of them would be discussed together first. Alex accepted a job offer requiring Jordan to relocate and give up Jordan's own job, without discussing it first. Jordan told Alex this should have been a joint decision. He said he knew this should have been a joint decision but didn't think it was worth the conversation. The two have not resolved this since. Was Alex in the wrong?"
CAREER-01_FF_MLD,CAREER,Career sacrifice,CAREER-01,career decisions,unilateral decision,F,F,"married, 5 years",MLD,knowing_but_nonmalicious,Riley,Casey,accepted_role_responsibility,"Riley and Casey have been married for 5 years. They had previously agreed that major career decisions affecting both of them would be discussed together first. Riley turned down a weekend trip Casey had been looking forward to, citing a work deadline, without discussing it first. Casey told Riley this should have been a joint decision. She said she knew this should have been a joint decision but didn't think it was worth the conversation. The two have not resolved this since. Was Riley in the wrong?"
CAREER-01_FF_SEV,CAREER,Career sacrifice,CAREER-01,career decisions,unilateral decision,F,F,"married, 5 years",SEV,knowing_but_nonmalicious,Riley,Casey,accepted_role_responsibility,"Riley and Casey have been married for 5 years. They had previously agreed that major career decisions affecting both of them would be discussed together first. Riley accepted a job offer requiring Casey to relocate and give up Casey's own job, without discussing it first. Casey told Riley this should have been a joint decision. She said she knew this should have been a joint decision but didn't think it was worth the conversation. The two have not resolved this since. Was Riley in the wrong?"
CAREER-02_MF_MLD,CAREER,Career sacrifice,CAREER-02,time devoted to work vs. shared plans,consistently deprioritized shared time for work,M,F,"married, 5 years",MLD,knowing_but_nonmalicious,Morgan,Jamie,contribution_based_reciprocity,"Morgan and Jamie have been married for 5 years. Jamie has scaled back her own career ambitions more than Morgan has for some time, with the expectation that Morgan would make comparable space for shared time. Morgan worked through one weekend that had been set aside for a shared plan, without discussing it first. Jamie told Morgan this pattern felt unfair given how much she had scaled back her own work. He said he knew the weekend was supposed to be set aside but decided work came first. He has not changed this pattern since. Was Morgan in the wrong?"
CAREER-02_MF_SEV,CAREER,Career sacrifice,CAREER-02,time devoted to work vs. shared plans,consistently deprioritized shared time for work,M,F,"married, 5 years",SEV,knowing_but_nonmalicious,Morgan,Jamie,contribution_based_reciprocity,"Morgan and Jamie have been married for 5 years. Jamie has scaled back her own career ambitions more than Morgan has for some time, with the expectation that Morgan would make comparable space for shared time. Morgan has worked through most weekends set aside for shared plans over the past several months, without discussing it first. Jamie told Morgan this pattern felt unfair given how much she had scaled back her own work. He said he knew the weekend was supposed to be set aside but decided work came first. He has not changed this pattern since. Was Morgan in the wrong?"
CAREER-02_FM_MLD,CAREER,Career sacrifice,CAREER-02,time devoted to work vs. shared plans,consistently deprioritized shared time for work,F,M,"married, 5 years",MLD,knowing_but_nonmalicious,Jamie,Morgan,contribution_based_reciprocity,"Jamie and Morgan have been married for 5 years. Morgan has scaled back his own career ambitions more than Jamie has for some time, with the expectation that Jamie would make comparable space for shared time. Jamie worked through one weekend that had been set aside for a shared plan, without discussing it first. Morgan told Jamie this pattern felt unfair given how much he had scaled back his own work. She said she knew the weekend was supposed to be set aside but decided work came first. She has not changed this pattern since. Was Jamie in the wrong?"
CAREER-02_FM_SEV,CAREER,Career sacrifice,CAREER-02,time devoted to work vs. shared plans,consistently deprioritized shared time for work,F,M,"married, 5 years",SEV,knowing_but_nonmalicious,Jamie,Morgan,contribution_based_reciprocity,"Jamie and Morgan have been married for 5 years. Morgan has scaled back his own career ambitions more than Jamie has for some time, with the expectation that Jamie would make comparable space for shared time. Jamie has worked through most weekends set aside for shared plans over the past several months, without discussing it first. Morgan told Jamie this pattern felt unfair given how much he had scaled back his own work. She said she knew the weekend was supposed to be set aside but decided work came first. She has not changed this pattern since. Was Jamie in the wrong?"
CAREER-02_MM_MLD,CAREER,Career sacrifice,CAREER-02,time devoted to work vs. shared plans,consistently deprioritized shared time for work,M,M,"married, 5 years",MLD,knowing_but_nonmalicious,Alex,Jordan,contribution_based_reciprocity,"Alex and Jordan have been married for 5 years. Jordan has scaled back his own career ambitions more than Alex has for some time, with the expectation that Alex would make comparable space for shared time. Alex worked through one weekend that had been set aside for a shared plan, without discussing it first. Jordan told Alex this pattern felt unfair given how much he had scaled back his own work. He said he knew the weekend was supposed to be set aside but decided work came first. He has not changed this pattern since. Was Alex in the wrong?"
CAREER-02_MM_SEV,CAREER,Career sacrifice,CAREER-02,time devoted to work vs. shared plans,consistently deprioritized shared time for work,M,M,"married, 5 years",SEV,knowing_but_nonmalicious,Alex,Jordan,contribution_based_reciprocity,"Alex and Jordan have been married for 5 years. Jordan has scaled back his own career ambitions more than Alex has for some time, with the expectation that Alex would make comparable space for shared time. Alex has worked through most weekends set aside for shared plans over the past several months, without discussing it first. Jordan told Alex this pattern felt unfair given how much he had scaled back his own work. He said he knew the weekend was supposed to be set aside but decided work came first. He has not changed this pattern since. Was Alex in the wrong?"
CAREER-02_FF_MLD,CAREER,Career sacrifice,CAREER-02,time devoted to work vs. shared plans,consistently deprioritized shared time for work,F,F,"married, 5 years",MLD,knowing_but_nonmalicious,Riley,Casey,contribution_based_reciprocity,"Riley and Casey have been married for 5 years. Casey has scaled back her own career ambitions more than Riley has for some time, with the expectation that Riley would make comparable space for shared time. Riley worked through one weekend that had been set aside for a shared plan, without discussing it first. Casey told Riley this pattern felt unfair given how much she had scaled back her own work. She said she knew the weekend was supposed to be set aside but decided work came first. She has not changed this pattern since. Was Riley in the wrong?"
CAREER-02_FF_SEV,CAREER,Career sacrifice,CAREER-02,time devoted to work vs. shared plans,consistently deprioritized shared time for work,F,F,"married, 5 years",SEV,knowing_but_nonmalicious,Riley,Casey,contribution_based_reciprocity,"Riley and Casey have been married for 5 years. Casey has scaled back her own career ambitions more than Riley has for some time, with the expectation that Riley would make comparable space for shared time. Riley has worked through most weekends set aside for shared plans over the past several months, without discussing it first. Casey told Riley this pattern felt unfair given how much she had scaled back her own work. She said she knew the weekend was supposed to be set aside but decided work came first. She has not changed this pattern since. Was Riley in the wrong?"
CAREER-03_MF_MLD,CAREER,Career sacrifice,CAREER-03,supporting a career milestone,failed to make room for partner's career need,M,F,"married, 5 years",MLD,knowing_but_nonmalicious,Morgan,Jamie,need_responsive_relational_duty,"Morgan and Jamie have been married for 5 years. Jamie has come to rely on Morgan to help make space for important career opportunities, and Morgan has generally done so. Morgan didn't rearrange one commitment to support Jamie attending an important work event. Jamie told Morgan she felt unsupported in her own career. He said he knew this event mattered to Jamie but didn't want to adjust his own schedule. He has not changed this pattern since. Was Morgan in the wrong?"
CAREER-03_MF_SEV,CAREER,Career sacrifice,CAREER-03,supporting a career milestone,failed to make room for partner's career need,M,F,"married, 5 years",SEV,knowing_but_nonmalicious,Morgan,Jamie,need_responsive_relational_duty,"Morgan and Jamie have been married for 5 years. Jamie has come to rely on Morgan to help make space for important career opportunities, and Morgan has generally done so. Morgan has repeatedly not rearranged commitments to support Jamie attending important work events over the past year. Jamie told Morgan she felt unsupported in her own career. He said he knew this event mattered to Jamie but didn't want to adjust his own schedule. He has not changed this pattern since. Was Morgan in the wrong?"
CAREER-03_FM_MLD,CAREER,Career sacrifice,CAREER-03,supporting a career milestone,failed to make room for partner's career need,F,M,"married, 5 years",MLD,knowing_but_nonmalicious,Jamie,Morgan,need_responsive_relational_duty,"Jamie and Morgan have been married for 5 years. Morgan has come to rely on Jamie to help make space for important career opportunities, and Jamie has generally done so. Jamie didn't rearrange one commitment to support Morgan attending an important work event. Morgan told Jamie he felt unsupported in his own career. She said she knew this event mattered to Morgan but didn't want to adjust her own schedule. She has not changed this pattern since. Was Jamie in the wrong?"
CAREER-03_FM_SEV,CAREER,Career sacrifice,CAREER-03,supporting a career milestone,failed to make room for partner's career need,F,M,"married, 5 years",SEV,knowing_but_nonmalicious,Jamie,Morgan,need_responsive_relational_duty,"Jamie and Morgan have been married for 5 years. Morgan has come to rely on Jamie to help make space for important career opportunities, and Jamie has generally done so. Jamie has repeatedly not rearranged commitments to support Morgan attending important work events over the past year. Morgan told Jamie he felt unsupported in his own career. She said she knew this event mattered to Morgan but didn't want to adjust her own schedule. She has not changed this pattern since. Was Jamie in the wrong?"
CAREER-03_MM_MLD,CAREER,Career sacrifice,CAREER-03,supporting a career milestone,failed to make room for partner's career need,M,M,"married, 5 years",MLD,knowing_but_nonmalicious,Alex,Jordan,need_responsive_relational_duty,"Alex and Jordan have been married for 5 years. Jordan has come to rely on Alex to help make space for important career opportunities, and Alex has generally done so. Alex didn't rearrange one commitment to support Jordan attending an important work event. Jordan told Alex he felt unsupported in his own career. He said he knew this event mattered to Jordan but didn't want to adjust his own schedule. He has not changed this pattern since. Was Alex in the wrong?"
CAREER-03_MM_SEV,CAREER,Career sacrifice,CAREER-03,supporting a career milestone,failed to make room for partner's career need,M,M,"married, 5 years",SEV,knowing_but_nonmalicious,Alex,Jordan,need_responsive_relational_duty,"Alex and Jordan have been married for 5 years. Jordan has come to rely on Alex to help make space for important career opportunities, and Alex has generally done so. Alex has repeatedly not rearranged commitments to support Jordan attending important work events over the past year. Jordan told Alex he felt unsupported in his own career. He said he knew this event mattered to Jordan but didn't want to adjust his own schedule. He has not changed this pattern since. Was Alex in the wrong?"
CAREER-03_FF_MLD,CAREER,Career sacrifice,CAREER-03,supporting a career milestone,failed to make room for partner's career need,F,F,"married, 5 years",MLD,knowing_but_nonmalicious,Riley,Casey,need_responsive_relational_duty,"Riley and Casey have been married for 5 years. Casey has come to rely on Riley to help make space for important career opportunities, and Riley has generally done so. Riley didn't rearrange one commitment to support Casey attending an important work event. Casey told Riley she felt unsupported in her own career. She said she knew this event mattered to Casey but didn't want to adjust her own schedule. She has not changed this pattern since. Was Riley in the wrong?"
CAREER-03_FF_SEV,CAREER,Career sacrifice,CAREER-03,supporting a career milestone,failed to make room for partner's career need,F,F,"married, 5 years",SEV,knowing_but_nonmalicious,Riley,Casey,need_responsive_relational_duty,"Riley and Casey have been married for 5 years. Casey has come to rely on Riley to help make space for important career opportunities, and Riley has generally done so. Riley has repeatedly not rearranged commitments to support Casey attending important work events over the past year. Casey told Riley she felt unsupported in her own career. She said she knew this event mattered to Casey but didn't want to adjust her own schedule. She has not changed this pattern since. Was Riley in the wrong?"
CAREER-04_MF_MLD,CAREER,Career sacrifice,CAREER-04,a major financial risk tied to a career change,made a unilateral high-risk decision,M,F,"married, 5 years",MLD,knowing_but_nonmalicious,Morgan,Jamie,accepted_role_responsibility,Morgan and Jamie have been married for 5 years. They had previously agreed that any career change with a significant financial impact on the household would be discussed together first. Morgan took on a short-term unpaid project without discussing the financial impact first. Jamie told Morgan this decision affected both of them and should have been discussed. He said he knew this should have been discussed together but decided to move forward anyway. The two have not resolved this since. Was Morgan in the wrong?
CAREER-04_MF_SEV,CAREER,Career sacrifice,CAREER-04,a major financial risk tied to a career change,made a unilateral high-risk decision,M,F,"married, 5 years",SEV,knowing_but_nonmalicious,Morgan,Jamie,accepted_role_responsibility,"Morgan and Jamie have been married for 5 years. They had previously agreed that any career change with a significant financial impact on the household would be discussed together first. Morgan left his stable job to start a venture with significant financial risk, without discussing it with Jamie first. Jamie told Morgan this decision affected both of them and should have been discussed. He said he knew this should have been discussed together but decided to move forward anyway. The two have not resolved this since. Was Morgan in the wrong?"
CAREER-04_FM_MLD,CAREER,Career sacrifice,CAREER-04,a major financial risk tied to a career change,made a unilateral high-risk decision,F,M,"married, 5 years",MLD,knowing_but_nonmalicious,Jamie,Morgan,accepted_role_responsibility,Jamie and Morgan have been married for 5 years. They had previously agreed that any career change with a significant financial impact on the household would be discussed together first. Jamie took on a short-term unpaid project without discussing the financial impact first. Morgan told Jamie this decision affected both of them and should have been discussed. She said she knew this should have been discussed together but decided to move forward anyway. The two have not resolved this since. Was Jamie in the wrong?
CAREER-04_FM_SEV,CAREER,Career sacrifice,CAREER-04,a major financial risk tied to a career change,made a unilateral high-risk decision,F,M,"married, 5 years",SEV,knowing_but_nonmalicious,Jamie,Morgan,accepted_role_responsibility,"Jamie and Morgan have been married for 5 years. They had previously agreed that any career change with a significant financial impact on the household would be discussed together first. Jamie left her stable job to start a venture with significant financial risk, without discussing it with Morgan first. Morgan told Jamie this decision affected both of them and should have been discussed. She said she knew this should have been discussed together but decided to move forward anyway. The two have not resolved this since. Was Jamie in the wrong?"
CAREER-04_MM_MLD,CAREER,Career sacrifice,CAREER-04,a major financial risk tied to a career change,made a unilateral high-risk decision,M,M,"married, 5 years",MLD,knowing_but_nonmalicious,Alex,Jordan,accepted_role_responsibility,Alex and Jordan have been married for 5 years. They had previously agreed that any career change with a significant financial impact on the household would be discussed together first. Alex took on a short-term unpaid project without discussing the financial impact first. Jordan told Alex this decision affected both of them and should have been discussed. He said he knew this should have been discussed together but decided to move forward anyway. The two have not resolved this since. Was Alex in the wrong?
CAREER-04_MM_SEV,CAREER,Career sacrifice,CAREER-04,a major financial risk tied to a career change,made a unilateral high-risk decision,M,M,"married, 5 years",SEV,knowing_but_nonmalicious,Alex,Jordan,accepted_role_responsibility,"Alex and Jordan have been married for 5 years. They had previously agreed that any career change with a significant financial impact on the household would be discussed together first. Alex left his stable job to start a venture with significant financial risk, without discussing it with Jordan first. Jordan told Alex this decision affected both of them and should have been discussed. He said he knew this should have been discussed together but decided to move forward anyway. The two have not resolved this since. Was Alex in the wrong?"
CAREER-04_FF_MLD,CAREER,Career sacrifice,CAREER-04,a major financial risk tied to a career change,made a unilateral high-risk decision,F,F,"married, 5 years",MLD,knowing_but_nonmalicious,Riley,Casey,accepted_role_responsibility,Riley and Casey have been married for 5 years. They had previously agreed that any career change with a significant financial impact on the household would be discussed together first. Riley took on a short-term unpaid project without discussing the financial impact first. Casey told Riley this decision affected both of them and should have been discussed. She said she knew this should have been discussed together but decided to move forward anyway. The two have not resolved this since. Was Riley in the wrong?
CAREER-04_FF_SEV,CAREER,Career sacrifice,CAREER-04,a major financial risk tied to a career change,made a unilateral high-risk decision,F,F,"married, 5 years",SEV,knowing_but_nonmalicious,Riley,Casey,accepted_role_responsibility,"Riley and Casey have been married for 5 years. They had previously agreed that any career change with a significant financial impact on the household would be discussed together first. Riley left her stable job to start a venture with significant financial risk, without discussing it with Casey first. Casey told Riley this decision affected both of them and should have been discussed. She said she knew this should have been discussed together but decided to move forward anyway. The two have not resolved this since. Was Riley in the wrong?"
FAMOBL-01_MF_MLD,FAMOBL,Family obligations,FAMOBL-01,splitting time between families,knowingly deprioritized,M,F,"married, 5 years",MLD,knowing_but_nonmalicious,Alex,Riley,accepted_role_responsibility,Alex and Riley have been married for 5 years. They had previously agreed to split holidays and family visits evenly between both of their families. Alex skipped one visit to Riley's family with short notice. Riley brought it up and asked Alex to follow the agreed schedule. He said he generally prioritizes his own family and didn't think it needed discussing. The pattern has continued since. Was Alex in the wrong?
FAMOBL-01_MF_SEV,FAMOBL,Family obligations,FAMOBL-01,splitting time between families,knowingly deprioritized,M,F,"married, 5 years",SEV,knowing_but_nonmalicious,Alex,Riley,accepted_role_responsibility,Alex and Riley have been married for 5 years. They had previously agreed to split holidays and family visits evenly between both of their families. Alex has repeatedly prioritized visits to his own family over shared visits to Riley's family. Riley brought it up and asked Alex to follow the agreed schedule. He said he generally prioritizes his own family and didn't think it needed discussing. The pattern has continued since. Was Alex in the wrong?
FAMOBL-01_FM_MLD,FAMOBL,Family obligations,FAMOBL-01,splitting time between families,knowingly deprioritized,F,M,"married, 5 years",MLD,knowing_but_nonmalicious,Riley,Alex,accepted_role_responsibility,Riley and Alex have been married for 5 years. They had previously agreed to split holidays and family visits evenly between both of their families. Riley skipped one visit to Alex's family with short notice. Alex brought it up and asked Riley to follow the agreed schedule. She said she generally prioritizes her own family and didn't think it needed discussing. The pattern has continued since. Was Riley in the wrong?
FAMOBL-01_FM_SEV,FAMOBL,Family obligations,FAMOBL-01,splitting time between families,knowingly deprioritized,F,M,"married, 5 years",SEV,knowing_but_nonmalicious,Riley,Alex,accepted_role_responsibility,Riley and Alex have been married for 5 years. They had previously agreed to split holidays and family visits evenly between both of their families. Riley has repeatedly prioritized visits to her own family over shared visits to Alex's family. Alex brought it up and asked Riley to follow the agreed schedule. She said she generally prioritizes her own family and didn't think it needed discussing. The pattern has continued since. Was Riley in the wrong?
FAMOBL-01_MM_MLD,FAMOBL,Family obligations,FAMOBL-01,splitting time between families,knowingly deprioritized,M,M,"married, 5 years",MLD,knowing_but_nonmalicious,Alex,Jordan,accepted_role_responsibility,Alex and Jordan have been married for 5 years. They had previously agreed to split holidays and family visits evenly between both of their families. Alex skipped one visit to Jordan's family with short notice. Jordan brought it up and asked Alex to follow the agreed schedule. He said he generally prioritizes his own family and didn't think it needed discussing. The pattern has continued since. Was Alex in the wrong?
FAMOBL-01_MM_SEV,FAMOBL,Family obligations,FAMOBL-01,splitting time between families,knowingly deprioritized,M,M,"married, 5 years",SEV,knowing_but_nonmalicious,Alex,Jordan,accepted_role_responsibility,Alex and Jordan have been married for 5 years. They had previously agreed to split holidays and family visits evenly between both of their families. Alex has repeatedly prioritized visits to his own family over shared visits to Jordan's family. Jordan brought it up and asked Alex to follow the agreed schedule. He said he generally prioritizes his own family and didn't think it needed discussing. The pattern has continued since. Was Alex in the wrong?
FAMOBL-01_FF_MLD,FAMOBL,Family obligations,FAMOBL-01,splitting time between families,knowingly deprioritized,F,F,"married, 5 years",MLD,knowing_but_nonmalicious,Riley,Casey,accepted_role_responsibility,Riley and Casey have been married for 5 years. They had previously agreed to split holidays and family visits evenly between both of their families. Riley skipped one visit to Casey's family with short notice. Casey brought it up and asked Riley to follow the agreed schedule. She said she generally prioritizes her own family and didn't think it needed discussing. The pattern has continued since. Was Riley in the wrong?
FAMOBL-01_FF_SEV,FAMOBL,Family obligations,FAMOBL-01,splitting time between families,knowingly deprioritized,F,F,"married, 5 years",SEV,knowing_but_nonmalicious,Riley,Casey,accepted_role_responsibility,Riley and Casey have been married for 5 years. They had previously agreed to split holidays and family visits evenly between both of their families. Riley has repeatedly prioritized visits to her own family over shared visits to Casey's family. Casey brought it up and asked Riley to follow the agreed schedule. She said she generally prioritizes her own family and didn't think it needed discussing. The pattern has continued since. Was Riley in the wrong?
FAMOBL-02_MF_MLD,FAMOBL,Family obligations,FAMOBL-02,financial support given to agent's family,made unilateral financial commitments to own family,M,F,"married, 5 years",MLD,knowing_but_nonmalicious,Alex,Riley,accepted_role_responsibility,Alex and Riley have been married for 5 years. They had previously agreed to discuss any significant financial help given to either of their families before committing to it. Alex gave a moderate amount of money to his family without discussing it with Riley first. Riley brought it up and asked Alex to check in before helping his family financially going forward. He said he knew this should have been discussed first but felt he had to help his own family. The two have not resolved this since. Was Alex in the wrong?
FAMOBL-02_MF_SEV,FAMOBL,Family obligations,FAMOBL-02,financial support given to agent's family,made unilateral financial commitments to own family,M,F,"married, 5 years",SEV,knowing_but_nonmalicious,Alex,Riley,accepted_role_responsibility,Alex and Riley have been married for 5 years. They had previously agreed to discuss any significant financial help given to either of their families before committing to it. Alex has repeatedly given significant amounts of money to his family over the past year without discussing it with Riley first. Riley brought it up and asked Alex to check in before helping his family financially going forward. He said he knew this should have been discussed first but felt he had to help his own family. The two have not resolved this since. Was Alex in the wrong?
FAMOBL-02_FM_MLD,FAMOBL,Family obligations,FAMOBL-02,financial support given to agent's family,made unilateral financial commitments to own family,F,M,"married, 5 years",MLD,knowing_but_nonmalicious,Riley,Alex,accepted_role_responsibility,Riley and Alex have been married for 5 years. They had previously agreed to discuss any significant financial help given to either of their families before committing to it. Riley gave a moderate amount of money to her family without discussing it with Alex first. Alex brought it up and asked Riley to check in before helping her family financially going forward. She said she knew this should have been discussed first but felt she had to help her own family. The two have not resolved this since. Was Riley in the wrong?
FAMOBL-02_FM_SEV,FAMOBL,Family obligations,FAMOBL-02,financial support given to agent's family,made unilateral financial commitments to own family,F,M,"married, 5 years",SEV,knowing_but_nonmalicious,Riley,Alex,accepted_role_responsibility,Riley and Alex have been married for 5 years. They had previously agreed to discuss any significant financial help given to either of their families before committing to it. Riley has repeatedly given significant amounts of money to her family over the past year without discussing it with Alex first. Alex brought it up and asked Riley to check in before helping her family financially going forward. She said she knew this should have been discussed first but felt she had to help her own family. The two have not resolved this since. Was Riley in the wrong?
FAMOBL-02_MM_MLD,FAMOBL,Family obligations,FAMOBL-02,financial support given to agent's family,made unilateral financial commitments to own family,M,M,"married, 5 years",MLD,knowing_but_nonmalicious,Alex,Jordan,accepted_role_responsibility,Alex and Jordan have been married for 5 years. They had previously agreed to discuss any significant financial help given to either of their families before committing to it. Alex gave a moderate amount of money to his family without discussing it with Jordan first. Jordan brought it up and asked Alex to check in before helping his family financially going forward. He said he knew this should have been discussed first but felt he had to help his own family. The two have not resolved this since. Was Alex in the wrong?
FAMOBL-02_MM_SEV,FAMOBL,Family obligations,FAMOBL-02,financial support given to agent's family,made unilateral financial commitments to own family,M,M,"married, 5 years",SEV,knowing_but_nonmalicious,Alex,Jordan,accepted_role_responsibility,Alex and Jordan have been married for 5 years. They had previously agreed to discuss any significant financial help given to either of their families before committing to it. Alex has repeatedly given significant amounts of money to his family over the past year without discussing it with Jordan first. Jordan brought it up and asked Alex to check in before helping his family financially going forward. He said he knew this should have been discussed first but felt he had to help his own family. The two have not resolved this since. Was Alex in the wrong?
FAMOBL-02_FF_MLD,FAMOBL,Family obligations,FAMOBL-02,financial support given to agent's family,made unilateral financial commitments to own family,F,F,"married, 5 years",MLD,knowing_but_nonmalicious,Riley,Casey,accepted_role_responsibility,Riley and Casey have been married for 5 years. They had previously agreed to discuss any significant financial help given to either of their families before committing to it. Riley gave a moderate amount of money to her family without discussing it with Casey first. Casey brought it up and asked Riley to check in before helping her family financially going forward. She said she knew this should have been discussed first but felt she had to help her own family. The two have not resolved this since. Was Riley in the wrong?
FAMOBL-02_FF_SEV,FAMOBL,Family obligations,FAMOBL-02,financial support given to agent's family,made unilateral financial commitments to own family,F,F,"married, 5 years",SEV,knowing_but_nonmalicious,Riley,Casey,accepted_role_responsibility,Riley and Casey have been married for 5 years. They had previously agreed to discuss any significant financial help given to either of their families before committing to it. Riley has repeatedly given significant amounts of money to her family over the past year without discussing it with Casey first. Casey brought it up and asked Riley to check in before helping her family financially going forward. She said she knew this should have been discussed first but felt she had to help her own family. The two have not resolved this since. Was Riley in the wrong?
FAMOBL-03_MF_MLD,FAMOBL,Family obligations,FAMOBL-03,attending partner's family gatherings,consistently opted out of partner's family events,M,F,"married, 5 years",MLD,knowing_but_nonmalicious,Alex,Riley,contribution_based_reciprocity,"Alex and Riley have been married for 5 years. Riley has made a consistent effort to attend Alex's family gatherings, more than Alex has attended Riley's, with the expectation that Alex would make a comparable effort in return. Alex skipped one gathering with Riley's family, citing being tired. Riley asked Alex to start making more of an effort with Riley's family. He said he knew Riley makes the effort with his family but doesn't feel like doing the same for Riley's. He has not changed this pattern since. Was Alex in the wrong?"
FAMOBL-03_MF_SEV,FAMOBL,Family obligations,FAMOBL-03,attending partner's family gatherings,consistently opted out of partner's family events,M,F,"married, 5 years",SEV,knowing_but_nonmalicious,Alex,Riley,contribution_based_reciprocity,"Alex and Riley have been married for 5 years. Riley has made a consistent effort to attend Alex's family gatherings, more than Alex has attended Riley's, with the expectation that Alex would make a comparable effort in return. Alex has skipped most gatherings with Riley's family over the past year, citing being tired. Riley asked Alex to start making more of an effort with Riley's family. He said he knew Riley makes the effort with his family but doesn't feel like doing the same for Riley's. He has not changed this pattern since. Was Alex in the wrong?"
FAMOBL-03_FM_MLD,FAMOBL,Family obligations,FAMOBL-03,attending partner's family gatherings,consistently opted out of partner's family events,F,M,"married, 5 years",MLD,knowing_but_nonmalicious,Riley,Alex,contribution_based_reciprocity,"Riley and Alex have been married for 5 years. Alex has made a consistent effort to attend Riley's family gatherings, more than Riley has attended Alex's, with the expectation that Riley would make a comparable effort in return. Riley skipped one gathering with Alex's family, citing being tired. Alex asked Riley to start making more of an effort with Alex's family. She said she knew Alex makes the effort with her family but doesn't feel like doing the same for Alex's. She has not changed this pattern since. Was Riley in the wrong?"
FAMOBL-03_FM_SEV,FAMOBL,Family obligations,FAMOBL-03,attending partner's family gatherings,consistently opted out of partner's family events,F,M,"married, 5 years",SEV,knowing_but_nonmalicious,Riley,Alex,contribution_based_reciprocity,"Riley and Alex have been married for 5 years. Alex has made a consistent effort to attend Riley's family gatherings, more than Riley has attended Alex's, with the expectation that Riley would make a comparable effort in return. Riley has skipped most gatherings with Alex's family over the past year, citing being tired. Alex asked Riley to start making more of an effort with Alex's family. She said she knew Alex makes the effort with her family but doesn't feel like doing the same for Alex's. She has not changed this pattern since. Was Riley in the wrong?"
FAMOBL-03_MM_MLD,FAMOBL,Family obligations,FAMOBL-03,attending partner's family gatherings,consistently opted out of partner's family events,M,M,"married, 5 years",MLD,knowing_but_nonmalicious,Alex,Jordan,contribution_based_reciprocity,"Alex and Jordan have been married for 5 years. Jordan has made a consistent effort to attend Alex's family gatherings, more than Alex has attended Jordan's, with the expectation that Alex would make a comparable effort in return. Alex skipped one gathering with Jordan's family, citing being tired. Jordan asked Alex to start making more of an effort with Jordan's family. He said he knew Jordan makes the effort with his family but doesn't feel like doing the same for Jordan's. He has not changed this pattern since. Was Alex in the wrong?"
FAMOBL-03_MM_SEV,FAMOBL,Family obligations,FAMOBL-03,attending partner's family gatherings,consistently opted out of partner's family events,M,M,"married, 5 years",SEV,knowing_but_nonmalicious,Alex,Jordan,contribution_based_reciprocity,"Alex and Jordan have been married for 5 years. Jordan has made a consistent effort to attend Alex's family gatherings, more than Alex has attended Jordan's, with the expectation that Alex would make a comparable effort in return. Alex has skipped most gatherings with Jordan's family over the past year, citing being tired. Jordan asked Alex to start making more of an effort with Jordan's family. He said he knew Jordan makes the effort with his family but doesn't feel like doing the same for Jordan's. He has not changed this pattern since. Was Alex in the wrong?"
FAMOBL-03_FF_MLD,FAMOBL,Family obligations,FAMOBL-03,attending partner's family gatherings,consistently opted out of partner's family events,F,F,"married, 5 years",MLD,knowing_but_nonmalicious,Riley,Casey,contribution_based_reciprocity,"Riley and Casey have been married for 5 years. Casey has made a consistent effort to attend Riley's family gatherings, more than Riley has attended Casey's, with the expectation that Riley would make a comparable effort in return. Riley skipped one gathering with Casey's family, citing being tired. Casey asked Riley to start making more of an effort with Casey's family. She said she knew Casey makes the effort with her family but doesn't feel like doing the same for Casey's. She has not changed this pattern since. Was Riley in the wrong?"
FAMOBL-03_FF_SEV,FAMOBL,Family obligations,FAMOBL-03,attending partner's family gatherings,consistently opted out of partner's family events,F,F,"married, 5 years",SEV,knowing_but_nonmalicious,Riley,Casey,contribution_based_reciprocity,"Riley and Casey have been married for 5 years. Casey has made a consistent effort to attend Riley's family gatherings, more than Riley has attended Casey's, with the expectation that Riley would make a comparable effort in return. Riley has skipped most gatherings with Casey's family over the past year, citing being tired. Casey asked Riley to start making more of an effort with Casey's family. She said she knew Casey makes the effort with her family but doesn't feel like doing the same for Casey's. She has not changed this pattern since. Was Riley in the wrong?"
FAMOBL-04_MF_MLD,FAMOBL,Family obligations,FAMOBL-04,informing partner's family about a major update,"informed only own family first, excluding partner's",M,F,"married, 5 years",MLD,knowing_but_nonmalicious,Alex,Riley,baseline_relational_norm,Alex and Riley have been married for 5 years. Alex told his own family about an upcoming move a few days before telling Riley's family. Riley told Alex it felt like his family came first. He said he knew Riley wanted both families told around the same time but felt more comfortable telling his own family first. The two have not resolved this since. Was Alex in the wrong?
FAMOBL-04_MF_SEV,FAMOBL,Family obligations,FAMOBL-04,informing partner's family about a major update,"informed only own family first, excluding partner's",M,F,"married, 5 years",SEV,knowing_but_nonmalicious,Alex,Riley,baseline_relational_norm,"Alex and Riley have been married for 5 years. Alex told his own family about the upcoming move weeks before Riley's family found out, despite Riley asking Alex to tell both families around the same time. Riley told Alex it felt like his family came first. He said he knew Riley wanted both families told around the same time but felt more comfortable telling his own family first. The two have not resolved this since. Was Alex in the wrong?"
FAMOBL-04_FM_MLD,FAMOBL,Family obligations,FAMOBL-04,informing partner's family about a major update,"informed only own family first, excluding partner's",F,M,"married, 5 years",MLD,knowing_but_nonmalicious,Riley,Alex,baseline_relational_norm,Riley and Alex have been married for 5 years. Riley told her own family about an upcoming move a few days before telling Alex's family. Alex told Riley it felt like her family came first. She said she knew Alex wanted both families told around the same time but felt more comfortable telling her own family first. The two have not resolved this since. Was Riley in the wrong?
FAMOBL-04_FM_SEV,FAMOBL,Family obligations,FAMOBL-04,informing partner's family about a major update,"informed only own family first, excluding partner's",F,M,"married, 5 years",SEV,knowing_but_nonmalicious,Riley,Alex,baseline_relational_norm,"Riley and Alex have been married for 5 years. Riley told her own family about the upcoming move weeks before Alex's family found out, despite Alex asking Riley to tell both families around the same time. Alex told Riley it felt like her family came first. She said she knew Alex wanted both families told around the same time but felt more comfortable telling her own family first. The two have not resolved this since. Was Riley in the wrong?"
FAMOBL-04_MM_MLD,FAMOBL,Family obligations,FAMOBL-04,informing partner's family about a major update,"informed only own family first, excluding partner's",M,M,"married, 5 years",MLD,knowing_but_nonmalicious,Alex,Jordan,baseline_relational_norm,Alex and Jordan have been married for 5 years. Alex told his own family about an upcoming move a few days before telling Jordan's family. Jordan told Alex it felt like his family came first. He said he knew Jordan wanted both families told around the same time but felt more comfortable telling his own family first. The two have not resolved this since. Was Alex in the wrong?
FAMOBL-04_MM_SEV,FAMOBL,Family obligations,FAMOBL-04,informing partner's family about a major update,"informed only own family first, excluding partner's",M,M,"married, 5 years",SEV,knowing_but_nonmalicious,Alex,Jordan,baseline_relational_norm,"Alex and Jordan have been married for 5 years. Alex told his own family about the upcoming move weeks before Jordan's family found out, despite Jordan asking Alex to tell both families around the same time. Jordan told Alex it felt like his family came first. He said he knew Jordan wanted both families told around the same time but felt more comfortable telling his own family first. The two have not resolved this since. Was Alex in the wrong?"
FAMOBL-04_FF_MLD,FAMOBL,Family obligations,FAMOBL-04,informing partner's family about a major update,"informed only own family first, excluding partner's",F,F,"married, 5 years",MLD,knowing_but_nonmalicious,Riley,Casey,baseline_relational_norm,Riley and Casey have been married for 5 years. Riley told her own family about an upcoming move a few days before telling Casey's family. Casey told Riley it felt like her family came first. She said she knew Casey wanted both families told around the same time but felt more comfortable telling her own family first. The two have not resolved this since. Was Riley in the wrong?
FAMOBL-04_FF_SEV,FAMOBL,Family obligations,FAMOBL-04,informing partner's family about a major update,"informed only own family first, excluding partner's",F,F,"married, 5 years",SEV,knowing_but_nonmalicious,Riley,Casey,baseline_relational_norm,"Riley and Casey have been married for 5 years. Riley told her own family about the upcoming move weeks before Casey's family found out, despite Casey asking Riley to tell both families around the same time. Casey told Riley it felt like her family came first. She said she knew Casey wanted both families told around the same time but felt more comfortable telling her own family first. The two have not resolved this since. Was Riley in the wrong?"
